Timestamp,Type,Artifact,Details,Log ID
2025-11-25T15:28:13.257472Z,Rule Firing,SanDiskSecureAccessV2_win.exe,"Score: 95, Severity: critical, Rules: 1",09c8ee54a32b89e9
2025-11-25T15:28:13.259482Z,Rule Firing,حل أسئلة الدراسات الاجتماعية والوطنية 2م ف1 طالب.pdf,"Score: 95, Severity: critical, Rules: 1",84b8dcfa343a69c6
2025-11-25T15:28:13.265145Z,Rule Firing,حل أسئلة الدراسات الاجتماعية والوطنية 2م ف1 نشاط.pdf,"Score: 95, Severity: critical, Rules: 1",9b872aaba5915384
2025-11-25T15:28:13.266181Z,Rule Firing,بحث مادة التفسير.docx,"Score: 95, Severity: critical, Rules: 1",862526fdf849d81f
2025-11-25T15:28:13.267180Z,Rule Firing,{4944f5ac-fe92-4c3c-879b-cae84db01eec}.enc,"Score: 30, Severity: low, Rules: 1",c3a76df46f909adc
2025-11-25T15:28:13.267180Z,Rule Firing,المستوى الاحداثي.gif,"Score: 95, Severity: critical, Rules: 1",88e8478d88a35099
2025-11-25T15:28:13.268189Z,Rule Firing,This is NOT a virus (README).txt,"Score: 75, Severity: high, Rules: 1",c92737c36f9f23b0
2025-11-25T15:28:13.270648Z,Rule Firing,Icon.ico,"Score: 75, Severity: high, Rules: 1",49327bc29ea6a0b3
2025-11-25T15:28:13.271649Z,Rule Firing,desktop.ini,"Score: 75, Severity: high, Rules: 1",edda09f004b63e32
2025-11-25T15:28:13.274675Z,Rule Firing,Inkscape-0.92.1-1.exe,"Score: 95, Severity: critical, Rules: 1",8baf85d3030bd563
2025-11-25T15:28:13.276210Z,Rule Firing,Inkscape-0.92.1.msi,"Score: 95, Severity: critical, Rules: 1",abcc749d1c97bfa5
2025-11-25T15:28:13.277195Z,Rule Firing,InkscapePortable_0.92.1.paf.exe,"Score: 95, Severity: critical, Rules: 1",85c82953c6c83598
2025-11-25T15:28:13.277195Z,Rule Firing,Inkscape-0.92.1-x64-1.exe,"Score: 95, Severity: critical, Rules: 1",4dcd38842585dfbd
2025-11-25T15:28:13.278195Z,Rule Firing,Inkscape-0.92.1-x64.msi,"Score: 95, Severity: critical, Rules: 1",7985d5e4f9d909dc
2025-11-25T15:28:13.279195Z,Rule Firing,يومية العمال 2.xlsx,"Score: 95, Severity: critical, Rules: 1",929e1ec3c0c73bbf
2025-11-25T15:28:13.280196Z,Rule Firing,نص 7.txt,"Score: 95, Severity: critical, Rules: 1",588a3a4cd16b8c8d
2025-11-25T15:28:13.281703Z,Rule Firing,نص 8.txt,"Score: 95, Severity: critical, Rules: 1",d8dc7c32b7b3f752
2025-11-25T15:28:13.282716Z,Rule Firing,نص 9.txt,"Score: 95, Severity: critical, Rules: 1",7c17fcc851c39fee
2025-11-25T15:28:13.283730Z,Rule Firing,نص 10.txt,"Score: 95, Severity: critical, Rules: 1",e2c5fb9035c4d0cb
2025-11-25T15:28:13.283730Z,Rule Firing,نص 11.txt,"Score: 95, Severity: critical, Rules: 1",cec43c12cde11143
2025-11-25T15:28:13.286254Z,Rule Firing,نص 12.txt,"Score: 95, Severity: critical, Rules: 1",b9a14fffe96499c2
2025-11-25T15:28:13.287332Z,Rule Firing,نص 13.txt,"Score: 95, Severity: critical, Rules: 1",8e490a5ed15aa91d
2025-11-25T15:28:13.288291Z,Rule Firing,نص 14.txt,"Score: 95, Severity: critical, Rules: 1",94f41f6c314c8852
2025-11-25T15:28:13.289263Z,Rule Firing,نص 15.txt,"Score: 95, Severity: critical, Rules: 1",560c6738a2c21ae4
2025-11-25T15:28:13.290310Z,Rule Firing,نص 16.txt,"Score: 95, Severity: critical, Rules: 1",6b875a176cf90d8b
2025-11-25T15:28:13.290310Z,Rule Firing,نص 17.txt,"Score: 95, Severity: critical, Rules: 1",845379151922df41
2025-11-25T15:28:13.291261Z,Rule Firing,نص 18.txt,"Score: 95, Severity: critical, Rules: 1",60c6acb3f612a2ba
2025-11-25T15:28:13.292271Z,Rule Firing,نص 19.txt,"Score: 95, Severity: critical, Rules: 1",c624df3805d8d3fc
2025-11-25T15:28:13.292271Z,Rule Firing,نص 20.txt,"Score: 95, Severity: critical, Rules: 1",e953b6a21eb7c3af
2025-11-25T15:28:13.293260Z,Rule Firing,نص 21.txt,"Score: 95, Severity: critical, Rules: 1",626e7cd9177c64f8
2025-11-25T15:28:13.295358Z,Rule Firing,نص 22.txt,"Score: 95, Severity: critical, Rules: 1",4cd43e59d3c7e942
2025-11-25T15:28:13.295873Z,Rule Firing,نص 23.txt,"Score: 95, Severity: critical, Rules: 1",ec68966cf015950d
2025-11-25T15:28:13.296876Z,Rule Firing,نص 24.txt,"Score: 95, Severity: critical, Rules: 1",d670e9e564ff2b6b
2025-11-25T15:28:13.297884Z,Rule Firing,نص 25.txt,"Score: 95, Severity: critical, Rules: 1",c43a50eb1b6a3d70
2025-11-25T15:28:13.298884Z,Rule Firing,نص 26.txt,"Score: 95, Severity: critical, Rules: 1",450a37557721ff36
2025-11-25T15:28:13.299879Z,Rule Firing,نص 27.txt,"Score: 95, Severity: critical, Rules: 1",7b3871611d34057c
2025-11-25T15:28:13.301878Z,Rule Firing,نص 28.txt,"Score: 95, Severity: critical, Rules: 1",bf04f55e6bdbad6b
2025-11-25T15:28:13.302882Z,Rule Firing,نص 29.txt,"Score: 95, Severity: critical, Rules: 1",3055c6b53ccb6257
2025-11-25T15:28:13.303881Z,Rule Firing,نص 30.txt,"Score: 95, Severity: critical, Rules: 1",de67b33bf3930286
2025-11-25T15:28:13.303881Z,Rule Firing,نص 31.txt,"Score: 95, Severity: critical, Rules: 1",4d15d1936a245fa1
2025-11-25T15:28:13.307406Z,Rule Firing,نص 32.txt,"Score: 95, Severity: critical, Rules: 1",47deef5b0db8d539
2025-11-25T15:28:13.308407Z,Rule Firing,نص 33.txt,"Score: 95, Severity: critical, Rules: 1",c9484441e757d21a
2025-11-25T15:28:13.308407Z,Rule Firing,نص 34.txt,"Score: 95, Severity: critical, Rules: 1",c24dda0cc3cf4de1
2025-11-25T15:28:13.309407Z,Rule Firing,نص 35.txt,"Score: 95, Severity: critical, Rules: 1",b646becc242ac875
2025-11-25T15:28:13.310407Z,Rule Firing,نص.txt,"Score: 95, Severity: critical, Rules: 1",b8d22dbe9ac40c62
2025-11-25T15:28:13.311408Z,Rule Firing,نص 2.txt,"Score: 95, Severity: critical, Rules: 1",2638a4b5593b4536
2025-11-25T15:28:13.312407Z,Rule Firing,نص 3.txt,"Score: 95, Severity: critical, Rules: 1",7ae48b4adc376cba
2025-11-25T15:28:13.313407Z,Rule Firing,نص 4.txt,"Score: 95, Severity: critical, Rules: 1",fd1579421706af0d
2025-11-25T15:28:13.314408Z,Rule Firing,نص 5.txt,"Score: 95, Severity: critical, Rules: 1",5e9d2d11234bb312
2025-11-25T15:28:13.315408Z,Rule Firing,نص 6.txt,"Score: 95, Severity: critical, Rules: 1",3fa20191396cae2a
2025-11-25T15:28:13.317935Z,Rule Firing,كلمات الميتا ماسك.jpeg,"Score: 95, Severity: critical, Rules: 1",99d5fd24155a18c8
2025-11-25T15:28:13.318940Z,Rule Firing,.~.dropbox.external.writable,"Score: 30, Severity: low, Rules: 1",a0feb9c8c9f6f7ee
2025-11-25T15:28:13.319939Z,Rule Firing,bybit wallet.txt,"Score: 95, Severity: critical, Rules: 1",c96b4bf8ed469005
2025-11-25T15:28:13.320938Z,Rule Firing,.~.dropbox.external.writable,"Score: 30, Severity: low, Rules: 1",f46dced5ff1a05d5
2025-11-25T15:28:13.322959Z,Rule Firing,_jrat.csv,"Score: 95, Severity: critical, Rules: 1",678631f832fc757f
2025-11-25T15:28:13.323941Z,Rule Firing,FTP_bruteforce.csv,"Score: 95, Severity: critical, Rules: 1",100cfbe63e5c2492
2025-11-25T15:28:13.325455Z,Rule Firing,DNS Remote Shell.pcap,"Score: 95, Severity: critical, Rules: 1",1a94b0e7559a1793
2025-11-25T15:28:13.325455Z,Rule Firing,Brute-Force,"Score: 95, Severity: critical, Rules: 1",21d6076c20ea4f60
2025-11-25T15:28:13.326465Z,Rule Firing,SQL Injection.log,"Score: 95, Severity: critical, Rules: 1",bd04b91a4f3d8194
2025-11-25T15:28:13.327470Z,Rule Firing,Windows_Evidence_001.dd,"Score: 95, Severity: critical, Rules: 1",9003bf523625bd5f
2025-11-25T15:28:13.329483Z,Rule Firing,RamCapturer.zip,"Score: 95, Severity: critical, Rules: 1",02d376e44e43ffe5
2025-11-25T15:28:13.331465Z,Rule Firing,.~.dropbox.external.writable,"Score: 30, Severity: low, Rules: 1",6fa059ac76d9e705
2025-11-25T15:28:13.332466Z,Rule Firing,RamCapturer.zip,"Score: 95, Severity: critical, Rules: 1",fc7d50e3b368b8dd
2025-11-25T15:28:13.334977Z,Rule Firing,$OrphanFiles,"Score: 30, Severity: low, Rules: 1",777ed45b799b9662
2025-11-28T16:28:19.443300Z,Rule Firing,SanDiskSecureAccessV2_win.exe,"Score: 95, Severity: critical, Rules: 1",b47c7d59785503c6
2025-11-28T16:28:19.443300Z,Rule Firing,حل أسئلة الدراسات الاجتماعية والوطنية 2م ف1 طالب.pdf,"Score: 95, Severity: critical, Rules: 1",8af28b38d33edbc2
2025-11-28T16:28:19.451418Z,Rule Firing,حل أسئلة الدراسات الاجتماعية والوطنية 2م ف1 نشاط.pdf,"Score: 95, Severity: critical, Rules: 1",debcb511f45669ee
2025-11-28T16:28:19.454880Z,Rule Firing,بحث مادة التفسير.docx,"Score: 95, Severity: critical, Rules: 1",a588014921e05d0a
2025-11-28T16:28:19.455984Z,Rule Firing,{4944f5ac-fe92-4c3c-879b-cae84db01eec}.enc,"Score: 30, Severity: low, Rules: 1",2106cc19ca4287d5
2025-11-28T16:28:19.456978Z,Rule Firing,المستوى الاحداثي.gif,"Score: 95, Severity: critical, Rules: 1",a1d2cad318eba354
2025-11-28T16:28:19.457975Z,Rule Firing,This is NOT a virus (README).txt,"Score: 75, Severity: high, Rules: 1",fe51deebbeda885b
2025-11-28T16:28:19.458978Z,Rule Firing,Icon.ico,"Score: 75, Severity: high, Rules: 1",b89264384de16578
2025-11-28T16:28:19.459992Z,Rule Firing,desktop.ini,"Score: 75, Severity: high, Rules: 1",18729276c671d38a
2025-11-28T16:28:19.460902Z,Rule Firing,Inkscape-0.92.1-1.exe,"Score: 95, Severity: critical, Rules: 1",741f1b6b36a146b0
2025-11-28T16:28:19.463427Z,Rule Firing,Inkscape-0.92.1.msi,"Score: 95, Severity: critical, Rules: 1",c4774eb6efb6079f
2025-11-28T16:28:19.463427Z,Rule Firing,InkscapePortable_0.92.1.paf.exe,"Score: 95, Severity: critical, Rules: 1",64810f5eee00c086
2025-11-28T16:28:19.465438Z,Rule Firing,Inkscape-0.92.1-x64-1.exe,"Score: 95, Severity: critical, Rules: 1",701d3f51b73baf2f
2025-11-28T16:28:19.466436Z,Rule Firing,Inkscape-0.92.1-x64.msi,"Score: 95, Severity: critical, Rules: 1",41c509fd39102f7e
2025-11-28T16:28:19.467431Z,Rule Firing,يومية العمال 2.xlsx,"Score: 95, Severity: critical, Rules: 1",51704c0d410c7767
2025-11-28T16:28:19.468429Z,Rule Firing,نص 7.txt,"Score: 95, Severity: critical, Rules: 1",1d35b2fcea8cdd55
2025-11-28T16:28:19.469427Z,Rule Firing,نص 8.txt,"Score: 95, Severity: critical, Rules: 1",c4b7f9b48e5c6096
2025-11-28T16:28:19.470428Z,Rule Firing,نص 9.txt,"Score: 95, Severity: critical, Rules: 1",9437e7235bc1ed31
2025-11-28T16:28:19.471433Z,Rule Firing,نص 10.txt,"Score: 95, Severity: critical, Rules: 1",58a1bac766b4a8b5
2025-11-28T16:28:19.472439Z,Rule Firing,نص 11.txt,"Score: 95, Severity: critical, Rules: 1",c549a9d932e3956b
2025-11-28T16:28:19.474842Z,Rule Firing,نص 12.txt,"Score: 95, Severity: critical, Rules: 1",5acf7ac6572dc6b3
2025-11-28T16:28:19.475841Z,Rule Firing,نص 13.txt,"Score: 95, Severity: critical, Rules: 1",f964157cff606ed1
2025-11-28T16:28:19.476842Z,Rule Firing,نص 14.txt,"Score: 95, Severity: critical, Rules: 1",93332339d6862afe
2025-11-28T16:28:19.477842Z,Rule Firing,نص 15.txt,"Score: 95, Severity: critical, Rules: 1",d6222e41679b1973
2025-11-28T16:28:19.478844Z,Rule Firing,نص 16.txt,"Score: 95, Severity: critical, Rules: 1",c953e15f1312c176
2025-11-28T16:28:19.479841Z,Rule Firing,نص 17.txt,"Score: 95, Severity: critical, Rules: 1",268f6369c646111d
2025-11-28T16:28:19.480846Z,Rule Firing,نص 18.txt,"Score: 95, Severity: critical, Rules: 1",db495a185b9e94e5
2025-11-28T16:28:19.482357Z,Rule Firing,نص 19.txt,"Score: 95, Severity: critical, Rules: 1",4a959eb88a69460f
2025-11-28T16:28:19.483412Z,Rule Firing,نص 20.txt,"Score: 95, Severity: critical, Rules: 1",1bf89d86b0a41d27
2025-11-28T16:28:19.484373Z,Rule Firing,نص 21.txt,"Score: 95, Severity: critical, Rules: 1",a13f68f50e6be3aa
2025-11-28T16:28:19.488367Z,Rule Firing,نص 22.txt,"Score: 95, Severity: critical, Rules: 1",ec57cdf8bdebf804
2025-11-28T16:28:19.489369Z,Rule Firing,نص 23.txt,"Score: 95, Severity: critical, Rules: 1",e71a2321d00b240f
2025-11-28T16:28:19.490374Z,Rule Firing,نص 24.txt,"Score: 95, Severity: critical, Rules: 1",b4e77f225ffd7a40
2025-11-28T16:28:19.491369Z,Rule Firing,نص 25.txt,"Score: 95, Severity: critical, Rules: 1",c6662653485008f7
2025-11-28T16:28:19.492884Z,Rule Firing,نص 26.txt,"Score: 95, Severity: critical, Rules: 1",ffb9cc26f10c15fd
2025-11-28T16:28:19.493893Z,Rule Firing,نص 27.txt,"Score: 95, Severity: critical, Rules: 1",70c2655f6cba3462
2025-11-28T16:28:19.494893Z,Rule Firing,نص 28.txt,"Score: 95, Severity: critical, Rules: 1",fc9516f7b7bb2dfe
2025-11-28T16:28:19.495914Z,Rule Firing,نص 29.txt,"Score: 95, Severity: critical, Rules: 1",37c1e0cd2775416d
2025-11-28T16:28:19.496926Z,Rule Firing,نص 30.txt,"Score: 95, Severity: critical, Rules: 1",98667e9a6d2f3b96
2025-11-28T16:28:19.498988Z,Rule Firing,نص 31.txt,"Score: 95, Severity: critical, Rules: 1",1ed500d46eb5e517
2025-11-28T16:28:19.502463Z,Rule Firing,نص 32.txt,"Score: 95, Severity: critical, Rules: 1",968c06760c9223a4
2025-11-28T16:28:19.503478Z,Rule Firing,نص 33.txt,"Score: 95, Severity: critical, Rules: 1",752ab010a03e0db6
2025-11-28T16:28:19.505511Z,Rule Firing,نص 34.txt,"Score: 95, Severity: critical, Rules: 1",e2cc44a564737a61
2025-11-28T16:28:19.506502Z,Rule Firing,نص 35.txt,"Score: 95, Severity: critical, Rules: 1",5b399dd88af07468
2025-11-28T16:28:19.507496Z,Rule Firing,نص.txt,"Score: 95, Severity: critical, Rules: 1",ec3eb33ddc61399a
2025-11-28T16:28:19.508495Z,Rule Firing,نص 2.txt,"Score: 95, Severity: critical, Rules: 1",4af72e14bed0df8b
2025-11-28T16:28:19.509494Z,Rule Firing,نص 3.txt,"Score: 95, Severity: critical, Rules: 1",dc5413e0b70fc24e
2025-11-28T16:28:19.510494Z,Rule Firing,نص 4.txt,"Score: 95, Severity: critical, Rules: 1",47afebf466d3439b
2025-11-28T16:28:19.510494Z,Rule Firing,نص 5.txt,"Score: 95, Severity: critical, Rules: 1",32ada529f0b40854
2025-11-28T16:28:19.510494Z,Rule Firing,نص 6.txt,"Score: 95, Severity: critical, Rules: 1",7bee04c08e6f4ab6
2025-11-28T16:28:19.515112Z,Rule Firing,كلمات الميتا ماسك.jpeg,"Score: 95, Severity: critical, Rules: 1",acf75b3144ddc70f
2025-11-28T16:28:19.516021Z,Rule Firing,.~.dropbox.external.writable,"Score: 30, Severity: low, Rules: 1",8296f66eba7b6633
2025-11-28T16:28:19.518105Z,Rule Firing,bybit wallet.txt,"Score: 95, Severity: critical, Rules: 1",e9b56d16a46989e3
2025-11-28T16:28:19.519070Z,Rule Firing,.~.dropbox.external.writable,"Score: 30, Severity: low, Rules: 1",182d89f8972e1efe
2025-11-28T16:28:19.520109Z,Rule Firing,_jrat.csv,"Score: 95, Severity: critical, Rules: 1",9d3b71a9d59eec5e
2025-11-28T16:28:19.521106Z,Rule Firing,FTP_bruteforce.csv,"Score: 95, Severity: critical, Rules: 1",428c199320107c95
2025-11-28T16:28:19.522112Z,Rule Firing,DNS Remote Shell.pcap,"Score: 95, Severity: critical, Rules: 1",522241f7b921b5b9
2025-11-28T16:28:19.522112Z,Rule Firing,Brute-Force,"Score: 95, Severity: critical, Rules: 1",406cd1d003ae3fe9
2025-11-28T16:28:19.523452Z,Rule Firing,SQL Injection.log,"Score: 95, Severity: critical, Rules: 1",00f6e82f77122751
2025-11-28T16:28:19.524544Z,Rule Firing,Windows_Evidence_001.dd,"Score: 95, Severity: critical, Rules: 1",7b6dff0e8e794372
2025-11-28T16:28:19.527532Z,Rule Firing,RamCapturer.zip,"Score: 95, Severity: critical, Rules: 1",ae96b4fc0745422a
2025-11-28T16:28:19.528453Z,Rule Firing,.~.dropbox.external.writable,"Score: 30, Severity: low, Rules: 1",877fc7a5c9a917f9
2025-11-28T16:28:19.529452Z,Rule Firing,RamCapturer.zip,"Score: 95, Severity: critical, Rules: 1",f6c2e1f151d929a4
2025-11-28T16:28:19.530450Z,Rule Firing,$OrphanFiles,"Score: 30, Severity: low, Rules: 1",e8b724b883305c7b
2025-12-30T15:25:03.412057Z,Rule Firing,SanDiskSecureAccessV2_win.exe,"Score: 95, Severity: critical, Rules: 1",46197cadee7fa799
2025-12-30T15:25:03.414064Z,Rule Firing,حل أسئلة الدراسات الاجتماعية والوطنية 2م ف1 طالب.pdf,"Score: 95, Severity: critical, Rules: 1",70eb9b23a2b2d129
2025-12-30T15:25:03.417960Z,Rule Firing,حل أسئلة الدراسات الاجتماعية والوطنية 2م ف1 نشاط.pdf,"Score: 95, Severity: critical, Rules: 1",7cc85a5d2f544682
2025-12-30T15:25:03.419169Z,Rule Firing,بحث مادة التفسير.docx,"Score: 95, Severity: critical, Rules: 1",17389be6550cd441
2025-12-30T15:25:03.419169Z,Rule Firing,{4944f5ac-fe92-4c3c-879b-cae84db01eec}.enc,"Score: 30, Severity: low, Rules: 1",e05329f38995f00a
2025-12-30T15:25:03.420177Z,Rule Firing,المستوى الاحداثي.gif,"Score: 95, Severity: critical, Rules: 1",51c8c128c4c92b90
2025-12-30T15:25:03.421177Z,Rule Firing,This is NOT a virus (README).txt,"Score: 75, Severity: high, Rules: 1",d6c5ff6c10c7de03
2025-12-30T15:25:03.424195Z,Rule Firing,Icon.ico,"Score: 75, Severity: high, Rules: 1",d277882474778099
2025-12-30T15:25:03.425181Z,Rule Firing,desktop.ini,"Score: 75, Severity: high, Rules: 1",368bb7eb0a14fbe8
2025-12-30T15:25:03.426180Z,Rule Firing,Inkscape-0.92.1-1.exe,"Score: 95, Severity: critical, Rules: 1",c6fe443449476020
2025-12-30T15:25:03.430713Z,Rule Firing,Inkscape-0.92.1.msi,"Score: 95, Severity: critical, Rules: 1",d0a6d7be3ac59308
2025-12-30T15:25:03.431718Z,Rule Firing,InkscapePortable_0.92.1.paf.exe,"Score: 95, Severity: critical, Rules: 1",70e7cbfcb38dc1ad
2025-12-30T15:25:03.432717Z,Rule Firing,Inkscape-0.92.1-x64-1.exe,"Score: 95, Severity: critical, Rules: 1",cd9174ffcfe06377
2025-12-30T15:25:03.433720Z,Rule Firing,Inkscape-0.92.1-x64.msi,"Score: 95, Severity: critical, Rules: 1",9e32ae5660c0731c
2025-12-30T15:25:03.434717Z,Rule Firing,يومية العمال 2.xlsx,"Score: 95, Severity: critical, Rules: 1",be5b77e71be7586e
2025-12-30T15:25:03.435726Z,Rule Firing,نص 7.txt,"Score: 95, Severity: critical, Rules: 1",d1d6094484aff3ab
2025-12-30T15:25:03.436718Z,Rule Firing,نص 8.txt,"Score: 95, Severity: critical, Rules: 1",dbd477d74f62cb14
2025-12-30T15:25:03.437718Z,Rule Firing,نص 9.txt,"Score: 95, Severity: critical, Rules: 1",00d2a3ba1da5a18e
2025-12-30T15:25:03.438228Z,Rule Firing,نص 10.txt,"Score: 95, Severity: critical, Rules: 1",182e53de27b7aca2
2025-12-30T15:25:03.439242Z,Rule Firing,نص 11.txt,"Score: 95, Severity: critical, Rules: 1",0cc248869f725d2e
2025-12-30T15:25:03.443252Z,Rule Firing,نص 12.txt,"Score: 95, Severity: critical, Rules: 1",523f759b9f2e5657
2025-12-30T15:25:03.444251Z,Rule Firing,نص 13.txt,"Score: 95, Severity: critical, Rules: 1",ceca1b534e2e393b
2025-12-30T15:25:03.445253Z,Rule Firing,نص 14.txt,"Score: 95, Severity: critical, Rules: 1",c0290521e63976d0
2025-12-30T15:25:03.446252Z,Rule Firing,نص 15.txt,"Score: 95, Severity: critical, Rules: 1",fa6f8a00ac212563
2025-12-30T15:25:03.447764Z,Rule Firing,نص 16.txt,"Score: 95, Severity: critical, Rules: 1",fd1711a8613ec06b
2025-12-30T15:25:03.448778Z,Rule Firing,نص 17.txt,"Score: 95, Severity: critical, Rules: 1",7fa9836ff5573576
2025-12-30T15:25:03.449788Z,Rule Firing,نص 18.txt,"Score: 95, Severity: critical, Rules: 1",8e757799d4e501e4
2025-12-30T15:25:03.450788Z,Rule Firing,نص 19.txt,"Score: 95, Severity: critical, Rules: 1",0adea09d2e439ba0
2025-12-30T15:25:03.451788Z,Rule Firing,نص 20.txt,"Score: 95, Severity: critical, Rules: 1",47434e760f4e6f18
2025-12-30T15:25:03.452788Z,Rule Firing,نص 21.txt,"Score: 95, Severity: critical, Rules: 1",ef18be962148d186
2025-12-30T15:25:03.456787Z,Rule Firing,نص 22.txt,"Score: 95, Severity: critical, Rules: 1",445b6f566d74a2f0
2025-12-30T15:25:03.458297Z,Rule Firing,نص 23.txt,"Score: 95, Severity: critical, Rules: 1",9c6d67ead9f8f9d0
2025-12-30T15:25:03.459308Z,Rule Firing,نص 24.txt,"Score: 95, Severity: critical, Rules: 1",1579dbfb7cd599e9
2025-12-30T15:25:03.460320Z,Rule Firing,نص 25.txt,"Score: 95, Severity: critical, Rules: 1",fedd29e20ef0a6bd
2025-12-30T15:25:03.461319Z,Rule Firing,نص 26.txt,"Score: 95, Severity: critical, Rules: 1",6ed5ed03bbe1be49
2025-12-30T15:25:03.462318Z,Rule Firing,نص 27.txt,"Score: 95, Severity: critical, Rules: 1",20a6e21bf97d15e7
2025-12-30T15:25:03.463317Z,Rule Firing,نص 28.txt,"Score: 95, Severity: critical, Rules: 1",1ffd067a69c49463
2025-12-30T15:25:03.464317Z,Rule Firing,نص 29.txt,"Score: 95, Severity: critical, Rules: 1",8eca85846d33cacb
2025-12-30T15:25:03.465318Z,Rule Firing,نص 30.txt,"Score: 95, Severity: critical, Rules: 1",3050fe1564257d6b
2025-12-30T15:25:03.466317Z,Rule Firing,نص 31.txt,"Score: 95, Severity: critical, Rules: 1",2bbf459f3a491b35
2025-12-30T15:25:03.470848Z,Rule Firing,نص 32.txt,"Score: 95, Severity: critical, Rules: 1",db18ad2182614c65
2025-12-30T15:25:03.472849Z,Rule Firing,نص 33.txt,"Score: 95, Severity: critical, Rules: 1",770f8103a7dfe6b9
2025-12-30T15:25:03.473849Z,Rule Firing,نص 34.txt,"Score: 95, Severity: critical, Rules: 1",d78b99669e848616
2025-12-30T15:25:03.473849Z,Rule Firing,نص 35.txt,"Score: 95, Severity: critical, Rules: 1",05ad56124660006d
2025-12-30T15:25:03.474848Z,Rule Firing,نص.txt,"Score: 95, Severity: critical, Rules: 1",cb55be45a6194658
2025-12-30T15:25:03.475848Z,Rule Firing,نص 2.txt,"Score: 95, Severity: critical, Rules: 1",13c87016fcd5e851
2025-12-30T15:25:03.476848Z,Rule Firing,نص 3.txt,"Score: 95, Severity: critical, Rules: 1",a083de23927c1884
2025-12-30T15:25:03.477848Z,Rule Firing,نص 4.txt,"Score: 95, Severity: critical, Rules: 1",c61ce792e1a9f530
2025-12-30T15:25:03.478357Z,Rule Firing,نص 5.txt,"Score: 95, Severity: critical, Rules: 1",8d9070890f3031eb
2025-12-30T15:25:03.480378Z,Rule Firing,نص 6.txt,"Score: 95, Severity: critical, Rules: 1",6849e4e97c0c83d5
2025-12-30T15:25:03.484377Z,Rule Firing,كلمات الميتا ماسك.jpeg,"Score: 95, Severity: critical, Rules: 1",62fff2a5127eda0c
2025-12-30T15:25:03.485378Z,Rule Firing,.~.dropbox.external.writable,"Score: 30, Severity: low, Rules: 1",4f614bf25058d36c
2025-12-30T15:25:03.486377Z,Rule Firing,bybit wallet.txt,"Score: 95, Severity: critical, Rules: 1",da945c9cf516a54d
2025-12-30T15:25:03.486377Z,Rule Firing,.~.dropbox.external.writable,"Score: 30, Severity: low, Rules: 1",c3be100ff1b50adc
2025-12-30T15:25:03.488899Z,Rule Firing,_jrat.csv,"Score: 95, Severity: critical, Rules: 1",1e7bcd3c81d954d5
2025-12-30T15:25:03.489901Z,Rule Firing,FTP_bruteforce.csv,"Score: 95, Severity: critical, Rules: 1",12be71ee360a1379
2025-12-30T15:25:03.490900Z,Rule Firing,DNS Remote Shell.pcap,"Score: 95, Severity: critical, Rules: 1",c91458b8e83fc418
2025-12-30T15:25:03.491422Z,Rule Firing,Brute-Force,"Score: 95, Severity: critical, Rules: 1",40f0d954f1a3cc3a
2025-12-30T15:25:03.492433Z,Rule Firing,SQL Injection.log,"Score: 95, Severity: critical, Rules: 1",557596bfa95ed71e
2025-12-30T15:25:03.493433Z,Rule Firing,Windows_Evidence_001.dd,"Score: 95, Severity: critical, Rules: 1",d56a3e5b2c1629ca
2025-12-30T15:25:03.497943Z,Rule Firing,RamCapturer.zip,"Score: 95, Severity: critical, Rules: 1",2748b5a2e49903b4
2025-12-30T15:25:03.498956Z,Rule Firing,.~.dropbox.external.writable,"Score: 30, Severity: low, Rules: 1",2488a0c90da7158d
2025-12-30T15:25:03.499966Z,Rule Firing,RamCapturer.zip,"Score: 95, Severity: critical, Rules: 1",659eef14709cff3a
2025-12-30T15:25:03.500965Z,Rule Firing,$OrphanFiles,"Score: 30, Severity: low, Rules: 1",e1f06703166609db
2026-01-04T17:50:23.126559Z,Rule Firing,SanDiskSecureAccessV2_win.exe,"Score: 95, Severity: critical, Rules: 1",1caca6672a1ba626
2026-01-04T17:50:23.126559Z,Rule Firing,حل أسئلة الدراسات الاجتماعية والوطنية 2م ف1 طالب.pdf,"Score: 95, Severity: critical, Rules: 1",876e07f7fda3cbdb
2026-01-04T17:50:23.126559Z,Rule Firing,حل أسئلة الدراسات الاجتماعية والوطنية 2م ف1 نشاط.pdf,"Score: 95, Severity: critical, Rules: 1",9aad2a4de49639e3
2026-01-04T17:50:23.136716Z,Rule Firing,بحث مادة التفسير.docx,"Score: 95, Severity: critical, Rules: 1",63f626c4bb0b40e0
2026-01-04T17:50:23.136716Z,Rule Firing,{4944f5ac-fe92-4c3c-879b-cae84db01eec}.enc,"Score: 30, Severity: low, Rules: 1",d8b3313fd829c3f3
2026-01-04T17:50:23.136716Z,Rule Firing,المستوى الاحداثي.gif,"Score: 95, Severity: critical, Rules: 1",cf962be686d556ad
2026-01-04T17:50:23.138484Z,Rule Firing,This is NOT a virus (README).txt,"Score: 75, Severity: high, Rules: 1",df8b94f3d3913fed
2026-01-04T17:50:23.138484Z,Rule Firing,Icon.ico,"Score: 75, Severity: high, Rules: 1",1eb7d4958893c22c
2026-01-04T17:50:23.138484Z,Rule Firing,desktop.ini,"Score: 75, Severity: high, Rules: 1",a55e99acb89e2aca
2026-01-04T17:50:23.143210Z,Rule Firing,Inkscape-0.92.1-1.exe,"Score: 95, Severity: critical, Rules: 1",25e471a3b4ea7f42
2026-01-04T17:50:23.148761Z,Rule Firing,Inkscape-0.92.1.msi,"Score: 95, Severity: critical, Rules: 1",a55347b4e6a3fab3
2026-01-04T17:50:23.149760Z,Rule Firing,InkscapePortable_0.92.1.paf.exe,"Score: 95, Severity: critical, Rules: 1",3bdcd9c993df9d84
2026-01-04T17:50:23.149760Z,Rule Firing,Inkscape-0.92.1-x64-1.exe,"Score: 95, Severity: critical, Rules: 1",91770c33243719aa
2026-01-04T17:50:23.150780Z,Rule Firing,Inkscape-0.92.1-x64.msi,"Score: 95, Severity: critical, Rules: 1",2b4be0a49558fcf8
2026-01-04T17:50:23.151780Z,Rule Firing,يومية العمال 2.xlsx,"Score: 95, Severity: critical, Rules: 1",53759bc3478a8fb1
2026-01-04T17:50:23.152787Z,Rule Firing,نص 7.txt,"Score: 95, Severity: critical, Rules: 1",ef619d90adaf738a
2026-01-04T17:50:23.153763Z,Rule Firing,نص 8.txt,"Score: 95, Severity: critical, Rules: 1",f6665b9f34abb9d0
2026-01-04T17:50:23.154761Z,Rule Firing,نص 9.txt,"Score: 95, Severity: critical, Rules: 1",5c96221337f3d4fa
2026-01-04T17:50:23.154761Z,Rule Firing,نص 10.txt,"Score: 95, Severity: critical, Rules: 1",54fba1d1b1c7986a
2026-01-04T17:50:23.156763Z,Rule Firing,نص 11.txt,"Score: 95, Severity: critical, Rules: 1",528053a18426920b
2026-01-04T17:50:23.160886Z,Rule Firing,نص 12.txt,"Score: 95, Severity: critical, Rules: 1",8fc2215ae8832252
2026-01-04T17:50:23.161901Z,Rule Firing,نص 13.txt,"Score: 95, Severity: critical, Rules: 1",aeadcfd4f15533a6
2026-01-04T17:50:23.162913Z,Rule Firing,نص 14.txt,"Score: 95, Severity: critical, Rules: 1",e40e1b90413e007a
2026-01-04T17:50:23.163850Z,Rule Firing,نص 15.txt,"Score: 95, Severity: critical, Rules: 1",ab40356127ebe5ec
2026-01-04T17:50:23.164862Z,Rule Firing,نص 16.txt,"Score: 95, Severity: critical, Rules: 1",370f38ecd2bb9585
2026-01-04T17:50:23.165868Z,Rule Firing,نص 17.txt,"Score: 95, Severity: critical, Rules: 1",3ec5af6ad575d78f
2026-01-04T17:50:23.166869Z,Rule Firing,نص 18.txt,"Score: 95, Severity: critical, Rules: 1",d2b2806a85eecfb1
2026-01-04T17:50:23.167469Z,Rule Firing,نص 19.txt,"Score: 95, Severity: critical, Rules: 1",e1b5a3be1a662771
2026-01-04T17:50:23.168470Z,Rule Firing,نص 20.txt,"Score: 95, Severity: critical, Rules: 1",d0c9af2cc79495bf
2026-01-04T17:50:23.169471Z,Rule Firing,نص 21.txt,"Score: 95, Severity: critical, Rules: 1",61850def3082c229
2026-01-04T17:50:23.173470Z,Rule Firing,نص 22.txt,"Score: 95, Severity: critical, Rules: 1",c4c4d82be85f8604
2026-01-04T17:50:23.174472Z,Rule Firing,نص 23.txt,"Score: 95, Severity: critical, Rules: 1",eef45216ae4d8f7d
2026-01-04T17:50:23.175497Z,Rule Firing,نص 24.txt,"Score: 95, Severity: critical, Rules: 1",3eb9c7d0b7d4de37
2026-01-04T17:50:23.177083Z,Rule Firing,نص 25.txt,"Score: 95, Severity: critical, Rules: 1",4e31dd9eaa8c7a37
2026-01-04T17:50:23.178182Z,Rule Firing,نص 26.txt,"Score: 95, Severity: critical, Rules: 1",3ae0cc71fe5f429e
2026-01-04T17:50:23.179154Z,Rule Firing,نص 27.txt,"Score: 95, Severity: critical, Rules: 1",de97081b2ff78ff3
2026-01-04T17:50:23.180087Z,Rule Firing,نص 28.txt,"Score: 95, Severity: critical, Rules: 1",54835b16de041e38
2026-01-04T17:50:23.181086Z,Rule Firing,نص 29.txt,"Score: 95, Severity: critical, Rules: 1",2b58371430a45ddc
2026-01-04T17:50:23.182086Z,Rule Firing,نص 30.txt,"Score: 95, Severity: critical, Rules: 1",d0c5b42cf416d533
2026-01-04T17:50:23.183087Z,Rule Firing,نص 31.txt,"Score: 95, Severity: critical, Rules: 1",aabfa3cfb7296620
2026-01-04T17:50:23.186781Z,Rule Firing,نص 32.txt,"Score: 95, Severity: critical, Rules: 1",19f06b0bc062e09a
2026-01-04T17:50:23.188342Z,Rule Firing,نص 33.txt,"Score: 95, Severity: critical, Rules: 1",ed09a16a705e2ab8
2026-01-04T17:50:23.189350Z,Rule Firing,نص 34.txt,"Score: 95, Severity: critical, Rules: 1",5a8cca174d9825e0
2026-01-04T17:50:23.190396Z,Rule Firing,نص 35.txt,"Score: 95, Severity: critical, Rules: 1",aca74b8f87c22863
2026-01-04T17:50:23.191349Z,Rule Firing,نص.txt,"Score: 95, Severity: critical, Rules: 1",239c3b2a68670798
2026-01-04T17:50:23.192350Z,Rule Firing,نص 2.txt,"Score: 95, Severity: critical, Rules: 1",eb5ceb83cfe441ba
2026-01-04T17:50:23.193350Z,Rule Firing,نص 3.txt,"Score: 95, Severity: critical, Rules: 1",8e3636c6bacc53f9
2026-01-04T17:50:23.194350Z,Rule Firing,نص 4.txt,"Score: 95, Severity: critical, Rules: 1",09d75c5c731e79bb
2026-01-04T17:50:23.195350Z,Rule Firing,نص 5.txt,"Score: 95, Severity: critical, Rules: 1",fa17446d4d41d387
2026-01-04T17:50:23.196857Z,Rule Firing,نص 6.txt,"Score: 95, Severity: critical, Rules: 1",079fb0a26d15b2c7
2026-01-04T17:50:23.200868Z,Rule Firing,كلمات الميتا ماسك.jpeg,"Score: 95, Severity: critical, Rules: 1",e551528cd88dd974
2026-01-04T17:50:23.201870Z,Rule Firing,.~.dropbox.external.writable,"Score: 30, Severity: low, Rules: 1",6ec78f94bcb20acb
2026-01-04T17:50:23.202889Z,Rule Firing,bybit wallet.txt,"Score: 95, Severity: critical, Rules: 1",dede424f42ade816
2026-01-04T17:50:23.203870Z,Rule Firing,.~.dropbox.external.writable,"Score: 30, Severity: low, Rules: 1",a34f865128c7c007
2026-01-04T17:50:23.204870Z,Rule Firing,_jrat.csv,"Score: 95, Severity: critical, Rules: 1",792c63a031cb21f0
2026-01-04T17:50:23.206872Z,Rule Firing,FTP_bruteforce.csv,"Score: 95, Severity: critical, Rules: 1",f793578802324d4e
2026-01-04T17:50:23.207378Z,Rule Firing,DNS Remote Shell.pcap,"Score: 95, Severity: critical, Rules: 1",af6038d9ae653d80
2026-01-04T17:50:23.208386Z,Rule Firing,Brute-Force,"Score: 95, Severity: critical, Rules: 1",fb9f77e665533185
2026-01-04T17:50:23.209482Z,Rule Firing,SQL Injection.log,"Score: 95, Severity: critical, Rules: 1",bdd247415ca77b9d
2026-01-04T17:50:23.210394Z,Rule Firing,Windows_Evidence_001.dd,"Score: 95, Severity: critical, Rules: 1",0e584ac3f9d2da71
2026-01-04T17:50:23.214390Z,Rule Firing,RamCapturer.zip,"Score: 95, Severity: critical, Rules: 1",4fb72cdf5b7f68db
2026-01-04T17:50:23.215393Z,Rule Firing,.~.dropbox.external.writable,"Score: 30, Severity: low, Rules: 1",7eedc6a110a4f710
2026-01-04T17:50:23.215393Z,Rule Firing,RamCapturer.zip,"Score: 95, Severity: critical, Rules: 1",89f6a2c82aab50ab
2026-01-04T17:50:23.216898Z,Rule Firing,$OrphanFiles,"Score: 30, Severity: low, Rules: 1",cf779169d72eaa0e
2026-01-07T05:36:21.660679Z,Rule Firing,SanDiskSecureAccessV2_win.exe,"Score: 95, Severity: critical, Rules: 1",36cbf8dd5ee39a9a
2026-01-07T05:36:21.662188Z,Rule Firing,حل أسئلة الدراسات الاجتماعية والوطنية 2م ف1 طالب.pdf,"Score: 95, Severity: critical, Rules: 1",cb1ebe529faa1816
2026-01-07T05:36:21.663197Z,Rule Firing,حل أسئلة الدراسات الاجتماعية والوطنية 2م ف1 نشاط.pdf,"Score: 95, Severity: critical, Rules: 1",379f158b09392c99
2026-01-07T05:36:21.664196Z,Rule Firing,بحث مادة التفسير.docx,"Score: 95, Severity: critical, Rules: 1",a8c9359f68568bc4
2026-01-07T05:36:21.666641Z,Rule Firing,{4944f5ac-fe92-4c3c-879b-cae84db01eec}.enc,"Score: 30, Severity: low, Rules: 1",8b7741d143226e7d
2026-01-07T05:36:21.666641Z,Rule Firing,المستوى الاحداثي.gif,"Score: 95, Severity: critical, Rules: 1",e81aeaf87b192e8e
2026-01-07T05:36:21.668246Z,Rule Firing,This is NOT a virus (README).txt,"Score: 75, Severity: high, Rules: 1",222113c8e8add069
2026-01-07T05:36:21.669267Z,Rule Firing,Icon.ico,"Score: 75, Severity: high, Rules: 1",d3328b5890711c80
2026-01-07T05:36:21.670256Z,Rule Firing,desktop.ini,"Score: 75, Severity: high, Rules: 1",801646c6c6f5d7a1
2026-01-07T05:36:21.671255Z,Rule Firing,Inkscape-0.92.1-1.exe,"Score: 95, Severity: critical, Rules: 1",cfd5964ff0462cbd
2026-01-07T05:36:21.681999Z,Rule Firing,Inkscape-0.92.1.msi,"Score: 95, Severity: critical, Rules: 1",7fd342f6796d6a7f
2026-01-07T05:36:21.682524Z,Rule Firing,InkscapePortable_0.92.1.paf.exe,"Score: 95, Severity: critical, Rules: 1",69636d206aa5b86c
2026-01-07T05:36:21.684487Z,Rule Firing,Inkscape-0.92.1-x64-1.exe,"Score: 95, Severity: critical, Rules: 1",941a0793b41f7836
2026-01-07T05:36:21.686563Z,Rule Firing,Inkscape-0.92.1-x64.msi,"Score: 95, Severity: critical, Rules: 1",736f99e41cc12941
2026-01-07T05:36:21.688115Z,Rule Firing,يومية العمال 2.xlsx,"Score: 95, Severity: critical, Rules: 1",fbbfc3a692636346
2026-01-07T05:36:21.690125Z,Rule Firing,نص 7.txt,"Score: 95, Severity: critical, Rules: 1",73f2e5ef664dcedc
2026-01-07T05:36:21.692139Z,Rule Firing,نص 8.txt,"Score: 95, Severity: critical, Rules: 1",5ee081620e08f928
2026-01-07T05:36:21.693146Z,Rule Firing,نص 9.txt,"Score: 95, Severity: critical, Rules: 1",9a402cca53ca9dfc
2026-01-07T05:36:21.694463Z,Rule Firing,نص 10.txt,"Score: 95, Severity: critical, Rules: 1",ffb9aab5ca285bed
2026-01-07T05:36:21.695474Z,Rule Firing,نص 11.txt,"Score: 95, Severity: critical, Rules: 1",b2cc042e8583b819
2026-01-07T05:36:21.702789Z,Rule Firing,نص 12.txt,"Score: 95, Severity: critical, Rules: 1",6a2e352983c234ab
2026-01-07T05:36:21.704385Z,Rule Firing,نص 13.txt,"Score: 95, Severity: critical, Rules: 1",0281952801f95512
2026-01-07T05:36:21.705564Z,Rule Firing,نص 14.txt,"Score: 95, Severity: critical, Rules: 1",f29ac3799e6375d8
2026-01-07T05:36:21.707590Z,Rule Firing,نص 15.txt,"Score: 95, Severity: critical, Rules: 1",742ed71d6726f9ff
2026-01-07T05:36:21.709642Z,Rule Firing,نص 16.txt,"Score: 95, Severity: critical, Rules: 1",0a155522648d9f05
2026-01-07T05:36:21.710663Z,Rule Firing,نص 17.txt,"Score: 95, Severity: critical, Rules: 1",e8c67e2869b9fb9c
2026-01-07T05:36:21.711670Z,Rule Firing,نص 18.txt,"Score: 95, Severity: critical, Rules: 1",d17d406ee9e36fbe
2026-01-07T05:36:21.712688Z,Rule Firing,نص 19.txt,"Score: 95, Severity: critical, Rules: 1",571ed9d4ed379838
2026-01-07T05:36:21.714207Z,Rule Firing,نص 20.txt,"Score: 95, Severity: critical, Rules: 1",3c480f6c99411243
2026-01-07T05:36:21.716793Z,Rule Firing,نص 21.txt,"Score: 95, Severity: critical, Rules: 1",f9bb304c615c0db4
2026-01-07T05:36:21.722350Z,Rule Firing,نص 22.txt,"Score: 95, Severity: critical, Rules: 1",a4d30ada3743c535
2026-01-07T05:36:21.724376Z,Rule Firing,نص 23.txt,"Score: 95, Severity: critical, Rules: 1",64b44546e7159591
2026-01-07T05:36:21.725879Z,Rule Firing,نص 24.txt,"Score: 95, Severity: critical, Rules: 1",a2a0a946f3438587
2026-01-07T05:36:21.726886Z,Rule Firing,نص 25.txt,"Score: 95, Severity: critical, Rules: 1",ffa02004c2b86c5f
2026-01-07T05:36:21.726886Z,Rule Firing,نص 26.txt,"Score: 95, Severity: critical, Rules: 1",18656d003e0c5df8
2026-01-07T05:36:21.729403Z,Rule Firing,نص 27.txt,"Score: 95, Severity: critical, Rules: 1",0935f6d3166ad1f9
2026-01-07T05:36:21.730406Z,Rule Firing,نص 28.txt,"Score: 95, Severity: critical, Rules: 1",582e5b5676323bdb
2026-01-07T05:36:21.732940Z,Rule Firing,نص 29.txt,"Score: 95, Severity: critical, Rules: 1",f0a1ca486dfd93cf
2026-01-07T05:36:21.735503Z,Rule Firing,نص 30.txt,"Score: 95, Severity: critical, Rules: 1",664ba417c7a2ebfc
2026-01-07T05:36:21.737094Z,Rule Firing,نص 31.txt,"Score: 95, Severity: critical, Rules: 1",63a2cb5095aa8ec7
2026-01-07T05:36:21.744642Z,Rule Firing,نص 32.txt,"Score: 95, Severity: critical, Rules: 1",63c92fe9833d5faa
2026-01-07T05:36:21.746228Z,Rule Firing,نص 33.txt,"Score: 95, Severity: critical, Rules: 1",bcedf523d66084d0
2026-01-07T05:36:21.747232Z,Rule Firing,نص 34.txt,"Score: 95, Severity: critical, Rules: 1",de0cb93726f5c7f9
2026-01-07T05:36:21.748748Z,Rule Firing,نص 35.txt,"Score: 95, Severity: critical, Rules: 1",7a1cc9f98554a7c7
2026-01-07T05:36:21.750868Z,Rule Firing,نص.txt,"Score: 95, Severity: critical, Rules: 1",844e6f8f1a7b29bd
2026-01-07T05:36:21.752485Z,Rule Firing,نص 2.txt,"Score: 95, Severity: critical, Rules: 1",87e16d31a2f06493
2026-01-07T05:36:21.754105Z,Rule Firing,نص 3.txt,"Score: 95, Severity: critical, Rules: 1",0110c58d03e1a717
2026-01-07T05:36:21.755118Z,Rule Firing,نص 4.txt,"Score: 95, Severity: critical, Rules: 1",f36843dbc9a6a61e
2026-01-07T05:36:21.756715Z,Rule Firing,نص 5.txt,"Score: 95, Severity: critical, Rules: 1",f0c0ca8599bfae28
2026-01-07T05:36:21.759261Z,Rule Firing,نص 6.txt,"Score: 95, Severity: critical, Rules: 1",e29fa3ce45e5e222
2026-01-07T05:36:21.765493Z,Rule Firing,كلمات الميتا ماسك.jpeg,"Score: 95, Severity: critical, Rules: 1",2e181e1e656912dc
2026-01-07T05:36:21.768010Z,Rule Firing,.~.dropbox.external.writable,"Score: 30, Severity: low, Rules: 1",7df71321dc97cbd3
2026-01-07T05:36:21.769017Z,Rule Firing,bybit wallet.txt,"Score: 95, Severity: critical, Rules: 1",e3793171a0daffc1
2026-01-07T05:36:21.770122Z,Rule Firing,.~.dropbox.external.writable,"Score: 30, Severity: low, Rules: 1",1d8fd0818895fa01
2026-01-07T05:36:21.772529Z,Rule Firing,_jrat.csv,"Score: 95, Severity: critical, Rules: 1",2f45a220e97cfc73
2026-01-07T05:36:21.774044Z,Rule Firing,FTP_bruteforce.csv,"Score: 95, Severity: critical, Rules: 1",499f55ae1f005e8b
2026-01-07T05:36:21.776671Z,Rule Firing,DNS Remote Shell.pcap,"Score: 95, Severity: critical, Rules: 1",f46987b329d3b92a
2026-01-07T05:36:21.776671Z,Rule Firing,Brute-Force,"Score: 95, Severity: critical, Rules: 1",609f8484f35b6c22
2026-01-07T05:36:21.778225Z,Rule Firing,SQL Injection.log,"Score: 95, Severity: critical, Rules: 1",8a9b2706403e8d28
2026-01-07T05:36:21.778225Z,Rule Firing,Windows_Evidence_001.dd,"Score: 95, Severity: critical, Rules: 1",3ef90d737b75c1c0
2026-01-07T05:36:21.785684Z,Rule Firing,RamCapturer.zip,"Score: 95, Severity: critical, Rules: 1",5c08824a0be19204
2026-01-07T05:36:21.786203Z,Rule Firing,.~.dropbox.external.writable,"Score: 30, Severity: low, Rules: 1",8c3b378558828bca
2026-01-07T05:36:21.788205Z,Rule Firing,RamCapturer.zip,"Score: 95, Severity: critical, Rules: 1",5332e0c44f589ecb
2026-01-07T05:36:21.789720Z,Rule Firing,$OrphanFiles,"Score: 30, Severity: low, Rules: 1",6ffc71a6b1271567
2026-01-07T05:42:01.399659Z,Rule Firing,SanDiskSecureAccessV2_win.exe,"Score: 95, Severity: critical, Rules: 1",ef7f3cb5f24db0bf
2026-01-07T05:42:01.400657Z,Rule Firing,حل أسئلة الدراسات الاجتماعية والوطنية 2م ف1 طالب.pdf,"Score: 95, Severity: critical, Rules: 1",39eb1083b5a7d474
2026-01-07T05:42:01.401780Z,Rule Firing,حل أسئلة الدراسات الاجتماعية والوطنية 2م ف1 نشاط.pdf,"Score: 95, Severity: critical, Rules: 1",5358a410b66ea414
2026-01-07T05:42:01.404358Z,Rule Firing,بحث مادة التفسير.docx,"Score: 95, Severity: critical, Rules: 1",79a758ae22bbb0a8
2026-01-07T05:42:01.405377Z,Rule Firing,{4944f5ac-fe92-4c3c-879b-cae84db01eec}.enc,"Score: 30, Severity: low, Rules: 1",d511e7fe4b8c8318
2026-01-07T05:42:01.406368Z,Rule Firing,المستوى الاحداثي.gif,"Score: 95, Severity: critical, Rules: 1",c62307d8358272e7
2026-01-07T05:42:01.407368Z,Rule Firing,This is NOT a virus (README).txt,"Score: 75, Severity: high, Rules: 1",3de48ee5481d9348
2026-01-07T05:42:01.407368Z,Rule Firing,Icon.ico,"Score: 75, Severity: high, Rules: 1",936cdd7ee4b88c68
2026-01-07T05:42:01.408367Z,Rule Firing,desktop.ini,"Score: 75, Severity: high, Rules: 1",df0562fde806f1e3
2026-01-07T05:42:01.409368Z,Rule Firing,Inkscape-0.92.1-1.exe,"Score: 95, Severity: critical, Rules: 1",e5654a07a19c6ecc
2026-01-07T05:42:01.419026Z,Rule Firing,Inkscape-0.92.1.msi,"Score: 95, Severity: critical, Rules: 1",81d73b8a954bae5f
2026-01-07T05:42:01.421552Z,Rule Firing,InkscapePortable_0.92.1.paf.exe,"Score: 95, Severity: critical, Rules: 1",ffb0e9141d0083f8
2026-01-07T05:42:01.422715Z,Rule Firing,Inkscape-0.92.1-x64-1.exe,"Score: 95, Severity: critical, Rules: 1",fec00529bb8f858f
2026-01-07T05:42:01.422715Z,Rule Firing,Inkscape-0.92.1-x64.msi,"Score: 95, Severity: critical, Rules: 1",e126b1f311ffcc31
2026-01-07T05:42:01.425264Z,Rule Firing,يومية العمال 2.xlsx,"Score: 95, Severity: critical, Rules: 1",d96b62a5af865e99
2026-01-07T05:42:01.426255Z,Rule Firing,نص 7.txt,"Score: 95, Severity: critical, Rules: 1",c9e2e57a451cb522
2026-01-07T05:42:01.427268Z,Rule Firing,نص 8.txt,"Score: 95, Severity: critical, Rules: 1",da6f3b9f24f87f90
2026-01-07T05:42:01.428253Z,Rule Firing,نص 9.txt,"Score: 95, Severity: critical, Rules: 1",26bbfb80b886d73b
2026-01-07T05:42:01.429254Z,Rule Firing,نص 10.txt,"Score: 95, Severity: critical, Rules: 1",631031e7b0b8553e
2026-01-07T05:42:01.430763Z,Rule Firing,نص 11.txt,"Score: 95, Severity: critical, Rules: 1",83d9628eaf0aefd8
2026-01-07T05:42:01.438327Z,Rule Firing,نص 12.txt,"Score: 95, Severity: critical, Rules: 1",79df51f0ed7b62a9
2026-01-07T05:42:01.439328Z,Rule Firing,نص 13.txt,"Score: 95, Severity: critical, Rules: 1",2df3dbbd59c6e901
2026-01-07T05:42:01.440842Z,Rule Firing,نص 14.txt,"Score: 95, Severity: critical, Rules: 1",81abf46191d7d1d7
2026-01-07T05:42:01.442358Z,Rule Firing,نص 15.txt,"Score: 95, Severity: critical, Rules: 1",938eae6e34874180
2026-01-07T05:42:01.443867Z,Rule Firing,نص 16.txt,"Score: 95, Severity: critical, Rules: 1",5a0cf27471c10f5e
2026-01-07T05:42:01.444877Z,Rule Firing,نص 17.txt,"Score: 95, Severity: critical, Rules: 1",2c30a8235b5745c9
2026-01-07T05:42:01.445876Z,Rule Firing,نص 18.txt,"Score: 95, Severity: critical, Rules: 1",b37d2e89a36473e2
2026-01-07T05:42:01.446875Z,Rule Firing,نص 19.txt,"Score: 95, Severity: critical, Rules: 1",3c1bfac42f086d7b
2026-01-07T05:42:01.447876Z,Rule Firing,نص 20.txt,"Score: 95, Severity: critical, Rules: 1",4867cc992af13d1a
2026-01-07T05:42:01.449382Z,Rule Firing,نص 21.txt,"Score: 95, Severity: critical, Rules: 1",0a3911c9b472ac84
2026-01-07T05:42:01.457973Z,Rule Firing,نص 22.txt,"Score: 95, Severity: critical, Rules: 1",6d5a50f20e863207
2026-01-07T05:42:01.458972Z,Rule Firing,نص 23.txt,"Score: 95, Severity: critical, Rules: 1",05e6885f1cf11aa1
2026-01-07T05:42:01.460481Z,Rule Firing,نص 24.txt,"Score: 95, Severity: critical, Rules: 1",ebc08edad5ca5c85
2026-01-07T05:42:01.461493Z,Rule Firing,نص 25.txt,"Score: 95, Severity: critical, Rules: 1",1e1c5a88bdafd839
2026-01-07T05:42:01.462944Z,Rule Firing,نص 26.txt,"Score: 95, Severity: critical, Rules: 1",393c24534c69dc96
2026-01-07T05:42:01.464450Z,Rule Firing,نص 27.txt,"Score: 95, Severity: critical, Rules: 1",24e5076fdb8547f4
2026-01-07T05:42:01.465458Z,Rule Firing,نص 28.txt,"Score: 95, Severity: critical, Rules: 1",a6ad216a33bfc3c9
2026-01-07T05:42:01.467505Z,Rule Firing,نص 29.txt,"Score: 95, Severity: critical, Rules: 1",b66dd33ca7c92240
2026-01-07T05:42:01.468580Z,Rule Firing,نص 30.txt,"Score: 95, Severity: critical, Rules: 1",24b30ee69d3cfbb0
2026-01-07T05:42:01.470463Z,Rule Firing,نص 31.txt,"Score: 95, Severity: critical, Rules: 1",24dc35f0a70e277a
2026-01-07T05:42:01.477190Z,Rule Firing,نص 32.txt,"Score: 95, Severity: critical, Rules: 1",c13c5afba6902455
2026-01-07T05:42:01.478282Z,Rule Firing,نص 33.txt,"Score: 95, Severity: critical, Rules: 1",a7eeb1b7e90c087d
2026-01-07T05:42:01.479288Z,Rule Firing,نص 34.txt,"Score: 95, Severity: critical, Rules: 1",ee963d8f3b24dc41
2026-01-07T05:42:01.479288Z,Rule Firing,نص 35.txt,"Score: 95, Severity: critical, Rules: 1",98e5161242f86ab6
2026-01-07T05:42:01.481820Z,Rule Firing,نص.txt,"Score: 95, Severity: critical, Rules: 1",ca08a1682958c869
2026-01-07T05:42:01.482952Z,Rule Firing,نص 2.txt,"Score: 95, Severity: critical, Rules: 1",3269cac9f7b3702e
2026-01-07T05:42:01.484959Z,Rule Firing,نص 3.txt,"Score: 95, Severity: critical, Rules: 1",f75f83a0c6471698
2026-01-07T05:42:01.486463Z,Rule Firing,نص 4.txt,"Score: 95, Severity: critical, Rules: 1",29f9f39506cc0298
2026-01-07T05:42:01.487395Z,Rule Firing,نص 5.txt,"Score: 95, Severity: critical, Rules: 1",efc00caf294077c3
2026-01-07T05:42:01.489460Z,Rule Firing,نص 6.txt,"Score: 95, Severity: critical, Rules: 1",9932c08892c3cf89
2026-01-07T05:42:01.496756Z,Rule Firing,كلمات الميتا ماسك.jpeg,"Score: 95, Severity: critical, Rules: 1",676b5aa372b63d7d
2026-01-07T05:42:01.497709Z,Rule Firing,.~.dropbox.external.writable,"Score: 30, Severity: low, Rules: 1",d73b8c0f9099918c
2026-01-07T05:42:01.500717Z,Rule Firing,bybit wallet.txt,"Score: 95, Severity: critical, Rules: 1",26de81b1f9e98241
2026-01-07T05:42:01.501796Z,Rule Firing,.~.dropbox.external.writable,"Score: 30, Severity: low, Rules: 1",58495f6ed39db5fd
2026-01-07T05:42:01.502806Z,Rule Firing,_jrat.csv,"Score: 95, Severity: critical, Rules: 1",ca5f5542e4c3bcef
2026-01-07T05:42:01.505322Z,Rule Firing,FTP_bruteforce.csv,"Score: 95, Severity: critical, Rules: 1",6e1aaaf37e8d8c71
2026-01-07T05:42:01.506325Z,Rule Firing,DNS Remote Shell.pcap,"Score: 95, Severity: critical, Rules: 1",73588b7f40d3e22f
2026-01-07T05:42:01.508381Z,Rule Firing,Brute-Force,"Score: 95, Severity: critical, Rules: 1",6050ce68577b5348
2026-01-07T05:42:01.509275Z,Rule Firing,SQL Injection.log,"Score: 95, Severity: critical, Rules: 1",73060a773cc1a069
2026-01-07T05:42:01.510881Z,Rule Firing,Windows_Evidence_001.dd,"Score: 95, Severity: critical, Rules: 1",3bfd912c4bc08fe6
2026-01-07T05:42:01.518068Z,Rule Firing,RamCapturer.zip,"Score: 95, Severity: critical, Rules: 1",6db993d7467a53e5
2026-01-07T05:42:01.519066Z,Rule Firing,.~.dropbox.external.writable,"Score: 30, Severity: low, Rules: 1",9992361fad13d369
2026-01-07T05:42:01.519066Z,Rule Firing,RamCapturer.zip,"Score: 95, Severity: critical, Rules: 1",28b5d6463ec389a4
2026-01-07T05:42:01.523156Z,Rule Firing,$OrphanFiles,"Score: 30, Severity: low, Rules: 1",eca715dd5220a93d
2026-01-07T05:47:15.177099Z,Rule Firing,SanDiskSecureAccessV2_win.exe,"Score: 95, Severity: critical, Rules: 1",e18745a5852a5d3d
2026-01-07T05:47:15.179036Z,Rule Firing,حل أسئلة الدراسات الاجتماعية والوطنية 2م ف1 طالب.pdf,"Score: 95, Severity: critical, Rules: 1",49d94228dc809665
2026-01-07T05:47:15.180054Z,Rule Firing,حل أسئلة الدراسات الاجتماعية والوطنية 2م ف1 نشاط.pdf,"Score: 95, Severity: critical, Rules: 1",5927fbe8c67db057
2026-01-07T05:47:15.182074Z,Rule Firing,بحث مادة التفسير.docx,"Score: 95, Severity: critical, Rules: 1",ec75f9a19c495642
2026-01-07T05:47:15.185603Z,Rule Firing,{4944f5ac-fe92-4c3c-879b-cae84db01eec}.enc,"Score: 30, Severity: low, Rules: 1",1b777ef3f141365c
2026-01-07T05:47:15.194656Z,Rule Firing,المستوى الاحداثي.gif,"Score: 95, Severity: critical, Rules: 1",d117d5fb47e864ab
2026-01-07T05:47:15.195662Z,Rule Firing,This is NOT a virus (README).txt,"Score: 75, Severity: high, Rules: 1",9a299737519bf251
2026-01-07T05:47:15.196661Z,Rule Firing,Icon.ico,"Score: 75, Severity: high, Rules: 1",3183f4f2600661fd
2026-01-07T05:47:15.196661Z,Rule Firing,desktop.ini,"Score: 75, Severity: high, Rules: 1",68e56484e5a22424
2026-01-07T05:47:15.197658Z,Rule Firing,Inkscape-0.92.1-1.exe,"Score: 95, Severity: critical, Rules: 1",59a9ed29f2be739c
2026-01-07T05:47:15.200184Z,Rule Firing,Inkscape-0.92.1.msi,"Score: 95, Severity: critical, Rules: 1",6e6474c6cc1f88d4
2026-01-07T05:47:15.201208Z,Rule Firing,InkscapePortable_0.92.1.paf.exe,"Score: 95, Severity: critical, Rules: 1",85666742fb92410e
2026-01-07T05:47:15.202222Z,Rule Firing,Inkscape-0.92.1-x64-1.exe,"Score: 95, Severity: critical, Rules: 1",b6ea0725b24d18a8
2026-01-07T05:47:15.202222Z,Rule Firing,Inkscape-0.92.1-x64.msi,"Score: 95, Severity: critical, Rules: 1",d2db915c124b3f39
2026-01-07T05:47:15.206884Z,Rule Firing,يومية العمال 2.xlsx,"Score: 95, Severity: critical, Rules: 1",5502910075bac2fd
2026-01-07T05:47:15.217490Z,Rule Firing,نص 7.txt,"Score: 95, Severity: critical, Rules: 1",a77d63b23ce06550
2026-01-07T05:47:15.219303Z,Rule Firing,نص 8.txt,"Score: 95, Severity: critical, Rules: 1",54ec42905d6f2db0
2026-01-07T05:47:15.222011Z,Rule Firing,نص 9.txt,"Score: 95, Severity: critical, Rules: 1",6f4a345b64fbe420
2026-01-07T05:47:15.223531Z,Rule Firing,نص 10.txt,"Score: 95, Severity: critical, Rules: 1",1498a1ac78598dfb
2026-01-07T05:47:15.224566Z,Rule Firing,نص 11.txt,"Score: 95, Severity: critical, Rules: 1",c51193aaae36c623
2026-01-07T05:47:15.225615Z,Rule Firing,نص 12.txt,"Score: 95, Severity: critical, Rules: 1",f8ca96388a63a831
2026-01-07T05:47:15.226642Z,Rule Firing,نص 13.txt,"Score: 95, Severity: critical, Rules: 1",64d63a83ffe00d11
2026-01-07T05:47:15.227550Z,Rule Firing,نص 14.txt,"Score: 95, Severity: critical, Rules: 1",115bb5b929cc15d7
2026-01-07T05:47:15.229064Z,Rule Firing,نص 15.txt,"Score: 95, Severity: critical, Rules: 1",e11c862a92800881
2026-01-07T05:47:15.230078Z,Rule Firing,نص 16.txt,"Score: 95, Severity: critical, Rules: 1",0286bddd565e7b00
2026-01-07T05:47:15.240372Z,Rule Firing,نص 17.txt,"Score: 95, Severity: critical, Rules: 1",c8a767d853603b6c
2026-01-07T05:47:15.241979Z,Rule Firing,نص 18.txt,"Score: 95, Severity: critical, Rules: 1",9be6f3a0a736d012
2026-01-07T05:47:15.244515Z,Rule Firing,نص 19.txt,"Score: 95, Severity: critical, Rules: 1",e20ada39b18c1e80
2026-01-07T05:47:15.246501Z,Rule Firing,نص 20.txt,"Score: 95, Severity: critical, Rules: 1",2e09ac1b7b2f41be
2026-01-07T05:47:15.247508Z,Rule Firing,نص 21.txt,"Score: 95, Severity: critical, Rules: 1",19244e8324ef4087
2026-01-07T05:47:15.250092Z,Rule Firing,نص 22.txt,"Score: 95, Severity: critical, Rules: 1",eeb08cd0ada55742
2026-01-07T05:47:15.252198Z,Rule Firing,نص 23.txt,"Score: 95, Severity: critical, Rules: 1",0bc2385a1fbcb1d0
2026-01-07T05:47:15.253710Z,Rule Firing,نص 24.txt,"Score: 95, Severity: critical, Rules: 1",286ad589ba545590
2026-01-07T05:47:15.255725Z,Rule Firing,نص 25.txt,"Score: 95, Severity: critical, Rules: 1",746933c26bfd0ce7
2026-01-07T05:47:15.257727Z,Rule Firing,نص 26.txt,"Score: 95, Severity: critical, Rules: 1",fd8fec4be619c02d
2026-01-07T05:47:15.264522Z,Rule Firing,نص 27.txt,"Score: 95, Severity: critical, Rules: 1",31cf2bf215f4098b
2026-01-07T05:47:15.266528Z,Rule Firing,نص 28.txt,"Score: 95, Severity: critical, Rules: 1",a24bed4af113ea46
2026-01-07T05:47:15.267599Z,Rule Firing,نص 29.txt,"Score: 95, Severity: critical, Rules: 1",176c891df3404b9b
2026-01-07T05:47:15.269120Z,Rule Firing,نص 30.txt,"Score: 95, Severity: critical, Rules: 1",80f87ef15062f32d
2026-01-07T05:47:15.271166Z,Rule Firing,نص 31.txt,"Score: 95, Severity: critical, Rules: 1",66ac89d869225fda
2026-01-07T05:47:15.272331Z,Rule Firing,نص 32.txt,"Score: 95, Severity: critical, Rules: 1",58679b9fcb4e2a67
2026-01-07T05:47:15.273929Z,Rule Firing,نص 33.txt,"Score: 95, Severity: critical, Rules: 1",7420122bbcf6f75c
2026-01-07T05:47:15.275033Z,Rule Firing,نص 34.txt,"Score: 95, Severity: critical, Rules: 1",2863ba4ea6b3c089
2026-01-07T05:47:15.276943Z,Rule Firing,نص 35.txt,"Score: 95, Severity: critical, Rules: 1",06d48a212cf000cb
2026-01-07T05:47:15.277951Z,Rule Firing,نص.txt,"Score: 95, Severity: critical, Rules: 1",7f11c208cff52545
2026-01-07T05:47:15.288293Z,Rule Firing,نص 2.txt,"Score: 95, Severity: critical, Rules: 1",747ee3f665f12e2f
2026-01-07T05:47:15.290300Z,Rule Firing,نص 3.txt,"Score: 95, Severity: critical, Rules: 1",6eaa2756ab1a13a3
2026-01-07T05:47:15.291309Z,Rule Firing,نص 4.txt,"Score: 95, Severity: critical, Rules: 1",a62c264e2f790d09
2026-01-07T05:47:15.292314Z,Rule Firing,نص 5.txt,"Score: 95, Severity: critical, Rules: 1",ebe5610914f13377
2026-01-07T05:47:15.292314Z,Rule Firing,نص 6.txt,"Score: 95, Severity: critical, Rules: 1",db2e9b595467a498
2026-01-07T05:47:15.293335Z,Rule Firing,كلمات الميتا ماسك.jpeg,"Score: 95, Severity: critical, Rules: 1",bd3f12081a4e868f
2026-01-07T05:47:15.294720Z,Rule Firing,.~.dropbox.external.writable,"Score: 30, Severity: low, Rules: 1",41411c314a82a45b
2026-01-07T05:47:15.295717Z,Rule Firing,bybit wallet.txt,"Score: 95, Severity: critical, Rules: 1",d161a539662bbffc
2026-01-07T05:47:15.295717Z,Rule Firing,.~.dropbox.external.writable,"Score: 30, Severity: low, Rules: 1",8cb6e7f4c1db5adc
2026-01-07T05:47:15.297714Z,Rule Firing,_jrat.csv,"Score: 95, Severity: critical, Rules: 1",7c2b79c38dd84af0
2026-01-07T05:47:15.307826Z,Rule Firing,FTP_bruteforce.csv,"Score: 95, Severity: critical, Rules: 1",a663f714165790c0
2026-01-07T05:47:15.309335Z,Rule Firing,DNS Remote Shell.pcap,"Score: 95, Severity: critical, Rules: 1",b560dba752cca527
2026-01-07T05:47:15.310344Z,Rule Firing,Brute-Force,"Score: 95, Severity: critical, Rules: 1",7a44ea4c3d5ed8f5
2026-01-07T05:47:15.311536Z,Rule Firing,SQL Injection.log,"Score: 95, Severity: critical, Rules: 1",e71cfee495f8d079
2026-01-07T05:47:15.313054Z,Rule Firing,Windows_Evidence_001.dd,"Score: 95, Severity: critical, Rules: 1",e7f6a46f1e718e69
2026-01-07T05:47:15.314059Z,Rule Firing,RamCapturer.zip,"Score: 95, Severity: critical, Rules: 1",f5fe924bf839e935
2026-01-07T05:47:15.316060Z,Rule Firing,.~.dropbox.external.writable,"Score: 30, Severity: low, Rules: 1",79d7942e9faf1ab8
2026-01-07T05:47:15.318060Z,Rule Firing,RamCapturer.zip,"Score: 95, Severity: critical, Rules: 1",37fe7683f25305ba
2026-01-07T05:47:15.320078Z,Rule Firing,$OrphanFiles,"Score: 30, Severity: low, Rules: 1",8f726ab72b7df7bc
2026-01-08T05:05:27.592345Z,Rule Firing,SanDiskSecureAccessV2_win.exe,"Score: 95, Severity: critical, Rules: 1",4849dfc361230532
2026-01-08T05:05:27.594345Z,Rule Firing,حل أسئلة الدراسات الاجتماعية والوطنية 2م ف1 طالب.pdf,"Score: 95, Severity: critical, Rules: 1",454393f5f12a9668
2026-01-08T05:05:27.595865Z,Rule Firing,حل أسئلة الدراسات الاجتماعية والوطنية 2م ف1 نشاط.pdf,"Score: 95, Severity: critical, Rules: 1",4273090e9ba0f222
2026-01-08T05:05:27.596883Z,Rule Firing,بحث مادة التفسير.docx,"Score: 95, Severity: critical, Rules: 1",becab60114194803
2026-01-08T05:05:27.597884Z,Rule Firing,{4944f5ac-fe92-4c3c-879b-cae84db01eec}.enc,"Score: 30, Severity: low, Rules: 1",386e92e01c98cdca
2026-01-08T05:05:27.599880Z,Rule Firing,المستوى الاحداثي.gif,"Score: 95, Severity: critical, Rules: 1",df2190a7b4dea1b7
2026-01-08T05:05:27.600883Z,Rule Firing,This is NOT a virus (README).txt,"Score: 75, Severity: high, Rules: 1",cd8403ecd197916e
2026-01-08T05:05:27.601883Z,Rule Firing,Icon.ico,"Score: 75, Severity: high, Rules: 1",d6490b669afa8fa5
2026-01-08T05:05:27.602883Z,Rule Firing,desktop.ini,"Score: 75, Severity: high, Rules: 1",177fcbbaecd6e424
2026-01-08T05:05:27.603885Z,Rule Firing,Inkscape-0.92.1-1.exe,"Score: 95, Severity: critical, Rules: 1",9b891c5560d0174f
2026-01-08T05:05:27.619100Z,Rule Firing,Inkscape-0.92.1.msi,"Score: 95, Severity: critical, Rules: 1",127bc9790db82897
2026-01-08T05:05:27.622033Z,Rule Firing,InkscapePortable_0.92.1.paf.exe,"Score: 95, Severity: critical, Rules: 1",8927402eb4b81830
2026-01-08T05:05:27.623015Z,Rule Firing,Inkscape-0.92.1-x64-1.exe,"Score: 95, Severity: critical, Rules: 1",715e758f42e0deef
2026-01-08T05:05:27.624143Z,Rule Firing,Inkscape-0.92.1-x64.msi,"Score: 95, Severity: critical, Rules: 1",30b2fad9f13c02c1
2026-01-08T05:05:27.625118Z,Rule Firing,يومية العمال 2.xlsx,"Score: 95, Severity: critical, Rules: 1",87f34303615ba489
2026-01-08T05:05:27.626106Z,Rule Firing,نص 7.txt,"Score: 95, Severity: critical, Rules: 1",87559cf8f82599a2
2026-01-08T05:05:27.626719Z,Rule Firing,نص 8.txt,"Score: 95, Severity: critical, Rules: 1",550c3eae8ac3371a
2026-01-08T05:05:27.628807Z,Rule Firing,نص 9.txt,"Score: 95, Severity: critical, Rules: 1",8bfc34cbd61cec5c
2026-01-08T05:05:27.629817Z,Rule Firing,نص 10.txt,"Score: 95, Severity: critical, Rules: 1",c9e5ffce3b6a7b7d
2026-01-08T05:05:27.630819Z,Rule Firing,نص 11.txt,"Score: 95, Severity: critical, Rules: 1",2ba3e897a0a6ac9c
2026-01-08T05:05:27.639444Z,Rule Firing,نص 12.txt,"Score: 95, Severity: critical, Rules: 1",fb76717edfcfb365
2026-01-08T05:05:27.640516Z,Rule Firing,نص 13.txt,"Score: 95, Severity: critical, Rules: 1",f0cea3dbba6318b0
2026-01-08T05:05:27.641521Z,Rule Firing,نص 14.txt,"Score: 95, Severity: critical, Rules: 1",6b23fd2a782305a2
2026-01-08T05:05:27.642515Z,Rule Firing,نص 15.txt,"Score: 95, Severity: critical, Rules: 1",da4c70d6f8c4c0f2
2026-01-08T05:05:27.644440Z,Rule Firing,نص 16.txt,"Score: 95, Severity: critical, Rules: 1",ba5bc97196318b0b
2026-01-08T05:05:27.645953Z,Rule Firing,نص 17.txt,"Score: 95, Severity: critical, Rules: 1",5299ab2440fd4f94
2026-01-08T05:05:27.646974Z,Rule Firing,نص 18.txt,"Score: 95, Severity: critical, Rules: 1",a6262e007f1e9434
2026-01-08T05:05:27.648057Z,Rule Firing,نص 19.txt,"Score: 95, Severity: critical, Rules: 1",488d097f9b0fc128
2026-01-08T05:05:27.649057Z,Rule Firing,نص 20.txt,"Score: 95, Severity: critical, Rules: 1",3c526cf5b0892507
2026-01-08T05:05:27.650975Z,Rule Firing,نص 21.txt,"Score: 95, Severity: critical, Rules: 1",ffaa53f5fedbe017
2026-01-08T05:05:27.659661Z,Rule Firing,نص 22.txt,"Score: 95, Severity: critical, Rules: 1",38c5262cb246a24e
2026-01-08T05:05:27.661649Z,Rule Firing,نص 23.txt,"Score: 95, Severity: critical, Rules: 1",9c11b04eb3316669
2026-01-08T05:05:27.662723Z,Rule Firing,نص 24.txt,"Score: 95, Severity: critical, Rules: 1",d8cfd4b8e0b73ea2
2026-01-08T05:05:27.664642Z,Rule Firing,نص 25.txt,"Score: 95, Severity: critical, Rules: 1",8be1cda541153720
2026-01-08T05:05:27.666183Z,Rule Firing,نص 26.txt,"Score: 95, Severity: critical, Rules: 1",cf11d581d92c7dcb
2026-01-08T05:05:27.667249Z,Rule Firing,نص 27.txt,"Score: 95, Severity: critical, Rules: 1",f5e011417624c61d
2026-01-08T05:05:27.669200Z,Rule Firing,نص 28.txt,"Score: 95, Severity: critical, Rules: 1",36afeb1d920bca7b
2026-01-08T05:05:27.670301Z,Rule Firing,نص 29.txt,"Score: 95, Severity: critical, Rules: 1",7189d6ba6d37a692
2026-01-08T05:05:27.671286Z,Rule Firing,نص 30.txt,"Score: 95, Severity: critical, Rules: 1",d80f2b62b6969b76
2026-01-08T05:05:27.672294Z,Rule Firing,نص 31.txt,"Score: 95, Severity: critical, Rules: 1",904c82d7e6d6c3ee
2026-01-08T05:05:27.682312Z,Rule Firing,نص 32.txt,"Score: 95, Severity: critical, Rules: 1",4e93f5ccb6cc8f38
2026-01-08T05:05:27.683311Z,Rule Firing,نص 33.txt,"Score: 95, Severity: critical, Rules: 1",969a518a9b8a4485
2026-01-08T05:05:27.684310Z,Rule Firing,نص 34.txt,"Score: 95, Severity: critical, Rules: 1",00671d2bbe220cad
2026-01-08T05:05:27.685832Z,Rule Firing,نص 35.txt,"Score: 95, Severity: critical, Rules: 1",d3b08585e54d7f05
2026-01-08T05:05:27.686884Z,Rule Firing,نص.txt,"Score: 95, Severity: critical, Rules: 1",eac3106cf564c0fe
2026-01-08T05:05:27.688851Z,Rule Firing,نص 2.txt,"Score: 95, Severity: critical, Rules: 1",fc7ad34fb83ad2d6
2026-01-08T05:05:27.689852Z,Rule Firing,نص 3.txt,"Score: 95, Severity: critical, Rules: 1",31a02cce2a823e2c
2026-01-08T05:05:27.691854Z,Rule Firing,نص 4.txt,"Score: 95, Severity: critical, Rules: 1",80e34d6ed3c8f0d5
2026-01-08T05:05:27.692847Z,Rule Firing,نص 5.txt,"Score: 95, Severity: critical, Rules: 1",34af4137a5a8cf8b
2026-01-08T05:05:27.694360Z,Rule Firing,نص 6.txt,"Score: 95, Severity: critical, Rules: 1",7fb852427ca1c134
2026-01-08T05:05:27.703380Z,Rule Firing,كلمات الميتا ماسك.jpeg,"Score: 95, Severity: critical, Rules: 1",387e56431a7b1df9
2026-01-08T05:05:27.704384Z,Rule Firing,.~.dropbox.external.writable,"Score: 30, Severity: low, Rules: 1",87de0d743e726944
2026-01-08T05:05:27.706990Z,Rule Firing,bybit wallet.txt,"Score: 95, Severity: critical, Rules: 1",dfa38ae691af7baf
2026-01-08T05:05:27.707900Z,Rule Firing,.~.dropbox.external.writable,"Score: 30, Severity: low, Rules: 1",13f48a55bacdea87
2026-01-08T05:05:27.709329Z,Rule Firing,_jrat.csv,"Score: 95, Severity: critical, Rules: 1",d5fc5b64701113a9
2026-01-08T05:05:27.711341Z,Rule Firing,FTP_bruteforce.csv,"Score: 95, Severity: critical, Rules: 1",985bd7376ead1dc0
2026-01-08T05:05:27.712340Z,Rule Firing,DNS Remote Shell.pcap,"Score: 95, Severity: critical, Rules: 1",c63a2524fe224336
2026-01-08T05:05:27.714348Z,Rule Firing,Brute-Force,"Score: 95, Severity: critical, Rules: 1",40b2c94b1dffa07e
2026-01-08T05:05:27.716967Z,Rule Firing,SQL Injection.log,"Score: 95, Severity: critical, Rules: 1",838b76c64a25ef5a
2026-01-08T05:05:27.719483Z,Rule Firing,Windows_Evidence_001.dd,"Score: 95, Severity: critical, Rules: 1",0d557f4df9336a2c
2026-01-08T05:05:27.737109Z,Rule Firing,RamCapturer.zip,"Score: 95, Severity: critical, Rules: 1",88dcef321509b4d0
2026-01-08T05:05:27.739633Z,Rule Firing,.~.dropbox.external.writable,"Score: 30, Severity: low, Rules: 1",ce558bd9ababf1d2
2026-01-08T05:05:27.741650Z,Rule Firing,RamCapturer.zip,"Score: 95, Severity: critical, Rules: 1",299a96205b5df96b
2026-01-08T05:05:27.744711Z,Rule Firing,$OrphanFiles,"Score: 30, Severity: low, Rules: 1",50825de886e3a338
2026-01-13T16:13:44.393966Z,Rule Firing,SanDiskSecureAccessV2_win.exe,"Score: 95, Severity: critical, Rules: 1",5460cdb1f43c5b94
2026-01-13T16:13:44.393966Z,Rule Firing,حل أسئلة الدراسات الاجتماعية والوطنية 2م ف1 طالب.pdf,"Score: 95, Severity: critical, Rules: 1",80b43e1aa5e1f1c0
2026-01-13T16:13:44.393966Z,Rule Firing,حل أسئلة الدراسات الاجتماعية والوطنية 2م ف1 نشاط.pdf,"Score: 95, Severity: critical, Rules: 1",58a4023ab7db4fcd
2026-01-13T16:13:44.398270Z,Rule Firing,بحث مادة التفسير.docx,"Score: 95, Severity: critical, Rules: 1",3231c0b6d9c37e24
2026-01-13T16:13:44.398270Z,Rule Firing,{4944f5ac-fe92-4c3c-879b-cae84db01eec}.enc,"Score: 30, Severity: low, Rules: 1",ce065adc91b04058
2026-01-13T16:13:44.400455Z,Rule Firing,المستوى الاحداثي.gif,"Score: 95, Severity: critical, Rules: 1",470e19d3c91c529d
2026-01-13T16:13:44.403002Z,Rule Firing,This is NOT a virus (README).txt,"Score: 75, Severity: high, Rules: 1",84fc6f312af5c369
2026-01-13T16:13:44.403002Z,Rule Firing,Icon.ico,"Score: 75, Severity: high, Rules: 1",c6db346745e13b92
2026-01-13T16:13:44.403002Z,Rule Firing,desktop.ini,"Score: 75, Severity: high, Rules: 1",4d7298fc188b0670
2026-01-13T16:13:44.406219Z,Rule Firing,Inkscape-0.92.1-1.exe,"Score: 95, Severity: critical, Rules: 1",05566a23b55ffe9a
2026-01-13T16:13:44.413375Z,Rule Firing,Inkscape-0.92.1.msi,"Score: 95, Severity: critical, Rules: 1",58c399b3fdc1d697
2026-01-13T16:13:44.415385Z,Rule Firing,InkscapePortable_0.92.1.paf.exe,"Score: 95, Severity: critical, Rules: 1",7cd309005c7c7a2c
2026-01-13T16:13:44.415385Z,Rule Firing,Inkscape-0.92.1-x64-1.exe,"Score: 95, Severity: critical, Rules: 1",0ae3e37d9c47994d
2026-01-13T16:13:44.417393Z,Rule Firing,Inkscape-0.92.1-x64.msi,"Score: 95, Severity: critical, Rules: 1",66e2e42c7d7d507d
2026-01-13T16:13:44.418402Z,Rule Firing,يومية العمال 2.xlsx,"Score: 95, Severity: critical, Rules: 1",f2137b583547a142
2026-01-13T16:13:44.418402Z,Rule Firing,نص 7.txt,"Score: 95, Severity: critical, Rules: 1",cb48e4bebfc9eda0
2026-01-13T16:13:44.420437Z,Rule Firing,نص 8.txt,"Score: 95, Severity: critical, Rules: 1",b01dcf7f314f8234
2026-01-13T16:13:44.422190Z,Rule Firing,نص 9.txt,"Score: 95, Severity: critical, Rules: 1",b1d2d97455f5493f
2026-01-13T16:13:44.422190Z,Rule Firing,نص 10.txt,"Score: 95, Severity: critical, Rules: 1",825493261381f389
2026-01-13T16:13:44.424201Z,Rule Firing,نص 11.txt,"Score: 95, Severity: critical, Rules: 1",a42d504b7594c05a
2026-01-13T16:13:44.428346Z,Rule Firing,نص 12.txt,"Score: 95, Severity: critical, Rules: 1",ee48c201231d49ee
2026-01-13T16:13:44.428346Z,Rule Firing,نص 13.txt,"Score: 95, Severity: critical, Rules: 1",5cae2b2014670a5d
2026-01-13T16:13:44.428346Z,Rule Firing,نص 14.txt,"Score: 95, Severity: critical, Rules: 1",829c2eac20bd813c
2026-01-13T16:13:44.428346Z,Rule Firing,نص 15.txt,"Score: 95, Severity: critical, Rules: 1",7c59f9fcf8cba508
2026-01-13T16:13:44.428346Z,Rule Firing,نص 16.txt,"Score: 95, Severity: critical, Rules: 1",47937a54caab8ad7
2026-01-13T16:13:44.428346Z,Rule Firing,نص 17.txt,"Score: 95, Severity: critical, Rules: 1",2afdc8a76b51ffa7
2026-01-13T16:13:44.438290Z,Rule Firing,نص 18.txt,"Score: 95, Severity: critical, Rules: 1",3098e90838126592
2026-01-13T16:13:44.438290Z,Rule Firing,نص 19.txt,"Score: 95, Severity: critical, Rules: 1",3cb58e74610b0c52
2026-01-13T16:13:44.438290Z,Rule Firing,نص 20.txt,"Score: 95, Severity: critical, Rules: 1",a3a3573431b0df40
2026-01-13T16:13:44.438290Z,Rule Firing,نص 21.txt,"Score: 95, Severity: critical, Rules: 1",bc3d692941a9843a
2026-01-13T16:13:44.448333Z,Rule Firing,نص 22.txt,"Score: 95, Severity: critical, Rules: 1",4d371aad6a7ee359
2026-01-13T16:13:44.448333Z,Rule Firing,نص 23.txt,"Score: 95, Severity: critical, Rules: 1",fb15dfb754b028b8
2026-01-13T16:13:44.448333Z,Rule Firing,نص 24.txt,"Score: 95, Severity: critical, Rules: 1",8dc10205fbfa5f8e
2026-01-13T16:13:44.448333Z,Rule Firing,نص 25.txt,"Score: 95, Severity: critical, Rules: 1",2e96d73947774628
2026-01-13T16:13:44.448333Z,Rule Firing,نص 26.txt,"Score: 95, Severity: critical, Rules: 1",3c7abfcfce4cd33d
2026-01-13T16:13:44.454165Z,Rule Firing,نص 27.txt,"Score: 95, Severity: critical, Rules: 1",cd6e5ec5ac0ec48d
2026-01-13T16:13:44.454165Z,Rule Firing,نص 28.txt,"Score: 95, Severity: critical, Rules: 1",51d6025cd0db37d8
2026-01-13T16:13:44.454165Z,Rule Firing,نص 29.txt,"Score: 95, Severity: critical, Rules: 1",a119ad506428b231
2026-01-13T16:13:44.454165Z,Rule Firing,نص 30.txt,"Score: 95, Severity: critical, Rules: 1",88e7f1ba3af30456
2026-01-13T16:13:44.458305Z,Rule Firing,نص 31.txt,"Score: 95, Severity: critical, Rules: 1",4575bf7e829e7b1e
2026-01-13T16:13:44.463174Z,Rule Firing,نص 32.txt,"Score: 95, Severity: critical, Rules: 1",7085e408756fd565
2026-01-13T16:13:44.468195Z,Rule Firing,نص 33.txt,"Score: 95, Severity: critical, Rules: 1",071a7135d098459f
2026-01-13T16:13:44.469943Z,Rule Firing,نص 34.txt,"Score: 95, Severity: critical, Rules: 1",c1620904c8a8e3b5
2026-01-13T16:13:44.471091Z,Rule Firing,نص 35.txt,"Score: 95, Severity: critical, Rules: 1",dea9980ccf9ef57b
2026-01-13T16:13:44.472093Z,Rule Firing,نص.txt,"Score: 95, Severity: critical, Rules: 1",1a996fd01bed2105
2026-01-13T16:13:44.473096Z,Rule Firing,نص 2.txt,"Score: 95, Severity: critical, Rules: 1",429afa548ae431b8
2026-01-13T16:13:44.474094Z,Rule Firing,نص 3.txt,"Score: 95, Severity: critical, Rules: 1",b94f5ada6f7f9e38
2026-01-13T16:13:44.475097Z,Rule Firing,نص 4.txt,"Score: 95, Severity: critical, Rules: 1",744f07bd8af91cef
2026-01-13T16:13:44.476092Z,Rule Firing,نص 5.txt,"Score: 95, Severity: critical, Rules: 1",a2e9cd1f049a0a54
2026-01-13T16:13:44.477088Z,Rule Firing,نص 6.txt,"Score: 95, Severity: critical, Rules: 1",489f8f5426d2c373
2026-01-13T16:13:44.483383Z,Rule Firing,كلمات الميتا ماسك.jpeg,"Score: 95, Severity: critical, Rules: 1",1f5e54f2b30eae8d
2026-01-13T16:13:44.483383Z,Rule Firing,.~.dropbox.external.writable,"Score: 30, Severity: low, Rules: 1",e313dc6dffb7aeb9
2026-01-13T16:13:44.488348Z,Rule Firing,bybit wallet.txt,"Score: 95, Severity: critical, Rules: 1",ecd9156fff4819c7
2026-01-13T16:13:44.488348Z,Rule Firing,.~.dropbox.external.writable,"Score: 30, Severity: low, Rules: 1",2d82629bcde99df3
2026-01-13T16:13:44.488348Z,Rule Firing,_jrat.csv,"Score: 95, Severity: critical, Rules: 1",fb749a0a76fde579
2026-01-13T16:13:44.488348Z,Rule Firing,FTP_bruteforce.csv,"Score: 95, Severity: critical, Rules: 1",43a5dd1461273303
2026-01-13T16:13:44.488348Z,Rule Firing,DNS Remote Shell.pcap,"Score: 95, Severity: critical, Rules: 1",a0948e70e2e75972
2026-01-13T16:13:44.488348Z,Rule Firing,Brute-Force,"Score: 95, Severity: critical, Rules: 1",bf895ea6c4b1af5c
2026-01-13T16:13:44.488348Z,Rule Firing,SQL Injection.log,"Score: 95, Severity: critical, Rules: 1",5cd8fcffe3290e81
2026-01-13T16:13:44.488348Z,Rule Firing,Windows_Evidence_001.dd,"Score: 95, Severity: critical, Rules: 1",363f09206375de21
2026-01-13T16:13:44.504351Z,Rule Firing,RamCapturer.zip,"Score: 95, Severity: critical, Rules: 1",b073fcf195bfef89
2026-01-13T16:13:44.504351Z,Rule Firing,.~.dropbox.external.writable,"Score: 30, Severity: low, Rules: 1",821bdaa6a4d788e5
2026-01-13T16:13:44.504351Z,Rule Firing,RamCapturer.zip,"Score: 95, Severity: critical, Rules: 1",a32d54200306955a
2026-01-13T16:13:44.508435Z,Rule Firing,$OrphanFiles,"Score: 30, Severity: low, Rules: 1",191177b037e82193
2026-01-13T16:31:27.832742Z,Rule Firing,update.exe,"Score: 100, Severity: critical, Rules: 3",90d6448ee3fa52f1
2026-01-13T16:56:26.836178Z,Rule Firing,SanDiskSecureAccessV2_win.exe,"Score: 95, Severity: critical, Rules: 1",de4c6e5211c731a1
2026-01-13T16:56:26.838192Z,Rule Firing,حل أسئلة الدراسات الاجتماعية والوطنية 2م ف1 طالب.pdf,"Score: 95, Severity: critical, Rules: 1",8ac640deb5106c5d
2026-01-13T16:56:26.838192Z,Rule Firing,حل أسئلة الدراسات الاجتماعية والوطنية 2م ف1 نشاط.pdf,"Score: 95, Severity: critical, Rules: 1",c52e6e342ce03583
2026-01-13T16:56:26.838192Z,Rule Firing,بحث مادة التفسير.docx,"Score: 95, Severity: critical, Rules: 1",7b58cd4814d9959a
2026-01-13T16:56:26.838192Z,Rule Firing,{4944f5ac-fe92-4c3c-879b-cae84db01eec}.enc,"Score: 30, Severity: low, Rules: 1",fda755d53533416e
2026-01-13T16:56:26.838192Z,Rule Firing,المستوى الاحداثي.gif,"Score: 95, Severity: critical, Rules: 1",2ec5817ef1916fd5
2026-01-13T16:56:26.838192Z,Rule Firing,This is NOT a virus (README).txt,"Score: 75, Severity: high, Rules: 1",a4b8eb2b51d76c32
2026-01-13T16:56:26.838192Z,Rule Firing,Icon.ico,"Score: 75, Severity: high, Rules: 1",538b5f3fa825bd12
2026-01-13T16:56:26.848105Z,Rule Firing,desktop.ini,"Score: 75, Severity: high, Rules: 1",e1e50e5491e51524
2026-01-13T16:56:26.848105Z,Rule Firing,Inkscape-0.92.1-1.exe,"Score: 95, Severity: critical, Rules: 1",b1357c697efbbaa4
2026-01-13T16:56:26.857950Z,Rule Firing,Inkscape-0.92.1.msi,"Score: 95, Severity: critical, Rules: 1",81f750693d3e4292
2026-01-13T16:56:26.860061Z,Rule Firing,InkscapePortable_0.92.1.paf.exe,"Score: 95, Severity: critical, Rules: 1",837a94c933a20166
2026-01-13T16:56:26.860061Z,Rule Firing,Inkscape-0.92.1-x64-1.exe,"Score: 95, Severity: critical, Rules: 1",142f204380387697
2026-01-13T16:56:26.860061Z,Rule Firing,Inkscape-0.92.1-x64.msi,"Score: 95, Severity: critical, Rules: 1",02abf412257121e9
2026-01-13T16:56:26.860061Z,Rule Firing,يومية العمال 2.xlsx,"Score: 95, Severity: critical, Rules: 1",25760d1ffaddc3dd
2026-01-13T16:56:26.860061Z,Rule Firing,نص 7.txt,"Score: 95, Severity: critical, Rules: 1",33e1bb6c81e29ff6
2026-01-13T16:56:26.865682Z,Rule Firing,نص 8.txt,"Score: 95, Severity: critical, Rules: 1",b5c1e7ae164cae64
2026-01-13T16:56:26.865682Z,Rule Firing,نص 9.txt,"Score: 95, Severity: critical, Rules: 1",a14a3de1dbef721b
2026-01-13T16:56:26.865682Z,Rule Firing,نص 10.txt,"Score: 95, Severity: critical, Rules: 1",af3ffc7b42c301de
2026-01-13T16:56:26.868244Z,Rule Firing,نص 11.txt,"Score: 95, Severity: critical, Rules: 1",9cdcacdb3e1e84a8
2026-01-13T16:56:26.877093Z,Rule Firing,نص 12.txt,"Score: 95, Severity: critical, Rules: 1",d6d1452afc4f84fa
2026-01-13T16:56:26.878157Z,Rule Firing,نص 13.txt,"Score: 95, Severity: critical, Rules: 1",0d9474c7a747d9cb
2026-01-13T16:56:26.878157Z,Rule Firing,نص 14.txt,"Score: 95, Severity: critical, Rules: 1",5306277138ccaa63
2026-01-13T16:56:26.878157Z,Rule Firing,نص 15.txt,"Score: 95, Severity: critical, Rules: 1",221578c27a8730ba
2026-01-13T16:56:26.881709Z,Rule Firing,نص 16.txt,"Score: 95, Severity: critical, Rules: 1",a594f44eca150dbe
2026-01-13T16:56:26.881709Z,Rule Firing,نص 17.txt,"Score: 95, Severity: critical, Rules: 1",c2e9e4202f2dea2a
2026-01-13T16:56:26.881709Z,Rule Firing,نص 18.txt,"Score: 95, Severity: critical, Rules: 1",27a29550f2610745
2026-01-13T16:56:26.884238Z,Rule Firing,نص 19.txt,"Score: 95, Severity: critical, Rules: 1",8671dc89272c5f56
2026-01-13T16:56:26.884238Z,Rule Firing,نص 20.txt,"Score: 95, Severity: critical, Rules: 1",e5d4352080af9521
2026-01-13T16:56:26.886255Z,Rule Firing,نص 21.txt,"Score: 95, Severity: critical, Rules: 1",01b632d8badf7509
2026-01-13T16:56:26.895833Z,Rule Firing,نص 22.txt,"Score: 95, Severity: critical, Rules: 1",bbc194ae1ea10439
2026-01-13T16:56:26.895833Z,Rule Firing,نص 23.txt,"Score: 95, Severity: critical, Rules: 1",e0837abf1306ba74
2026-01-13T16:56:26.895833Z,Rule Firing,نص 24.txt,"Score: 95, Severity: critical, Rules: 1",1e31ae5201984cf0
2026-01-13T16:56:26.898351Z,Rule Firing,نص 25.txt,"Score: 95, Severity: critical, Rules: 1",867594187d7e70e8
2026-01-13T16:56:26.898351Z,Rule Firing,نص 26.txt,"Score: 95, Severity: critical, Rules: 1",27aaa81269d72c4d
2026-01-13T16:56:26.898351Z,Rule Firing,نص 27.txt,"Score: 95, Severity: critical, Rules: 1",97d107857f978844
2026-01-13T16:56:26.898351Z,Rule Firing,نص 28.txt,"Score: 95, Severity: critical, Rules: 1",8592af7ab8caf52d
2026-01-13T16:56:26.898351Z,Rule Firing,نص 29.txt,"Score: 95, Severity: critical, Rules: 1",bbca8c9d3d3eae65
2026-01-13T16:56:26.898351Z,Rule Firing,نص 30.txt,"Score: 95, Severity: critical, Rules: 1",09cc91e740d216ba
2026-01-13T16:56:26.898351Z,Rule Firing,نص 31.txt,"Score: 95, Severity: critical, Rules: 1",7254bb9cb1cc6cc9
2026-01-13T16:56:26.914141Z,Rule Firing,نص 32.txt,"Score: 95, Severity: critical, Rules: 1",2c613020da51e8e4
2026-01-13T16:56:26.914141Z,Rule Firing,نص 33.txt,"Score: 95, Severity: critical, Rules: 1",47c46c74488771c1
2026-01-13T16:56:26.914141Z,Rule Firing,نص 34.txt,"Score: 95, Severity: critical, Rules: 1",a04cf573e6389a2a
2026-01-13T16:56:26.914141Z,Rule Firing,نص 35.txt,"Score: 95, Severity: critical, Rules: 1",6573e036d29d6f72
2026-01-13T16:56:26.918291Z,Rule Firing,نص.txt,"Score: 95, Severity: critical, Rules: 1",7fbd2e68cc34ad74
2026-01-13T16:56:26.918291Z,Rule Firing,نص 2.txt,"Score: 95, Severity: critical, Rules: 1",63ffaec3787b729d
2026-01-13T16:56:26.918291Z,Rule Firing,نص 3.txt,"Score: 95, Severity: critical, Rules: 1",a874203d14da165d
2026-01-13T16:56:26.918291Z,Rule Firing,نص 4.txt,"Score: 95, Severity: critical, Rules: 1",172a97fbb78a8835
2026-01-13T16:56:26.921635Z,Rule Firing,نص 5.txt,"Score: 95, Severity: critical, Rules: 1",d418f9776b2648dd
2026-01-13T16:56:26.921635Z,Rule Firing,نص 6.txt,"Score: 95, Severity: critical, Rules: 1",09e909475262a69d
2026-01-13T16:56:26.932132Z,Rule Firing,كلمات الميتا ماسك.jpeg,"Score: 95, Severity: critical, Rules: 1",9990e72d1db810ff
2026-01-13T16:56:26.932132Z,Rule Firing,.~.dropbox.external.writable,"Score: 30, Severity: low, Rules: 1",62a72bc5eec4e1bd
2026-01-13T16:56:26.932132Z,Rule Firing,bybit wallet.txt,"Score: 95, Severity: critical, Rules: 1",47425f5246903cd6
2026-01-13T16:56:26.932132Z,Rule Firing,.~.dropbox.external.writable,"Score: 30, Severity: low, Rules: 1",1551d3c16ea77794
2026-01-13T16:56:26.932132Z,Rule Firing,_jrat.csv,"Score: 95, Severity: critical, Rules: 1",dfe693ea3c830713
2026-01-13T16:56:26.937347Z,Rule Firing,FTP_bruteforce.csv,"Score: 95, Severity: critical, Rules: 1",12206493a740b166
2026-01-13T16:56:26.938354Z,Rule Firing,DNS Remote Shell.pcap,"Score: 95, Severity: critical, Rules: 1",4cf4ef03fc11544c
2026-01-13T16:56:26.938354Z,Rule Firing,Brute-Force,"Score: 95, Severity: critical, Rules: 1",663270b3793bf5c1
2026-01-13T16:56:26.938354Z,Rule Firing,SQL Injection.log,"Score: 95, Severity: critical, Rules: 1",f7df8b42c2eb00c6
2026-01-13T16:56:26.938354Z,Rule Firing,Windows_Evidence_001.dd,"Score: 95, Severity: critical, Rules: 1",cfbd16a271cd52ae
2026-01-13T16:56:26.948035Z,Rule Firing,RamCapturer.zip,"Score: 95, Severity: critical, Rules: 1",b919ecf5b2027784
2026-01-13T16:56:26.948035Z,Rule Firing,.~.dropbox.external.writable,"Score: 30, Severity: low, Rules: 1",fe4625f312c7def5
2026-01-13T16:56:26.953173Z,Rule Firing,RamCapturer.zip,"Score: 95, Severity: critical, Rules: 1",2c2f9a36028bc689
2026-01-13T16:56:26.953173Z,Rule Firing,$OrphanFiles,"Score: 30, Severity: low, Rules: 1",73c682e06b45fcf7
2026-01-16T16:20:32.314553Z,Rule Firing,ESD-USB     (Volume Label Entry),"Score: 30, Severity: low, Rules: 1",d122ccf8de24132c
2026-01-16T16:20:32.314553Z,Rule Firing,CLAUDE.md,"Score: 95, Severity: critical, Rules: 1",86c05355d09fc95f
2026-01-16T16:20:32.314553Z,Rule Firing,config.ini,"Score: 95, Severity: critical, Rules: 1",2828cb11e963b81c
2026-01-16T16:20:32.314553Z,Rule Firing,settings.local.json,"Score: 95, Severity: critical, Rules: 1",9343eb18da6e3626
2026-01-16T16:20:32.324814Z,Rule Firing,COMMIT_EDITMSG,"Score: 95, Severity: critical, Rules: 1",54a60945606db539
2026-01-16T16:20:32.327405Z,Rule Firing,applypatch-msg.sample,"Score: 95, Severity: critical, Rules: 1",88eb309cbb44fb73
2026-01-16T16:20:32.327405Z,Rule Firing,commit-msg.sample,"Score: 95, Severity: critical, Rules: 1",cf60678e1d2e60ee
2026-01-16T16:20:32.327405Z,Rule Firing,fsmonitor-watchman.sample,"Score: 95, Severity: critical, Rules: 1",68306e6835dbcfeb
2026-01-16T16:20:32.330539Z,Rule Firing,post-update.sample,"Score: 95, Severity: critical, Rules: 1",0836e10ac620c6b6
2026-01-16T16:20:32.330539Z,Rule Firing,pre-applypatch.sample,"Score: 95, Severity: critical, Rules: 1",076d70fec651583a
2026-01-16T16:20:32.346391Z,Rule Firing,pre-commit.sample,"Score: 95, Severity: critical, Rules: 1",08de31358db0f716
2026-01-16T16:20:32.346391Z,Rule Firing,pre-merge-commit.sample,"Score: 95, Severity: critical, Rules: 1",9b15e9a41db7ef04
2026-01-16T16:20:32.346391Z,Rule Firing,pre-push.sample,"Score: 95, Severity: critical, Rules: 1",62e652747f54e75a
2026-01-16T16:20:32.346391Z,Rule Firing,pre-rebase.sample,"Score: 95, Severity: critical, Rules: 1",a356d123a1b6de52
2026-01-16T16:20:32.346391Z,Rule Firing,pre-receive.sample,"Score: 95, Severity: critical, Rules: 1",69d3de7f9b28b513
2026-01-16T16:20:32.346391Z,Rule Firing,prepare-commit-msg.sample,"Score: 95, Severity: critical, Rules: 1",1e57115e54e2aa6e
2026-01-16T16:20:32.346391Z,Rule Firing,push-to-checkout.sample,"Score: 95, Severity: critical, Rules: 1",3949c95e78cbb7c1
2026-01-16T16:20:32.346391Z,Rule Firing,sendemail-validate.sample,"Score: 95, Severity: critical, Rules: 1",63ba654a2cf68ee6
2026-01-16T16:20:32.346391Z,Rule Firing,update.sample,"Score: 95, Severity: critical, Rules: 1",99dc5dd54a93a62b
2026-01-16T16:20:32.354765Z,Rule Firing,exclude,"Score: 95, Severity: critical, Rules: 1",ede0a2fac2d29681
2026-01-16T16:20:32.369981Z,Rule Firing,ai-in,"Score: 95, Severity: critical, Rules: 1",2905da497f5ca112
2026-01-16T16:20:32.374506Z,Rule Firing,main,"Score: 95, Severity: critical, Rules: 1",74e444c7acc4d87c
2026-01-16T16:20:32.374506Z,Rule Firing,evidence_unification,"Score: 95, Severity: critical, Rules: 1",122c4c35c8418ec6
2026-01-16T16:20:32.374506Z,Rule Firing,HEAD,"Score: 95, Severity: critical, Rules: 1",fbd7045ef58bbdc3
2026-01-16T16:20:32.374506Z,Rule Firing,main,"Score: 95, Severity: critical, Rules: 1",751b00b9fb9af5c0
2026-01-16T16:20:32.378036Z,Rule Firing,HEAD,"Score: 95, Severity: critical, Rules: 1",e32e84d429a8a470
2026-01-16T16:20:32.378036Z,Rule Firing,2c358e9f64747ffbbfac94b2b307e9cfdf6efd,"Score: 95, Severity: critical, Rules: 1",b82b516330145f2e
2026-01-16T16:20:32.378036Z,Rule Firing,390b6f5cb4b9518b9fb6010d450924212e60b6,"Score: 95, Severity: critical, Rules: 1",4216ef6941d54fd7
2026-01-16T16:20:32.378036Z,Rule Firing,784e9bd3002a7caaed83b613283c28eb01ad0c,"Score: 95, Severity: critical, Rules: 1",c8894be283ac48af
2026-01-16T16:20:32.378036Z,Rule Firing,a2962af317427ed039247ac1d4fafbc6245b02,"Score: 95, Severity: critical, Rules: 1",13a750a22aa65eec
2026-01-16T16:20:32.389912Z,Rule Firing,f96e870bbf053fcdba73fb45faa4bf52a750af,"Score: 95, Severity: critical, Rules: 1",a6e8bbd2905db53f
2026-01-16T16:20:32.394654Z,Rule Firing,102576065b66b05b41e732121dd88d172f1a5e,"Score: 95, Severity: critical, Rules: 1",2d6d416e1bee307a
2026-01-16T16:20:32.394654Z,Rule Firing,21aeb9e763ead69f500139d9bf8669963a18f0,"Score: 95, Severity: critical, Rules: 1",63776e59240ae7e7
2026-01-16T16:20:32.394654Z,Rule Firing,621a88ddaa0a5feed38270c1da3a56f3baeda0,"Score: 95, Severity: critical, Rules: 1",b78a42aeb166578d
2026-01-16T16:20:32.394654Z,Rule Firing,d9a48959729e025b7e8bad527f7bb084e28210,"Score: 95, Severity: critical, Rules: 1",3ba8e5049e6259fe
2026-01-16T16:20:32.394654Z,Rule Firing,e386f28dc82364b4a4709620f8232ed1c9d642,"Score: 95, Severity: critical, Rules: 1",9b14a39a63526ab9
2026-01-16T16:20:32.394654Z,Rule Firing,800aa4513f92bb9e098f464982fa374a7ac90e,"Score: 95, Severity: critical, Rules: 1",231589c3cc2ed092
2026-01-16T16:20:32.394654Z,Rule Firing,8f1c60466c6415b5fc8491c7761276fd35def8,"Score: 95, Severity: critical, Rules: 1",005281429e67d21e
2026-01-16T16:20:32.394654Z,Rule Firing,a70617f23a29d40e96777cd17b88a5b1f13043,"Score: 95, Severity: critical, Rules: 1",9e1f2715906f27a2
2026-01-16T16:20:32.394654Z,Rule Firing,ddc41db6178cb1015bac7b3f2610a83faadbef,"Score: 95, Severity: critical, Rules: 1",ba7c51348ac16542
2026-01-16T16:20:32.409659Z,Rule Firing,3ea9ef045bcbb15edc7c9fc04f16327d3fd85a,"Score: 95, Severity: critical, Rules: 1",0e7e124e0601aa89
2026-01-16T16:20:32.409659Z,Rule Firing,7194b1f71502f2539e7bb11c3f6828c286f348,"Score: 95, Severity: critical, Rules: 1",86d40d0c34851280
2026-01-16T16:20:32.409659Z,Rule Firing,a3bef47e71c0641933f0f3b3ba7765a6090eda,"Score: 95, Severity: critical, Rules: 1",18513a0a1b1aeee1
2026-01-16T16:20:32.409659Z,Rule Firing,49979327c5f1e46b7080c17e46182fe4f554b3,"Score: 95, Severity: critical, Rules: 1",68ea1cdbb2e97923
2026-01-16T16:20:32.409659Z,Rule Firing,fcef54515458ade07b3d406af24ecd5987b5f4,"Score: 95, Severity: critical, Rules: 1",90256c8b23b1eb3a
2026-01-16T16:20:32.414770Z,Rule Firing,21837007a23aca433b0274796fb97c96d3f7d4,"Score: 95, Severity: critical, Rules: 1",48ccd0608899320e
2026-01-16T16:20:32.414770Z,Rule Firing,57fa5a2ed4d61529e2b98624b201b270b279f3,"Score: 95, Severity: critical, Rules: 1",603c583779ca7885
2026-01-16T16:20:32.414770Z,Rule Firing,79e979dfe592f649678fe39b90475e13d75e75,"Score: 95, Severity: critical, Rules: 1",2a45c318d2974044
2026-01-16T16:20:32.414770Z,Rule Firing,7b0be963939e2c2cd94d2c018919a96cca78cd,"Score: 95, Severity: critical, Rules: 1",07067cb07a407917
2026-01-16T16:20:32.414770Z,Rule Firing,7b94a7d2b7a6339ff1384b88391db8b1a4b461,"Score: 95, Severity: critical, Rules: 1",04b1460be270a039
2026-01-16T16:20:32.427410Z,Rule Firing,214f0f7b35f71b7247faebf54d85cf9fc38ef2,"Score: 95, Severity: critical, Rules: 1",4b88922a6b8484fd
2026-01-16T16:20:32.427410Z,Rule Firing,3da84c15eb086e39f0d171abfefa58161f44c2,"Score: 95, Severity: critical, Rules: 1",3a678226e2ccb7d8
2026-01-16T16:20:32.427410Z,Rule Firing,7fce811b5bc2b68a11717b6d77aa939009eb56,"Score: 95, Severity: critical, Rules: 1",d2481bc0eacee239
2026-01-16T16:20:32.427410Z,Rule Firing,dc3d9e962dc3e4d95f585f668e4b260a2564b9,"Score: 95, Severity: critical, Rules: 1",9a1ee2f1fd587717
2026-01-16T16:20:32.427410Z,Rule Firing,e9f9041c862a9dbdfdf9f03b2b6ff9152b6c82,"Score: 95, Severity: critical, Rules: 1",bbd752306d4fc15d
2026-01-16T16:20:32.427410Z,Rule Firing,5fe7f1f2c7fb4ed3241b81842f8c9eabaa1c0c,"Score: 95, Severity: critical, Rules: 1",d6eba31645720759
2026-01-16T16:20:32.427410Z,Rule Firing,ae1dff37cba16628e4f469a2a24c6251717328,"Score: 95, Severity: critical, Rules: 1",f6c5b6f77b63204f
2026-01-16T16:20:32.427410Z,Rule Firing,cf2bbedb0112fa40bf9a42055462a4de20158b,"Score: 95, Severity: critical, Rules: 1",74600b1981777279
2026-01-16T16:20:32.434635Z,Rule Firing,03dc79cea72e9f00f935e0a3bca21d9805c2c5,"Score: 95, Severity: critical, Rules: 1",fd4a67ffe685149d
2026-01-16T16:20:32.434635Z,Rule Firing,2214b5857f6e999e15931efff56ee422f4838e,"Score: 95, Severity: critical, Rules: 1",149f32f1fe119763
2026-01-16T16:20:32.449875Z,Rule Firing,5b397a2baef96f54eedb88fdd182ac21fd261c,"Score: 95, Severity: critical, Rules: 1",9d5c0392a59c99bf
2026-01-16T16:20:32.449875Z,Rule Firing,7163aeddd78a3578c18048e8cdd9203cb2c9e6,"Score: 95, Severity: critical, Rules: 1",d26559d742668255
2026-01-16T16:20:32.449875Z,Rule Firing,9da031e5e51cbcf1bcca5b6cfaad7e54785a65,"Score: 95, Severity: critical, Rules: 1",bb46bcadcfd0cef0
2026-01-16T16:20:32.449875Z,Rule Firing,d5e3b4f8ebe29a52de14dab6dce648b885f203,"Score: 95, Severity: critical, Rules: 1",83feb86ca34d6867
2026-01-16T16:20:32.449875Z,Rule Firing,13149e34ef265f5535199c2ebccafec0f08109,"Score: 95, Severity: critical, Rules: 1",3b1d84864d4a4c53
2026-01-16T16:20:32.454613Z,Rule Firing,672028d3f341c5793d6950ef04654c2b532d60,"Score: 95, Severity: critical, Rules: 1",8983d92637fdb9d1
2026-01-16T16:20:32.456475Z,Rule Firing,90809f04d24fd53f2b0ce36b886323103ca38a,"Score: 95, Severity: critical, Rules: 1",be14b1638ba970ea
2026-01-16T16:20:32.456475Z,Rule Firing,d8a8c01c0f1abd5532399ec18e7bf0928f1ae2,"Score: 95, Severity: critical, Rules: 1",d3e20c67eee38647
2026-01-16T16:20:32.456475Z,Rule Firing,401cead648be38695c9b09add677e44acc36ec,"Score: 95, Severity: critical, Rules: 1",3d5937cf7e76459a
2026-01-16T16:20:32.456475Z,Rule Firing,791a931b4ffc8b979333d00b59ee8e6dd8f153,"Score: 95, Severity: critical, Rules: 1",ee401f4edfa8eee3
2026-01-16T16:20:32.474824Z,Rule Firing,046711d02efb89357be46f3dc094004073a5a7,"Score: 95, Severity: critical, Rules: 1",8900b8f1bd6b3f59
2026-01-16T16:20:32.474824Z,Rule Firing,39f51895ed13a9d76198b7286fbe72c4251654,"Score: 95, Severity: critical, Rules: 1",6a032981dd73d6c8
2026-01-16T16:20:32.479412Z,Rule Firing,b97745b938186995191992ff1f493c4e0221d7,"Score: 95, Severity: critical, Rules: 1",3bcf287ae2c6f861
2026-01-16T16:20:32.479412Z,Rule Firing,c50346bd6c9f05b57398befa86171be58a899c,"Score: 95, Severity: critical, Rules: 1",64c8fb82dfde7266
2026-01-16T16:20:32.479412Z,Rule Firing,cc9595550eb02a9a07c2872390108cc214a260,"Score: 95, Severity: critical, Rules: 1",e2259f27bf949165
2026-01-16T16:20:32.479412Z,Rule Firing,1081fba038ad20f7f06899ff2a46c9d00f9a73,"Score: 95, Severity: critical, Rules: 1",cadc1d5dcdb8e711
2026-01-16T16:20:32.479412Z,Rule Firing,80e9d953a5a02c7ec0181d2bee5066aee6558d,"Score: 95, Severity: critical, Rules: 1",cbb6944085d25edc
2026-01-16T16:20:32.484467Z,Rule Firing,dfc48da7ed04f1907c9f08f456860c1d6891b9,"Score: 95, Severity: critical, Rules: 1",916b1492afdaae54
2026-01-16T16:20:32.484467Z,Rule Firing,ee64e4a5266ed6235c7d22fd2d82c31a468b5e,"Score: 95, Severity: critical, Rules: 1",6baa5503b2fc9a80
2026-01-16T16:20:32.487152Z,Rule Firing,0df2cc18e687222d3be5d94f2e6a5ea5fde3d7,"Score: 95, Severity: critical, Rules: 1",a4c386d28429ebb1
2026-01-16T16:20:32.499542Z,Rule Firing,19cede9548e6de4630fe1eefc10c771da6edcf,"Score: 95, Severity: critical, Rules: 1",01e6358bb8226f10
2026-01-16T16:20:32.499542Z,Rule Firing,3985d08a41a208b1668bd16d845fa65b62e238,"Score: 95, Severity: critical, Rules: 1",b62ce29b50fde32f
2026-01-16T16:20:32.499542Z,Rule Firing,048441597444a7e2850d6d7c4ce15550f79bda,"Score: 95, Severity: critical, Rules: 1",341d27bf3a557852
2026-01-16T16:20:32.499542Z,Rule Firing,0ef8259e3e42c0544671d578ac63d6c8b42271,"Score: 95, Severity: critical, Rules: 1",843230c9ecfc7629
2026-01-16T16:20:32.504021Z,Rule Firing,74150b6731f83d4aadddf558c22967b199182d,"Score: 95, Severity: critical, Rules: 1",f94d6cca6f8927eb
2026-01-16T16:20:32.504542Z,Rule Firing,fd20a0d2afd96fc37b755fee0c905e941bdfc0,"Score: 95, Severity: critical, Rules: 1",7a8e326033ba4eb6
2026-01-16T16:20:32.504542Z,Rule Firing,2d4229692f2315d2c56688e6aa0c71809c7bb3,"Score: 95, Severity: critical, Rules: 1",2660243c6422a63a
2026-01-16T16:20:32.504542Z,Rule Firing,55f16f9fc1440a9177e80827c085a5c9c660d5,"Score: 95, Severity: critical, Rules: 1",ef926d3629bef964
2026-01-16T16:20:32.504542Z,Rule Firing,afe7cd4f1b48d7da021228d8cbe5fbba38c4c0,"Score: 95, Severity: critical, Rules: 1",d694edbf74770657
2026-01-16T16:20:32.504542Z,Rule Firing,b8a274c2496c6e9fddb9eb0fda20a9cdfb5470,"Score: 95, Severity: critical, Rules: 1",080913ae2764a550
2026-01-16T16:20:32.527533Z,Rule Firing,dcfa849a53f726197a6971fcef8ef52e93e967,"Score: 95, Severity: critical, Rules: 1",c50804aefb0379eb
2026-01-16T16:20:32.535697Z,Rule Firing,12d9c826ba7df89ec75a31828c767e54620ed9,"Score: 95, Severity: critical, Rules: 1",8099ee9f7e950600
2026-01-16T16:20:32.535697Z,Rule Firing,6feb6ab17e1382b093f7096fb1a43eb95cffaf,"Score: 95, Severity: critical, Rules: 1",bc72820fbfb03231
2026-01-16T16:20:32.537716Z,Rule Firing,e208200daa4c426b0c905b96678eca43ca0dd2,"Score: 95, Severity: critical, Rules: 1",54ee9cac981274ba
2026-01-16T16:20:32.537716Z,Rule Firing,06df63f862d65623b7df976d2cdd3eb0621059,"Score: 95, Severity: critical, Rules: 1",29021e5f46a69423
2026-01-16T16:20:32.537716Z,Rule Firing,5b79f4aa9fee973fe0462fde87f17ef0bf44fb,"Score: 95, Severity: critical, Rules: 1",7550d2add9a66bcc
2026-01-16T16:20:32.537716Z,Rule Firing,89f53f1647966faac544053704576a373e0192,"Score: 95, Severity: critical, Rules: 1",de23d3d4875f1149
2026-01-16T16:20:32.537716Z,Rule Firing,967c10e2aa68d3839c16d087b29378a1bd6c3e,"Score: 95, Severity: critical, Rules: 1",b4a89978c9420d4b
2026-01-16T16:20:32.537716Z,Rule Firing,b19887faf07ab4d88779353fdb78d95faf9ea8,"Score: 95, Severity: critical, Rules: 1",09f3fd4d3ef6a4e1
2026-01-16T16:20:32.537716Z,Rule Firing,c5e814aed37ad99826ce8d02c90f2bcfd0a0bb,"Score: 95, Severity: critical, Rules: 1",29f6606b541bcf92
2026-01-16T16:20:32.554884Z,Rule Firing,00afa88d84150b3281dec0701e866dac68d6e7,"Score: 95, Severity: critical, Rules: 1",0bb833827f868ae7
2026-01-16T16:20:32.554884Z,Rule Firing,152210c47aadf5610eceabd383fb375633117b,"Score: 95, Severity: critical, Rules: 1",c1941ae24e21d1c9
2026-01-16T16:20:32.554884Z,Rule Firing,74800e13dd3e0fbce06486b629d95824f566b9,"Score: 95, Severity: critical, Rules: 1",d16f545186dedb61
2026-01-16T16:20:32.554884Z,Rule Firing,78f02c691f617b26782524f929590db9f5f108,"Score: 95, Severity: critical, Rules: 1",70297f5a9e439c99
2026-01-16T16:20:32.554884Z,Rule Firing,95a607ab2ef20b4e9f88bb3e3be725c8774295,"Score: 95, Severity: critical, Rules: 1",dc70f54e8e0fa973
2026-01-16T16:20:32.554884Z,Rule Firing,a219a44ffe8f8dab8329b9104e2a04d11dccfa,"Score: 95, Severity: critical, Rules: 1",68345668b8c54132
2026-01-16T16:20:32.554884Z,Rule Firing,d9f3b430b16621966d3c4d19bbdd73724b3f30,"Score: 95, Severity: critical, Rules: 1",d34b8021a6a7b130
2026-01-16T16:20:32.554884Z,Rule Firing,2d74529975028433a07150d1b507e4cc489154,"Score: 95, Severity: critical, Rules: 1",ab3533aeca0c210e
2026-01-16T16:20:32.554884Z,Rule Firing,8d094dda22d44f9b2af7435207a47adc79992d,"Score: 95, Severity: critical, Rules: 1",d7d5f9311af9221a
2026-01-16T16:20:32.554884Z,Rule Firing,62fd395eb1dbb42c63cf6ef7551575d9bca66f,"Score: 95, Severity: critical, Rules: 1",017149a2d39abfc9
2026-01-16T16:20:32.574758Z,Rule Firing,94e22a2a2c048f01f68b6aa072f9b90c3df78a,"Score: 95, Severity: critical, Rules: 1",a566a1b2ea217f9d
2026-01-16T16:20:32.574758Z,Rule Firing,d3f2a7f35aec8e5ea8080e720cce6da8b66bfc,"Score: 95, Severity: critical, Rules: 1",432d4201de623101
2026-01-16T16:20:32.574758Z,Rule Firing,063a91bdab14b7700931edb390a7e00c76101a,"Score: 95, Severity: critical, Rules: 1",b47273d55e9ac013
2026-01-16T16:20:32.574758Z,Rule Firing,753ea95d7bb1317bd80b09bdf41f9cdbf69772,"Score: 95, Severity: critical, Rules: 1",c035468540d7fa1d
2026-01-16T16:20:32.574758Z,Rule Firing,db65c5731c9c058f0b01e842a21443d95cc08a,"Score: 95, Severity: critical, Rules: 1",28131f602a42a66d
2026-01-16T16:20:32.574758Z,Rule Firing,e00074cc8d8e9733c2bf7654912acaca456573,"Score: 95, Severity: critical, Rules: 1",6b50ae8317380490
2026-01-16T16:20:32.574758Z,Rule Firing,2e742c7b27a8e0e3cf69f6433362ae3abc7011,"Score: 95, Severity: critical, Rules: 1",8b2886762a6f4d98
2026-01-16T16:20:32.574758Z,Rule Firing,438946b4cc9692834cabf6a78cedc5ab667a67,"Score: 95, Severity: critical, Rules: 1",8b3ca9d6a5b94e4b
2026-01-16T16:20:32.574758Z,Rule Firing,c97fb956855cf361b159aff270794fe4ab47ef,"Score: 95, Severity: critical, Rules: 1",499547cd1ccb9a5d
2026-01-16T16:20:32.574758Z,Rule Firing,5c6bed1a51e37199a60b637fa2430816256f6e,"Score: 95, Severity: critical, Rules: 1",ac86019e4bb1ac71
2026-01-16T16:20:32.594797Z,Rule Firing,6634461c5768abd5045dbe76ed7e6df584c3d5,"Score: 95, Severity: critical, Rules: 1",f45873d13ee99a4a
2026-01-16T16:20:32.594797Z,Rule Firing,839643e4ef6343567ddc13a3491cc48ad0a0a1,"Score: 95, Severity: critical, Rules: 1",3e8c7efe1cbdd08d
2026-01-16T16:20:32.594797Z,Rule Firing,0fbcce1a4555429042de8647efbb46548158d5,"Score: 95, Severity: critical, Rules: 1",ccf62ec13a10c570
2026-01-16T16:20:32.594797Z,Rule Firing,dbafc00269810d0b938453d4d6d3a2de4d0406,"Score: 95, Severity: critical, Rules: 1",738247bb516ffd2a
2026-01-16T16:20:32.594797Z,Rule Firing,159796d9085b9c4e3596356e3a75f719ae00a0,"Score: 95, Severity: critical, Rules: 1",31ba96027f51b055
2026-01-16T16:20:32.599826Z,Rule Firing,38dae7ed97e917e5f21a8e51091fd68132c408,"Score: 95, Severity: critical, Rules: 1",998fbe6056c67da3
2026-01-16T16:20:32.599826Z,Rule Firing,49bb69ac4608fac40c969de4d732ecab4ec072,"Score: 95, Severity: critical, Rules: 1",3cd0fff5f5904cf5
2026-01-16T16:20:32.599826Z,Rule Firing,8ce9193c81b8dcec341b26240f654d2e37eaaa,"Score: 95, Severity: critical, Rules: 1",f28ff3307ad4d939
2026-01-16T16:20:32.599826Z,Rule Firing,77a7477d8e11577ef1a5f9d1cf8339a3e63f75,"Score: 95, Severity: critical, Rules: 1",bc3fac823c098d5d
2026-01-16T16:20:32.604515Z,Rule Firing,9561791090de2ca4cf3716dc03d8d80db8802c,"Score: 95, Severity: critical, Rules: 1",99889186a74dc099
2026-01-16T16:20:32.615625Z,Rule Firing,a97da1efa1a765e86f86c63b3941026d23efd1,"Score: 95, Severity: critical, Rules: 1",78b042d39ce5348c
2026-01-16T16:20:32.615625Z,Rule Firing,b8e101c6b35364f32079fe5b5efd4783d4a302,"Score: 95, Severity: critical, Rules: 1",f76eb01843007b99
2026-01-16T16:20:32.615625Z,Rule Firing,cab16946d2ee31313dbdd5884813dc49e7b77e,"Score: 95, Severity: critical, Rules: 1",a9fb0cf93c939efe
2026-01-16T16:20:32.615625Z,Rule Firing,d773913c241d35576f632173c8b97b05b641ab,"Score: 95, Severity: critical, Rules: 1",3717bfe98ec4c807
2026-01-16T16:20:32.615625Z,Rule Firing,f1a26825dbae679051d5caa9be2162327f0a2e,"Score: 95, Severity: critical, Rules: 1",d5b9ae33bbeb225e
2026-01-16T16:20:32.615625Z,Rule Firing,fb679f3a85076e5dd63dd84d14c80c77c29d40,"Score: 95, Severity: critical, Rules: 1",9b9144836e63dcdc
2026-01-16T16:20:32.615625Z,Rule Firing,10128aa787a8f254cde5ad0f986e5cdf4c30df,"Score: 95, Severity: critical, Rules: 1",dc3ea8ce836f28f5
2026-01-16T16:20:32.615625Z,Rule Firing,11cd6f1412fc00238cde200055938385bc0c44,"Score: 95, Severity: critical, Rules: 1",7c1922ad8e8a35cc
2026-01-16T16:20:32.624350Z,Rule Firing,35c657ab371944d097410e53fe85269f646904,"Score: 95, Severity: critical, Rules: 1",4f30d32232df144c
2026-01-16T16:20:32.624350Z,Rule Firing,3a33c4f54b94c0b594cb08b15d63ccac197485,"Score: 95, Severity: critical, Rules: 1",3a22b91fd1227b9e
2026-01-16T16:20:32.634776Z,Rule Firing,62e585c1418cd8ac7aaa449b13697b46907e51,"Score: 95, Severity: critical, Rules: 1",7383986d0e998797
2026-01-16T16:20:32.634776Z,Rule Firing,2e200cd4c73ba20981413d0ee0cfb733550b5f,"Score: 95, Severity: critical, Rules: 1",5ca1b1bd86ac5d49
2026-01-16T16:20:32.634776Z,Rule Firing,4736c4fe35ac7eeceab71aa5dc2867dce28889,"Score: 95, Severity: critical, Rules: 1",bbd83430cb1bb73c
2026-01-16T16:20:32.634776Z,Rule Firing,731a0fb3f7b590f416289ea4b468a2752efd4f,"Score: 95, Severity: critical, Rules: 1",ec87a8c5dd9f3a4a
2026-01-16T16:20:32.634776Z,Rule Firing,a285e5033268a1be3fdebe66ee63572525e1a7,"Score: 95, Severity: critical, Rules: 1",216852d2d1e95a91
2026-01-16T16:20:32.634776Z,Rule Firing,a5c737073156150682b3befc3f406aee02d78a,"Score: 95, Severity: critical, Rules: 1",7bf9588bd30e977b
2026-01-16T16:20:32.634776Z,Rule Firing,60f6efe650c55811902de9ae293f126601f232,"Score: 95, Severity: critical, Rules: 1",70c34ef82fd72a2e
2026-01-16T16:20:32.634776Z,Rule Firing,6ec3bbb62ac8f8a2036f3a6e09bc055c4aaedb,"Score: 95, Severity: critical, Rules: 1",c0ddb305284e1149
2026-01-16T16:20:32.644590Z,Rule Firing,77ee1d924252b6a8ca39713921e8c0190f65fe,"Score: 95, Severity: critical, Rules: 1",95edf6c948cc89fd
2026-01-16T16:20:32.644590Z,Rule Firing,0bc989bc1df7d432190fc3ef8c596e855ee6ee,"Score: 95, Severity: critical, Rules: 1",e68162966c07ecfc
2026-01-16T16:20:32.654866Z,Rule Firing,41226b8e90c41b49d2eb90b4d3b24e33c8f5a8,"Score: 95, Severity: critical, Rules: 1",1c587a4ecbec562d
2026-01-16T16:20:32.654866Z,Rule Firing,41c82dfd6f0b66c3a9f9a13306e10f6c2e709e,"Score: 95, Severity: critical, Rules: 1",4e812ebcab0026ac
2026-01-16T16:20:32.654866Z,Rule Firing,421041d7cd783cfe11c05e2a4a339a653e9f86,"Score: 95, Severity: critical, Rules: 1",1acbaf8ab27f11e2
2026-01-16T16:20:32.654866Z,Rule Firing,90342fb62177d3bef6903a3448c41c7c922d82,"Score: 95, Severity: critical, Rules: 1",5624a0494ef3e5ad
2026-01-16T16:20:32.654866Z,Rule Firing,ad782c8753b4ff54a9f9166fe69c08529a6493,"Score: 95, Severity: critical, Rules: 1",cbc58b50e749088d
2026-01-16T16:20:32.654866Z,Rule Firing,c18f7e82b0af7c723ab8f403a4c6237aec552e,"Score: 95, Severity: critical, Rules: 1",ae5a17913dbd0430
2026-01-16T16:20:32.654866Z,Rule Firing,d117901891602c4982134c78529c564a3d4b56,"Score: 95, Severity: critical, Rules: 1",5b173a8601eda5a0
2026-01-16T16:20:32.663516Z,Rule Firing,4e1d38060bb588082da27c94ac966c47f6f94c,"Score: 95, Severity: critical, Rules: 1",9f2b9e3e859ca472
2026-01-16T16:20:32.664528Z,Rule Firing,77fa679e6d185319beaeeafae54787b6ca26ad,"Score: 95, Severity: critical, Rules: 1",8950dadc284da69e
2026-01-16T16:20:32.664528Z,Rule Firing,838be867973f2138cd3941cf54e7d1bf34455e,"Score: 95, Severity: critical, Rules: 1",3c50a828bac1bcf6
2026-01-16T16:20:32.674800Z,Rule Firing,91d72e984608c9e32227ee12dbc24504ea664c,"Score: 95, Severity: critical, Rules: 1",f431b92d07393d7a
2026-01-16T16:20:32.674800Z,Rule Firing,c70e80b3feab66224f7ce40f45dfbdcfb97b87,"Score: 95, Severity: critical, Rules: 1",a7856a8e56f58611
2026-01-16T16:20:32.679384Z,Rule Firing,e004c5e8a4a9350a241f19160fa3951b083115,"Score: 95, Severity: critical, Rules: 1",adbd89b7215a5405
2026-01-16T16:20:32.679384Z,Rule Firing,26c6eb93d7f6d170f7adebe6bfb46101b53f2f,"Score: 95, Severity: critical, Rules: 1",c47fb2138e23e57a
2026-01-16T16:20:32.679384Z,Rule Firing,a0597c4d1a2daf32513cf6def7d5c97c68892a,"Score: 95, Severity: critical, Rules: 1",208dcf8688555d6b
2026-01-16T16:20:32.679384Z,Rule Firing,e08984e9aa1b32b4f82138069244f5fd936cf6,"Score: 95, Severity: critical, Rules: 1",eaaf20e8f2161ec9
2026-01-16T16:20:32.683099Z,Rule Firing,0374ec3e7175c625a459d5489014557e90f335,"Score: 95, Severity: critical, Rules: 1",11b2845b72a5587c
2026-01-16T16:20:32.684611Z,Rule Firing,06da35023adb13341f2e9d00445f3a2a58aedf,"Score: 95, Severity: critical, Rules: 1",8b37a9c8fd9db41e
2026-01-16T16:20:32.686715Z,Rule Firing,83c70924016cb6870cec481051ed085cb3375e,"Score: 95, Severity: critical, Rules: 1",e3c8167c9fedadfc
2026-01-16T16:20:32.686715Z,Rule Firing,ad637d3742e38bfe78e3aa5ceb448e90ed3aab,"Score: 95, Severity: critical, Rules: 1",8b413a657351ed1a
2026-01-16T16:20:32.716729Z,Rule Firing,efa727a96c0c0393d9b9001ac4e9b02245db7b,"Score: 95, Severity: critical, Rules: 1",d93aab9d7f7ab7d9
2026-01-16T16:20:32.716729Z,Rule Firing,06d5b30e4b30975bbf488ac37bfd22bd1c393e,"Score: 95, Severity: critical, Rules: 1",e833d0e1e7edc4f1
2026-01-16T16:20:32.716729Z,Rule Firing,b40d25a0d4c999582c4f731b50ac8a37cde7b5,"Score: 95, Severity: critical, Rules: 1",5d4c2d30d5eecec1
2026-01-16T16:20:32.716729Z,Rule Firing,f289df24263f2360e2ccc468d131178fa5fe4e,"Score: 95, Severity: critical, Rules: 1",e79444f489582e5a
2026-01-16T16:20:32.724715Z,Rule Firing,0130fd1a82198b21bd2cbd0c1300b3071fce48,"Score: 95, Severity: critical, Rules: 1",3d54cdbbd4493c1c
2026-01-16T16:20:32.724715Z,Rule Firing,1cad099f2a0eebc788078250ec7500ee617fdc,"Score: 95, Severity: critical, Rules: 1",868f405e6debc508
2026-01-16T16:20:32.728065Z,Rule Firing,443daad066ee802e3410136f97d1a0d5a57316,"Score: 95, Severity: critical, Rules: 1",c582971af1e9c725
2026-01-16T16:20:32.728065Z,Rule Firing,fe9f1f7f3864896a3dc7d2365bd63fcb2b42f7,"Score: 95, Severity: critical, Rules: 1",70284dbf0db11560
2026-01-16T16:20:32.728065Z,Rule Firing,1178836e99ef7e9940648da7a830bfa03b4539,"Score: 95, Severity: critical, Rules: 1",c76a128f3844cba8
2026-01-16T16:20:32.734695Z,Rule Firing,228870c640ae501220a3d99a91ba9d97377d52,"Score: 95, Severity: critical, Rules: 1",696fbdcf958fb3f0
2026-01-16T16:20:32.764618Z,Rule Firing,7c2631d9c5b697ebf6be4a14485f66901201b9,"Score: 95, Severity: critical, Rules: 1",04d5461df982bfd6
2026-01-16T16:20:32.764618Z,Rule Firing,e976ba6d232e82920ff723e37e6977c146e6b5,"Score: 95, Severity: critical, Rules: 1",3a7f3d5a0acc8119
2026-01-16T16:20:32.764618Z,Rule Firing,fdae70a63fa1b537d46559c979742b13595ee9,"Score: 95, Severity: critical, Rules: 1",733ba78777654151
2026-01-16T16:20:32.764618Z,Rule Firing,9aef04b173abcce7fff8ef9238cb6c0b754fd1,"Score: 95, Severity: critical, Rules: 1",f0da8139f255a540
2026-01-16T16:20:32.764618Z,Rule Firing,dc8ceb753f233e80ad57455598a70a2880bcfa,"Score: 95, Severity: critical, Rules: 1",93913b1e74acfb3f
2026-01-16T16:20:32.764618Z,Rule Firing,edf9b694fb79fe8852701ce13048a24acc7cfc,"Score: 95, Severity: critical, Rules: 1",f27a0c5236d16b04
2026-01-16T16:20:32.764618Z,Rule Firing,4eb34c1640ccfb891c34280cc28fa36857a08f,"Score: 95, Severity: critical, Rules: 1",f23d8b1a1230b1c7
2026-01-16T16:20:32.764618Z,Rule Firing,0156303a8df3ffdc9de87765bf801bf6bea4a5,"Score: 95, Severity: critical, Rules: 1",208fbc4f77626e02
2026-01-16T16:20:32.764618Z,Rule Firing,74e67a4dd9ffa6abd930c2edaff7d8b52b3e7b,"Score: 95, Severity: critical, Rules: 1",4301b02a7e3e160c
2026-01-16T16:20:32.774471Z,Rule Firing,e664e4d28588573ed32e22d83d04b6c1ec56dc,"Score: 95, Severity: critical, Rules: 1",1dcc0e764d6c876f
2026-01-16T16:20:32.805657Z,Rule Firing,241a93618a7ce15fec810a9e4f60a37c7229b8,"Score: 95, Severity: critical, Rules: 1",ef948d25e3824edf
2026-01-16T16:20:32.809781Z,Rule Firing,25d761aea7346d909a65acd0c682eb71f533cc,"Score: 95, Severity: critical, Rules: 1",c2d09b506bec5de8
2026-01-16T16:20:32.809781Z,Rule Firing,c8cb5bdae241b74fe1f0616bd37f6628d733c7,"Score: 95, Severity: critical, Rules: 1",c51f90f20f58b4aa
2026-01-16T16:20:32.809781Z,Rule Firing,e210dfb35bc42256a48ad7e165a068d1aa275d,"Score: 95, Severity: critical, Rules: 1",63f2ddbc91427ab5
2026-01-16T16:20:32.809781Z,Rule Firing,09845f2ead171a8efa6b4e7908c57807bb6b14,"Score: 95, Severity: critical, Rules: 1",f9d11603adcdc407
2026-01-16T16:20:32.814893Z,Rule Firing,5c7ea7d5e65946ae2d347f6dcbdeac7b015d93,"Score: 95, Severity: critical, Rules: 1",1a3538ecd20c1ca0
2026-01-16T16:20:32.814893Z,Rule Firing,7bf948020e1c8e9226fd29b19f149d48ded009,"Score: 95, Severity: critical, Rules: 1",79a30c5d44a1c995
2026-01-16T16:20:32.814893Z,Rule Firing,3b3fe121e090daf5f89f7428c20e84d5c3d8cd,"Score: 95, Severity: critical, Rules: 1",e34e576ae01fdba0
2026-01-16T16:20:32.814893Z,Rule Firing,a05524c7b372d5b8abee5e0e6ee4f0d0eb701a,"Score: 95, Severity: critical, Rules: 1",c9f132b9c098a248
2026-01-16T16:20:32.814893Z,Rule Firing,dad306e9ee8943fa9484e464d0e03ed9e36a3e,"Score: 95, Severity: critical, Rules: 1",3999dbfcffdea599
2026-01-16T16:20:32.834775Z,Rule Firing,e5c94c0d3153d782be27c8fbec1a21994fdcd8,"Score: 95, Severity: critical, Rules: 1",68b29a070e095a92
2026-01-16T16:20:32.837348Z,Rule Firing,c0349b4552635ac689f1317ccbebcf9c7da778,"Score: 95, Severity: critical, Rules: 1",2c7d20292252bbb2
2026-01-16T16:20:32.837348Z,Rule Firing,c0f2f5e429769e9ee41e96713c63505cbe9740,"Score: 95, Severity: critical, Rules: 1",0336f8af0c6d944f
2026-01-16T16:20:32.837348Z,Rule Firing,faa6af356d8ec012f1552ecf2fc847eec387a0,"Score: 95, Severity: critical, Rules: 1",a234ec8f8af59121
2026-01-16T16:20:32.837348Z,Rule Firing,9b111495bde7610e9d84ae0291f6cb059197b4,"Score: 95, Severity: critical, Rules: 1",3c308e17e00fb60d
2026-01-16T16:20:32.837348Z,Rule Firing,6678b1408eba3066a1159ce48c9f9d8e3a8e1f,"Score: 95, Severity: critical, Rules: 1",3ae39fe652f53328
2026-01-16T16:20:32.837348Z,Rule Firing,043bad7a1901dc6efccc8fc0c82ca4148d5f21,"Score: 95, Severity: critical, Rules: 1",ebab993a6c4d96f2
2026-01-16T16:20:32.837348Z,Rule Firing,0e09d66be1fc84e01c53421895d44f24addd00,"Score: 95, Severity: critical, Rules: 1",d5cd52988117c3c5
2026-01-16T16:20:32.837348Z,Rule Firing,50bcd231a74117080f0710fdafd50c28122757,"Score: 95, Severity: critical, Rules: 1",e9a93ea59167ffa3
2026-01-16T16:20:32.837348Z,Rule Firing,c790c6f9af214f5648973ca0e0f7f9ddeefcb2,"Score: 95, Severity: critical, Rules: 1",9a4fdb9dd01cf67d
2026-01-16T16:20:32.854533Z,Rule Firing,f44364e21918d59a2962b43ed27dcbad020153,"Score: 95, Severity: critical, Rules: 1",9531aef1d87dad91
2026-01-16T16:20:32.854533Z,Rule Firing,0651229d0beff30d676569accac181d7e5a2b7,"Score: 95, Severity: critical, Rules: 1",3e2456a269087e19
2026-01-16T16:20:32.854533Z,Rule Firing,5725856f4d15f564ae84d132b7db18b58c2353,"Score: 95, Severity: critical, Rules: 1",ba094ec056a4bc2c
2026-01-16T16:20:32.854533Z,Rule Firing,735189389bd132427aa8503ff22127df8eca2c,"Score: 95, Severity: critical, Rules: 1",bbc07fc70284ba4c
2026-01-16T16:20:32.854533Z,Rule Firing,d86c416fb9176e4115c3ae2b3dc6e38768ed3c,"Score: 95, Severity: critical, Rules: 1",20c57b8ea78dea3d
2026-01-16T16:20:32.854533Z,Rule Firing,26e822ec0a6e96144354a07e83511c0a66db08,"Score: 95, Severity: critical, Rules: 1",ea4e31e881ce0251
2026-01-16T16:20:32.854533Z,Rule Firing,4490eacd0d7aff634faec70fd937b8e9891f0b,"Score: 95, Severity: critical, Rules: 1",04df1509284f74b1
2026-01-16T16:20:32.854533Z,Rule Firing,d099f2eb9dcc7e47737c674eb70401c3c3f8c0,"Score: 95, Severity: critical, Rules: 1",c1c3fd6412b4473e
2026-01-16T16:20:32.864739Z,Rule Firing,949524fd11fe536ae5c693fd6c61e1ab5007c1,"Score: 95, Severity: critical, Rules: 1",b5a9ffe16c0dc8c5
2026-01-16T16:20:32.864739Z,Rule Firing,d2742d54e24476a068e8d270df0e26eec2b7ad,"Score: 95, Severity: critical, Rules: 1",a3b1f3b57bb09539
2026-01-16T16:20:32.879642Z,Rule Firing,f427f2df1dc5ca83b2160f8d9faffbc08b5449,"Score: 95, Severity: critical, Rules: 1",5596cc16749078f0
2026-01-16T16:20:32.879642Z,Rule Firing,0903c4fe78db7d39047c93f1851fb483bddd88,"Score: 95, Severity: critical, Rules: 1",c0a38025bfa13186
2026-01-16T16:20:32.879642Z,Rule Firing,2a677b3fb8483c217cc733242cf78ea2aea96c,"Score: 95, Severity: critical, Rules: 1",b8499149615ed758
2026-01-16T16:20:32.879642Z,Rule Firing,35a4483dbbb5258ef8de79c4045640506867ef,"Score: 95, Severity: critical, Rules: 1",5a6a7be63cdf91dd
2026-01-16T16:20:32.879642Z,Rule Firing,7bfcaaab48544985447fb4b11fc73d68c4faf0,"Score: 95, Severity: critical, Rules: 1",62baea4fb30dfcca
2026-01-16T16:20:32.879642Z,Rule Firing,cfa83b3e53e89750093f3adc93d7ed15f60984,"Score: 95, Severity: critical, Rules: 1",05d9113912c59b91
2026-01-16T16:20:32.879642Z,Rule Firing,fee8724610b6e5f1178d962bef6e03a7e03dd7,"Score: 95, Severity: critical, Rules: 1",265fead30cd8497c
2026-01-16T16:20:32.885446Z,Rule Firing,465485807c4fc22dc8014f9c44f32ab644ff4d,"Score: 95, Severity: critical, Rules: 1",4478c99f926e11d3
2026-01-16T16:20:32.885446Z,Rule Firing,46fa33009714b988887ab81d5e81b78b74f241,"Score: 95, Severity: critical, Rules: 1",af916271174688e6
2026-01-16T16:20:32.885446Z,Rule Firing,910f7f6e164de87b5ccfccdd92724dbe31a4ff,"Score: 95, Severity: critical, Rules: 1",ec666fbb02b82018
2026-01-16T16:20:32.901613Z,Rule Firing,c0b82285d19e17fd26ebab594431b5e2f81b58,"Score: 95, Severity: critical, Rules: 1",6c70bd2d12e1c6de
2026-01-16T16:20:32.901613Z,Rule Firing,38515ae13b2a5864763538e476eda318fbc136,"Score: 95, Severity: critical, Rules: 1",3e59de9458a0325e
2026-01-16T16:20:32.901613Z,Rule Firing,0ecafce2b8937c0685fd0ed7ce718e14bf4dd9,"Score: 95, Severity: critical, Rules: 1",1c33b8d321420b2f
2026-01-16T16:20:32.904755Z,Rule Firing,971e33d302da0855d79e25cc2dbc9f890a4060,"Score: 95, Severity: critical, Rules: 1",d1a745dce21acda2
2026-01-16T16:20:32.904755Z,Rule Firing,9ee8ec70d2a8e55674c2b2b55afcd90c212c27,"Score: 95, Severity: critical, Rules: 1",cebc8f7b93bdc85a
2026-01-16T16:20:32.904755Z,Rule Firing,146838adfafb5421a61e18ff40622a2674a853,"Score: 95, Severity: critical, Rules: 1",f2eaefbce3f79e1c
2026-01-16T16:20:32.904755Z,Rule Firing,8ebbdb568630398625df002906e5aa48a80743,"Score: 95, Severity: critical, Rules: 1",c8db0bb20edd9ee9
2026-01-16T16:20:32.904755Z,Rule Firing,bd3febb441f6ced7673832c4649d5fd89f0cfc,"Score: 95, Severity: critical, Rules: 1",398b53862d8705cc
2026-01-16T16:20:32.904755Z,Rule Firing,fcb8d4eab62ea3090000c0f6a5533734b0348e,"Score: 95, Severity: critical, Rules: 1",e74013a692825535
2026-01-16T16:20:32.904755Z,Rule Firing,2d938439964dbb1cc66a26c1bf56124f350df5,"Score: 95, Severity: critical, Rules: 1",5ab4f66ad11eb63a
2026-01-16T16:20:32.924512Z,Rule Firing,a386a697f9578b6e93cf6cd0f3a99b4027f595,"Score: 95, Severity: critical, Rules: 1",6582780088429e4d
2026-01-16T16:20:32.924512Z,Rule Firing,c089263ca45b200f145df2ecf6e6b2577fa079,"Score: 95, Severity: critical, Rules: 1",ea5fb39560732298
2026-01-16T16:20:32.924512Z,Rule Firing,c6a01f891be63f4c9fe382d947460cbbfe119f,"Score: 95, Severity: critical, Rules: 1",1f0ceb5db4f2de53
2026-01-16T16:20:32.928188Z,Rule Firing,0a9e69be0d60922466f4a24af45b1c92fd10c6,"Score: 95, Severity: critical, Rules: 1",d53119e3c03d07d1
2026-01-16T16:20:32.928188Z,Rule Firing,20b6db645d4dc738e4b7d9d268d811c38b847e,"Score: 95, Severity: critical, Rules: 1",8ea5cce0c7901d79
2026-01-16T16:20:32.928188Z,Rule Firing,409fad89d4ad7cfe1e44f6b6783001c7561a0a,"Score: 95, Severity: critical, Rules: 1",19e507a960882ed9
2026-01-16T16:20:32.928188Z,Rule Firing,45bea123850a87cb9f0c215b62079f8b84628f,"Score: 95, Severity: critical, Rules: 1",88af9dc01566c2c0
2026-01-16T16:20:32.928188Z,Rule Firing,6b21b7e66505270dee8b0321bb786f3ae08a5c,"Score: 95, Severity: critical, Rules: 1",361dd13c720d897e
2026-01-16T16:20:32.928188Z,Rule Firing,8c3b4bdfd560b6fb0f825c632b841516d99048,"Score: 95, Severity: critical, Rules: 1",a4ea319db4c0d844
2026-01-16T16:20:32.928188Z,Rule Firing,11169b64eec47b6df7b6d9877a1af5675872bd,"Score: 95, Severity: critical, Rules: 1",a7530373ca704750
2026-01-16T16:20:32.944792Z,Rule Firing,5d73933cae58b69c1335cbe2213e30a782793e,"Score: 95, Severity: critical, Rules: 1",defe0dd5b9b47ddd
2026-01-16T16:20:32.944792Z,Rule Firing,b5b1e6448ac2e4cd818d6751035910d4de1648,"Score: 95, Severity: critical, Rules: 1",e473931e004874bb
2026-01-16T16:20:32.944792Z,Rule Firing,fd21b585db832dbef08d8eef0c9d762f1f8e5b,"Score: 95, Severity: critical, Rules: 1",77f3d5ac153ef0cb
2026-01-16T16:20:32.949179Z,Rule Firing,18b7e0ff1a8d6dd6cc7e69a8f175650e8f6286,"Score: 95, Severity: critical, Rules: 1",1663ddf478622cf7
2026-01-16T16:20:32.949179Z,Rule Firing,2663991c4420dada714b5b4f9dc92de239dd40,"Score: 95, Severity: critical, Rules: 1",54865f1bffb83f1e
2026-01-16T16:20:32.949179Z,Rule Firing,425b1c12a5106534b9fb953d9c505952b6b659,"Score: 95, Severity: critical, Rules: 1",3f3c5596921effd5
2026-01-16T16:20:32.949179Z,Rule Firing,75d86b523017361e226aca9477261313e920a1,"Score: 95, Severity: critical, Rules: 1",9662150ce20483cc
2026-01-16T16:20:32.949179Z,Rule Firing,87e7fdf4bfc006ce27dc42ecf9b5d46c685b97,"Score: 95, Severity: critical, Rules: 1",a0412c47c717daa3
2026-01-16T16:20:32.949179Z,Rule Firing,d8557d6d987379154c34c682181a3034b29757,"Score: 95, Severity: critical, Rules: 1",0c4276fe01b321c1
2026-01-16T16:20:32.949179Z,Rule Firing,ecc1ad863ee9ae852ed307edb14294c9e0b289,"Score: 95, Severity: critical, Rules: 1",b29cf00ce60f2065
2026-01-16T16:20:32.964804Z,Rule Firing,2174eea5cd97d0e5c61ed42255cad821b42b37,"Score: 95, Severity: critical, Rules: 1",7f9793d44e4c0478
2026-01-16T16:20:32.964804Z,Rule Firing,2b08d836af23eef3224e0a433713653018b6cd,"Score: 95, Severity: critical, Rules: 1",7feb49118ecc2832
2026-01-16T16:20:32.964804Z,Rule Firing,4e1f4130e207da3157c6b80acabfc43b5f010e,"Score: 95, Severity: critical, Rules: 1",50dc0371ceb41f28
2026-01-16T16:20:32.969484Z,Rule Firing,5b5e26cf95720a6b80595e158a86754d3ae8b4,"Score: 95, Severity: critical, Rules: 1",10bf20902de7560a
2026-01-16T16:20:32.969484Z,Rule Firing,9bb2888a2c31d633cb01126f1d59527dbe112a,"Score: 95, Severity: critical, Rules: 1",a522f58245e9f63a
2026-01-16T16:20:32.969484Z,Rule Firing,1f7e001292cde8e5a6368ebd9b3938229996c6,"Score: 95, Severity: critical, Rules: 1",5f38aca17b133e8e
2026-01-16T16:20:32.969484Z,Rule Firing,999dbbcc295898be99c30d5cba59b138d544d8,"Score: 95, Severity: critical, Rules: 1",0746b15ed93d1bae
2026-01-16T16:20:32.969484Z,Rule Firing,e7e03c2ba0b681f8ef582f440da1138ed7870b,"Score: 95, Severity: critical, Rules: 1",923d074ef913f585
2026-01-16T16:20:32.969484Z,Rule Firing,d52f61274c41c6e359a5ec003e2f2162681ba1,"Score: 95, Severity: critical, Rules: 1",d0689f7a3cc0563b
2026-01-16T16:20:32.969484Z,Rule Firing,e7ed825c58999799ae6b9fc09477a545412316,"Score: 95, Severity: critical, Rules: 1",b6f5d45d2d9f7186
2026-01-16T16:20:32.984468Z,Rule Firing,086f145534b2cbba3d4805ae2bdd0b2446a583,"Score: 95, Severity: critical, Rules: 1",270105d279e94b4c
2026-01-16T16:20:32.984468Z,Rule Firing,141d29026a52163d4bf25b3d7517e4845601a0,"Score: 95, Severity: critical, Rules: 1",ffa56d445abd3970
2026-01-16T16:20:32.984468Z,Rule Firing,ab2aae8bc08f7b18f6b200b9fd4650e2d624ae,"Score: 95, Severity: critical, Rules: 1",979dd2980ca856e9
2026-01-16T16:20:32.984468Z,Rule Firing,bcaa5e175ab61009b35544e2707fd42c2955c2,"Score: 95, Severity: critical, Rules: 1",09b54f86239e3022
2026-01-16T16:20:32.984468Z,Rule Firing,dedceadb96eed47f37e6b4e2161ce53a8aef7f,"Score: 95, Severity: critical, Rules: 1",c0aeeabf9bed5b11
2026-01-16T16:20:32.984468Z,Rule Firing,f7424f56c05786481de22d8e4743a1338a98cf,"Score: 95, Severity: critical, Rules: 1",01ec27ef0591312b
2026-01-16T16:20:32.984468Z,Rule Firing,2dd863a58e5905969421b3b8a625a19136c7d2,"Score: 95, Severity: critical, Rules: 1",e5cde81d165d39cd
2026-01-16T16:20:32.994316Z,Rule Firing,553b4d1c53c02a226c8242d242a199ec45112c,"Score: 95, Severity: critical, Rules: 1",5052dd1414ab81e6
2026-01-16T16:20:32.994316Z,Rule Firing,5ae09121e4ae06f5d7d80085c7da8fb3ab1bf4,"Score: 95, Severity: critical, Rules: 1",9b86e72e0265c3ea
2026-01-16T16:20:32.994316Z,Rule Firing,7ca1f7e2a8ba8329560d0fa2a115c2bd2c6ba8,"Score: 95, Severity: critical, Rules: 1",53c36bcf56382a7d
2026-01-16T16:20:33.006634Z,Rule Firing,10938abc4b5704635373407ae8abbcdc3f18c6,"Score: 95, Severity: critical, Rules: 1",387453d37e72f801
2026-01-16T16:20:33.012112Z,Rule Firing,ac718fa0bbc0972f85dabcbe24d1358f9cdbce,"Score: 95, Severity: critical, Rules: 1",73805ae38bfb04f4
2026-01-16T16:20:33.012112Z,Rule Firing,f5789c67d5d670ab3f1f13f80f2e3cb9e07b8b,"Score: 95, Severity: critical, Rules: 1",5443ec20e0383d31
2026-01-16T16:20:33.012112Z,Rule Firing,7bf2f4be147393d8e2f7ce60ea26677c83acfc,"Score: 95, Severity: critical, Rules: 1",9cdb60aa141e001c
2026-01-16T16:20:33.014625Z,Rule Firing,f7e7cac1632868c9e5b50d799720ac9c03ad23,"Score: 95, Severity: critical, Rules: 1",1dc51569c74d1852
2026-01-16T16:20:33.014625Z,Rule Firing,13f93f37c87440549887ad144908f9f5ca016e,"Score: 95, Severity: critical, Rules: 1",480b193c82922c51
2026-01-16T16:20:33.014625Z,Rule Firing,819c0cfb20854cd9ffdb1b89a7e977d43382dc,"Score: 95, Severity: critical, Rules: 1",d37f35164fbf24bd
2026-01-16T16:20:33.014625Z,Rule Firing,4d7055b1983d289a6874d5bb2c0edb7268fa2d,"Score: 95, Severity: critical, Rules: 1",1a8249746fead8a2
2026-01-16T16:20:33.014625Z,Rule Firing,ca0b4582c609aa744630361fda5f8c78a4e360,"Score: 95, Severity: critical, Rules: 1",5c263b5d5dbd905b
2026-01-16T16:20:33.014625Z,Rule Firing,17e5346c9ca5ee9af63cc3545355b6109b88eb,"Score: 95, Severity: critical, Rules: 1",8973e73321cd3ff9
2026-01-16T16:20:33.039564Z,Rule Firing,23c6b3369f16b478b4d5afcf864d805475516b,"Score: 95, Severity: critical, Rules: 1",03c40905b40b7c47
2026-01-16T16:20:33.039564Z,Rule Firing,45dea89ba794ffa025cc950114dea5f7651944,"Score: 95, Severity: critical, Rules: 1",b271147c5e8b23f3
2026-01-16T16:20:33.044589Z,Rule Firing,61ed44bba536e002fc260808b0c45a7c9c447f,"Score: 95, Severity: critical, Rules: 1",5468e620540c5790
2026-01-16T16:20:33.044589Z,Rule Firing,9709271b2ff28271b13c29bba5c50b80fea0ac,"Score: 95, Severity: critical, Rules: 1",0bb40606ad386d2a
2026-01-16T16:20:33.044589Z,Rule Firing,a9932e23c8aba2b804609156a9e06941753455,"Score: 95, Severity: critical, Rules: 1",680ce3c4a2e01b32
2026-01-16T16:20:33.044589Z,Rule Firing,edc1695bff988a98177cb656c5edc00765ce73,"Score: 95, Severity: critical, Rules: 1",65f407ad6a59498b
2026-01-16T16:20:33.044589Z,Rule Firing,80aa281b76481a77e2b135e61d18d1082cfcb6,"Score: 95, Severity: critical, Rules: 1",482af4632e1d8504
2026-01-16T16:20:33.044589Z,Rule Firing,e119c115733e3944596d9248048b2ac556f254,"Score: 95, Severity: critical, Rules: 1",6381118d0400f151
2026-01-16T16:20:33.044589Z,Rule Firing,544562fa50d1b59665c692e726abfeff7007e4,"Score: 95, Severity: critical, Rules: 1",a71ec51f50df7e85
2026-01-16T16:20:33.044589Z,Rule Firing,7ac72894e32e92d5ffc91cd878836adfab9a07,"Score: 95, Severity: critical, Rules: 1",903ce3e4b08a866e
2026-01-16T16:20:33.076468Z,Rule Firing,a1efa734d3d2f57a46e2671491bed338d668c9,"Score: 95, Severity: critical, Rules: 1",9658dc331792c44b
2026-01-16T16:20:33.076468Z,Rule Firing,a54e3a9fbf7fa6eb0a6f108f5dce26b579ad42,"Score: 95, Severity: critical, Rules: 1",4b1379e52bdd6f05
2026-01-16T16:20:33.076468Z,Rule Firing,a5dc65503302d8af496b4b51337819e4950d00,"Score: 95, Severity: critical, Rules: 1",2e2009ecbb474497
2026-01-16T16:20:33.076468Z,Rule Firing,c0f97e22c1d2e6a618790c4722af0dde6e8d63,"Score: 95, Severity: critical, Rules: 1",6f2691ec6d87607b
2026-01-16T16:20:33.076468Z,Rule Firing,d3f3e3cd096b64b6f32d87f75a0fbc3161e852,"Score: 95, Severity: critical, Rules: 1",362b5169a7ded380
2026-01-16T16:20:33.076468Z,Rule Firing,603b88a32d2a8b8e2b4e5e0e9877b25a19b344,"Score: 95, Severity: critical, Rules: 1",1e333e56d5ccc0aa
2026-01-16T16:20:33.076468Z,Rule Firing,7785289b60aa1ea460b47d59c19a18d08c7250,"Score: 95, Severity: critical, Rules: 1",e882cf6bf2c3d50e
2026-01-16T16:20:33.076468Z,Rule Firing,9ed11ade081a2bb490f99aa6ab0041a052b730,"Score: 95, Severity: critical, Rules: 1",99e8e981f9c2b166
2026-01-16T16:20:33.084616Z,Rule Firing,a77a46b46c1599aa2108c4340f83d4a52acced,"Score: 95, Severity: critical, Rules: 1",216c2399a280b4ea
2026-01-16T16:20:33.084616Z,Rule Firing,6cf36f211efa8c45709cc7c5a61cca4e5205bd,"Score: 95, Severity: critical, Rules: 1",ef8a11a166b70a62
2026-01-16T16:20:33.099710Z,Rule Firing,860ab622d23d2c938ffb060eba3af92f821984,"Score: 95, Severity: critical, Rules: 1",ccd5f9b5617763e3
2026-01-16T16:20:33.099710Z,Rule Firing,b5683a2617685ede8d52f5c221f9533e7d26da,"Score: 95, Severity: critical, Rules: 1",17a9b29e550f86d0
2026-01-16T16:20:33.099710Z,Rule Firing,f31b8a4bc9716eabaef92957e9549d8b4011a1,"Score: 95, Severity: critical, Rules: 1",e74c0c4b0dff22b6
2026-01-16T16:20:33.099710Z,Rule Firing,6b5224fdc6b5d978261624da7f3ee355a2a0c6,"Score: 95, Severity: critical, Rules: 1",c1cf299a512073e2
2026-01-16T16:20:33.099710Z,Rule Firing,a5b7a45b7b4d0217ae20c262c89f6035ea14e7,"Score: 95, Severity: critical, Rules: 1",b9b30f16190d344d
2026-01-16T16:20:33.104521Z,Rule Firing,b6dc643c0c0703f7f590d64c80291ab6abe7a7,"Score: 95, Severity: critical, Rules: 1",3c4bd26898a1233b
2026-01-16T16:20:33.104521Z,Rule Firing,f940d47252357488b5c68987682b2d5143b64f,"Score: 95, Severity: critical, Rules: 1",235724a714eb7a28
2026-01-16T16:20:33.104521Z,Rule Firing,3d45f2a1b980374b5c7a352940c07096aa0198,"Score: 95, Severity: critical, Rules: 1",6efde559a10c4550
2026-01-16T16:20:33.104521Z,Rule Firing,7f05f77f72be8b001e4742c057f579b61bd881,"Score: 95, Severity: critical, Rules: 1",e663ae3212b5e6ef
2026-01-16T16:20:33.104521Z,Rule Firing,b261f72962a94a13ac20f2997cd281f869c1b3,"Score: 95, Severity: critical, Rules: 1",7e06e477c8fa61be
2026-01-16T16:20:33.114785Z,Rule Firing,fe3ea3038c298fb62b574736d5231187df6a80,"Score: 95, Severity: critical, Rules: 1",ecbf222bed538b7f
2026-01-16T16:20:33.114785Z,Rule Firing,084c29e3f1e6b3ee773d32217ceb5e3e023a0c,"Score: 95, Severity: critical, Rules: 1",b72914f5ac0657a8
2026-01-16T16:20:33.124388Z,Rule Firing,bc91d07a215e7db4d9f4676076f04e79f075cc,"Score: 95, Severity: critical, Rules: 1",822508c05398d696
2026-01-16T16:20:33.124388Z,Rule Firing,c2cc4db85c4c1f3bd1f40b29ded1d81551dc18,"Score: 95, Severity: critical, Rules: 1",4d00076a282368d3
2026-01-16T16:20:33.124388Z,Rule Firing,032aff21124c5d4e2f3a97ba67f9cee1f5bb1d,"Score: 95, Severity: critical, Rules: 1",91acdfd9f3300c67
2026-01-16T16:20:33.124388Z,Rule Firing,1815ef5c4c6278d8c0bee7dedaabf0b340129a,"Score: 95, Severity: critical, Rules: 1",2d103cd6875d7329
2026-01-16T16:20:33.124388Z,Rule Firing,386ef590692f3f70ad20432647262083698f30,"Score: 95, Severity: critical, Rules: 1",cb59a8c72ceeff5e
2026-01-16T16:20:33.124388Z,Rule Firing,4a21bac52ba2036ee7b689d277773f91d80852,"Score: 95, Severity: critical, Rules: 1",0d0469fc740d281f
2026-01-16T16:20:33.128335Z,Rule Firing,84f9c60793ba6aca81015a8325bdcf5417c5dd,"Score: 95, Severity: critical, Rules: 1",097c25535dfce4df
2026-01-16T16:20:33.128335Z,Rule Firing,de3806462398b5ba28558075537aa7e5220af3,"Score: 95, Severity: critical, Rules: 1",d973dae08b884f28
2026-01-16T16:20:33.144575Z,Rule Firing,aff6209993214aea3eba26360604cbffc8e895,"Score: 95, Severity: critical, Rules: 1",87d3bc39acfbf61a
2026-01-16T16:20:33.144575Z,Rule Firing,db35a4e33b44188d057752112226b0639ce60b,"Score: 95, Severity: critical, Rules: 1",24bef7a89f4f735c
2026-01-16T16:20:33.144575Z,Rule Firing,07cdcd5ce9fffcec9133ad8856415cc489a4b7,"Score: 95, Severity: critical, Rules: 1",a8406bd34a649b0b
2026-01-16T16:20:33.144575Z,Rule Firing,207559a1f979d17335e0c61844d3b74c21bd9c,"Score: 95, Severity: critical, Rules: 1",03929da4816c9165
2026-01-16T16:20:33.144575Z,Rule Firing,2abd201a236f2696a445206c548c2e0855de8b,"Score: 95, Severity: critical, Rules: 1",2cc25035beb272b1
2026-01-16T16:20:33.144575Z,Rule Firing,a149b9d1bb17df4d5612b96d49f38c7fee3b81,"Score: 95, Severity: critical, Rules: 1",a26692386b97616a
2026-01-16T16:20:33.144575Z,Rule Firing,466b2dfa4360fb7fc81349f0d84ff9ff5cc013,"Score: 95, Severity: critical, Rules: 1",ba1f6b3129334d71
2026-01-16T16:20:33.144575Z,Rule Firing,80fa1f6f2e21653ac475399810f08f09393557,"Score: 95, Severity: critical, Rules: 1",aaed5e1ef9c9d731
2026-01-16T16:20:33.144575Z,Rule Firing,a991049f566ecba6e82e9ab4241f762d245a58,"Score: 95, Severity: critical, Rules: 1",7e2c3e6fa23c1140
2026-01-16T16:20:33.144575Z,Rule Firing,e2e9537198768ce1dc4d493fb48dd9600a92c3,"Score: 95, Severity: critical, Rules: 1",03d9f12a2118446e
2026-01-16T16:20:33.168871Z,Rule Firing,14f0452c9275320242849ccf7133221f4b10af,"Score: 95, Severity: critical, Rules: 1",0fd49d6d64d9718e
2026-01-16T16:20:33.168871Z,Rule Firing,1ddf2f8873e395bdf6bf42959d1f9518293a9f,"Score: 95, Severity: critical, Rules: 1",fa2ab71ff3577d11
2026-01-16T16:20:33.171386Z,Rule Firing,225d707359798a5a57a09f1e24e536ee1864ce,"Score: 95, Severity: critical, Rules: 1",a87f91fb19202645
2026-01-16T16:20:33.171386Z,Rule Firing,23842196fa7f397f6a2fdfed79ea453a12a0d5,"Score: 95, Severity: critical, Rules: 1",c8d321e41883061e
2026-01-16T16:20:33.171386Z,Rule Firing,cef2ac93e00f1d61c77fe090d2787d48f95ca3,"Score: 95, Severity: critical, Rules: 1",9c41ab6d60759614
2026-01-16T16:20:33.171386Z,Rule Firing,f4200d589e32663d0deff4282f7286668c58b4,"Score: 95, Severity: critical, Rules: 1",5a2e7afe32b20b4e
2026-01-16T16:20:33.174614Z,Rule Firing,3e6b28a0cac2c25e271a796f5a4cfd9e56c2ea,"Score: 95, Severity: critical, Rules: 1",fafcf04bf31ed6fa
2026-01-16T16:20:33.174614Z,Rule Firing,488fbddc0ef7574c553b2b4ea8f5755561c8dc,"Score: 95, Severity: critical, Rules: 1",92ae3fbb9ae734b5
2026-01-16T16:20:33.174614Z,Rule Firing,746b6e124f98d7a0ad7a144653e132b5999143,"Score: 95, Severity: critical, Rules: 1",35bc6357f8bdbc73
2026-01-16T16:20:33.174614Z,Rule Firing,9569ccf58cc5863f229917c32132cdcfe10ff3,"Score: 95, Severity: critical, Rules: 1",f0207186a9cdc714
2026-01-16T16:20:33.204546Z,Rule Firing,9629f9363084d39322d74ca5b2bb4f8dc33807,"Score: 95, Severity: critical, Rules: 1",64a50777e248104b
2026-01-16T16:20:33.204546Z,Rule Firing,1599b8e479273910ccbb9a1ddd20936b3df1fa,"Score: 95, Severity: critical, Rules: 1",c43d024ff4931a87
2026-01-16T16:20:33.204546Z,Rule Firing,338b9de61090b3e0e47141a46b9f1df3a1ae1d,"Score: 95, Severity: critical, Rules: 1",8692420ba7a67295
2026-01-16T16:20:33.204546Z,Rule Firing,ca4e3f7c3023ff973bae9da572796ab1fc74a9,"Score: 95, Severity: critical, Rules: 1",0455302aceda44bd
2026-01-16T16:20:33.204546Z,Rule Firing,cbc28f41804cb8dd053c97e151d2ea510f107b,"Score: 95, Severity: critical, Rules: 1",c5377394007f1bf7
2026-01-16T16:20:33.204546Z,Rule Firing,bca89e13591fe263c0519b9de4ed0ccca14cce,"Score: 95, Severity: critical, Rules: 1",db5ddfb2861b74e5
2026-01-16T16:20:33.204546Z,Rule Firing,16cbbf37372fb7d4c8bc09119ade6ff1ef2ba6,"Score: 95, Severity: critical, Rules: 1",942a1d30e41fc994
2026-01-16T16:20:33.204546Z,Rule Firing,642c369b6ca553bb1b3e50f5bfe9a308b40367,"Score: 95, Severity: critical, Rules: 1",bf987095d0a26251
2026-01-16T16:20:33.214760Z,Rule Firing,6c12bee799813698022debac8a4eb1bda5fd23,"Score: 95, Severity: critical, Rules: 1",f98b6c96dda8539c
2026-01-16T16:20:33.214760Z,Rule Firing,9e3d0952ad104ea02bd5a11cf2c1f55e88d192,"Score: 95, Severity: critical, Rules: 1",cae5747612fc6426
2026-01-16T16:20:33.234976Z,Rule Firing,e97c252184f5087d5a60b63b41342b77697275,"Score: 95, Severity: critical, Rules: 1",dda51a1e50547331
2026-01-16T16:20:33.234976Z,Rule Firing,f703e7f0d04b0569e6b20857de4ac260850476,"Score: 95, Severity: critical, Rules: 1",65bdaa21c6c28ee3
2026-01-16T16:20:33.234976Z,Rule Firing,90fcd266f3f1ab362e3b8b0df99109d88c6ebc,"Score: 95, Severity: critical, Rules: 1",40e453c7406144e4
2026-01-16T16:20:33.234976Z,Rule Firing,9a70c30b537f725e233fda77e723c2b305814c,"Score: 95, Severity: critical, Rules: 1",4ef07b8ffa664257
2026-01-16T16:20:33.234976Z,Rule Firing,38a3cf5cc1fdf56121709dfd7f0f74da521885,"Score: 95, Severity: critical, Rules: 1",19c03b76d6147e91
2026-01-16T16:20:33.234976Z,Rule Firing,b830006eb84146537d502e2cb58f85751e7426,"Score: 95, Severity: critical, Rules: 1",f9968e5457cca849
2026-01-16T16:20:33.234976Z,Rule Firing,bb0d783e68188945ef4a9190414ca9a65dc239,"Score: 95, Severity: critical, Rules: 1",4033a4f333199811
2026-01-16T16:20:33.234976Z,Rule Firing,0637904758adcd5eada20c6a3c809bceda7f63,"Score: 95, Severity: critical, Rules: 1",6dbb5fad5266f6ae
2026-01-16T16:20:33.234976Z,Rule Firing,361c474f9ea44c91f9b5596b84d6f8b5a3f12a,"Score: 95, Severity: critical, Rules: 1",fa21fe054fe470d7
2026-01-16T16:20:33.234976Z,Rule Firing,8fce57852515aa19ee1c7a642d90a072ebb7ea,"Score: 95, Severity: critical, Rules: 1",56108ac0f874fd36
2026-01-16T16:20:33.254738Z,Rule Firing,c819b72e4a3e2a4ad6f5c2554962c82b77a572,"Score: 95, Severity: critical, Rules: 1",5b734495b1f60437
2026-01-16T16:20:33.254738Z,Rule Firing,20599c90a91026f60df41fb6ada9bb45835c86,"Score: 95, Severity: critical, Rules: 1",162f72bb755a0920
2026-01-16T16:20:33.254738Z,Rule Firing,32f756d95bcfdc399bcb26ac8acaef788773d4,"Score: 95, Severity: critical, Rules: 1",c25997c5785f502a
2026-01-16T16:20:33.254738Z,Rule Firing,1bcb3ecc200a2030824e54dbf5c9b489c147d5,"Score: 95, Severity: critical, Rules: 1",d09b1bad87550bb2
2026-01-16T16:20:33.254738Z,Rule Firing,63f727f519fa3f4875ee5ae49028cf4274caa0,"Score: 95, Severity: critical, Rules: 1",75b3ba61de3295e8
2026-01-16T16:20:33.254738Z,Rule Firing,c580a71f2dbb07dd53f5ea31152215c42e8232,"Score: 95, Severity: critical, Rules: 1",ca145633d5149e79
2026-01-16T16:20:33.254738Z,Rule Firing,e0f29d94a4515028355c44e0f86ddfb10568b0,"Score: 95, Severity: critical, Rules: 1",2704e0dc8706190b
2026-01-16T16:20:33.254738Z,Rule Firing,f04151d066346e911341aa7a3073ceb22e73c8,"Score: 95, Severity: critical, Rules: 1",8840d5c758e4bf16
2026-01-16T16:20:33.264454Z,Rule Firing,faa6fb0135cc2ad5f1c52c4e3a181d6cd154a3,"Score: 95, Severity: critical, Rules: 1",3932e1b718cf1dd5
2026-01-16T16:20:33.264454Z,Rule Firing,d43c5e109663b6d78e602d30ae9251d6a41fb5,"Score: 95, Severity: critical, Rules: 1",96ac2b887495c57d
2026-01-16T16:20:33.300483Z,Rule Firing,eb29e4ed45d9b84c020135526ecf40b4cb465c,"Score: 95, Severity: critical, Rules: 1",53c923ef726c51e8
2026-01-16T16:20:33.300483Z,Rule Firing,20a1a78deaeb3775e32c2cabece708ff70fd2a,"Score: 95, Severity: critical, Rules: 1",50112eb9d47f09d4
2026-01-16T16:20:33.302492Z,Rule Firing,215eee0284dabca8d8061ad164a5a01fb8296e,"Score: 95, Severity: critical, Rules: 1",845a4f968c6713e0
2026-01-16T16:20:33.302492Z,Rule Firing,5a45194cf7a6865b6b7bd7468c9273b3c446dd,"Score: 95, Severity: critical, Rules: 1",d60e1a5c354eb6ac
2026-01-16T16:20:33.304499Z,Rule Firing,497c8105cd315a2e021d57407552ca2fd4232d,"Score: 95, Severity: critical, Rules: 1",a37b63f938e08f2c
2026-01-16T16:20:33.304499Z,Rule Firing,5e97e2fea64141d2c8c3251b1836b85c15db9e,"Score: 95, Severity: critical, Rules: 1",2a5271fc5c577389
2026-01-16T16:20:33.306546Z,Rule Firing,d841f337f87ab9b5816a60b7f2f751ded3e77d,"Score: 95, Severity: critical, Rules: 1",ec40ec0b306bba93
2026-01-16T16:20:33.306546Z,Rule Firing,290235bc9ac03d3ca43e926e3db3e6db31958e,"Score: 95, Severity: critical, Rules: 1",d113bafdefb702ae
2026-01-16T16:20:33.306546Z,Rule Firing,f646dc25066ac8e85041f3c362f15d44a1ca16,"Score: 95, Severity: critical, Rules: 1",c6bfee0fe2226716
2026-01-16T16:20:33.309644Z,Rule Firing,070b63a5da82522fa7e8ba89d39aa1422b2b0e,"Score: 95, Severity: critical, Rules: 1",4a7ca9a266d05fd6
2026-01-16T16:20:33.326445Z,Rule Firing,0b4d04d31c7749ea6db5199ee05d5ebedc898c,"Score: 95, Severity: critical, Rules: 1",58572c4c67e14715
2026-01-16T16:20:33.326445Z,Rule Firing,256dd5bdfa7c7dd139340f3dc17fada75f08a4,"Score: 95, Severity: critical, Rules: 1",217182b87eec17df
2026-01-16T16:20:33.326445Z,Rule Firing,6765f08cbc3beb74412e95a3d7b154d49b7b8d,"Score: 95, Severity: critical, Rules: 1",f598f49c70920c5d
2026-01-16T16:20:33.328952Z,Rule Firing,7ffdf410107091d36099171b1ee699094b2096,"Score: 95, Severity: critical, Rules: 1",d712af50f21e9203
2026-01-16T16:20:33.328952Z,Rule Firing,c4288ffee900ad9ffaa14786d14f819d5eda8e,"Score: 95, Severity: critical, Rules: 1",9486d280ed5e16c5
2026-01-16T16:20:33.328952Z,Rule Firing,171fcbd187daad3d66682f1ae04378a3d04d45,"Score: 95, Severity: critical, Rules: 1",cd72a40001850fc1
2026-01-16T16:20:33.331060Z,Rule Firing,6fdd1bb26bd41d3b3ccd8b3a067add45ef21dc,"Score: 95, Severity: critical, Rules: 1",3403e9a1f5f0dc25
2026-01-16T16:20:33.331060Z,Rule Firing,7ceff6b99db116e25fa47eba0d1f0e46bc2fef,"Score: 95, Severity: critical, Rules: 1",8a9a2a3c98ecc568
2026-01-16T16:20:33.331060Z,Rule Firing,9c01092981ba04446db9a4585c04baf471b901,"Score: 95, Severity: critical, Rules: 1",55d9b2e5f2349c84
2026-01-16T16:20:33.334533Z,Rule Firing,426911c6fc022e19ad83d0ae758876a91dc01a,"Score: 95, Severity: critical, Rules: 1",204022dfa78108ea
2026-01-16T16:20:33.360873Z,Rule Firing,4837857db75382ef0fe34671f8257cb34b4d5c,"Score: 95, Severity: critical, Rules: 1",6f450386beebb732
2026-01-16T16:20:33.360873Z,Rule Firing,729e6341ea5abf79fa872c5f363ad8206e271d,"Score: 95, Severity: critical, Rules: 1",94c4cb23ff4e5a4e
2026-01-16T16:20:33.360873Z,Rule Firing,7740f9ad389928de32e4d01400b6b8437ea0e6,"Score: 95, Severity: critical, Rules: 1",717934e9af233c3f
2026-01-16T16:20:33.360873Z,Rule Firing,9d7fa79203c1361fb3cb33ea9c674c41976fe5,"Score: 95, Severity: critical, Rules: 1",9528f28d0b8178b3
2026-01-16T16:20:33.364572Z,Rule Firing,b7facea63146b18db556390271f2188965e675,"Score: 95, Severity: critical, Rules: 1",421065714b75b17a
2026-01-16T16:20:33.364572Z,Rule Firing,afc4ab0f51e02f597e102df83f3d9dbda4b2e7,"Score: 95, Severity: critical, Rules: 1",546a55d291a61ee1
2026-01-16T16:20:33.364572Z,Rule Firing,14e763cd07e01aa2aaf7ef8ad0eab62117f55d,"Score: 95, Severity: critical, Rules: 1",58b1651617237c53
2026-01-16T16:20:33.364572Z,Rule Firing,225124427c117f3178c45f95b776b458012202,"Score: 95, Severity: critical, Rules: 1",ddebb80c4ae24815
2026-01-16T16:20:33.364572Z,Rule Firing,38ad5b95bb0a38c862fd21249903efe19ea01f,"Score: 95, Severity: critical, Rules: 1",2559c129f0578845
2026-01-16T16:20:33.364572Z,Rule Firing,39e03399ad4cfdb23e279127bcf1241afdf1ac,"Score: 95, Severity: critical, Rules: 1",299453d18c20e03a
2026-01-16T16:20:33.384703Z,Rule Firing,5283437d0a92a81df0a2285ca2dc3c2c03d121,"Score: 95, Severity: critical, Rules: 1",dd30d8bcfbd6a824
2026-01-16T16:20:33.384703Z,Rule Firing,749eeca21dd1c4ba3a0025a1089a5cb8f32db3,"Score: 95, Severity: critical, Rules: 1",8e5761a0913899ed
2026-01-16T16:20:33.384703Z,Rule Firing,759220d5aaf0d85ff87c636b9711f59bafe725,"Score: 95, Severity: critical, Rules: 1",766a78ecb89ef326
2026-01-16T16:20:33.384703Z,Rule Firing,a09af91391ce89673ca436df0824a8577087cf,"Score: 95, Severity: critical, Rules: 1",8fb3bed6138d96e8
2026-01-16T16:20:33.384703Z,Rule Firing,a92a0d1fb0bb238882b248729cb31bcdda61e7,"Score: 95, Severity: critical, Rules: 1",ef1cbd7c2b692497
2026-01-16T16:20:33.392314Z,Rule Firing,13fd38b4fd1af12b89f5687ee2e32f06724972,"Score: 95, Severity: critical, Rules: 1",33cccce6b1d5774b
2026-01-16T16:20:33.392314Z,Rule Firing,5969f6ad5790972832c86560bb268d81e87a31,"Score: 95, Severity: critical, Rules: 1",1b6b8d5163569891
2026-01-16T16:20:33.394325Z,Rule Firing,5d47e4b3dc7445eba1a5cfdfa7f4bba1689ef8,"Score: 95, Severity: critical, Rules: 1",ffda26b23a487a37
2026-01-16T16:20:33.394325Z,Rule Firing,8ae4e504304ca713acba5b8f0b25b5bf2a4cd1,"Score: 95, Severity: critical, Rules: 1",a8e6c3095cec9dab
2026-01-16T16:20:33.394325Z,Rule Firing,9bc759d2b9808bedd3ed48641297aca7f5050c,"Score: 95, Severity: critical, Rules: 1",6c983d0d1544e8ed
2026-01-16T16:20:33.414580Z,Rule Firing,2f4451c7c91b9be901131bf6fb7793f8f033f5,"Score: 95, Severity: critical, Rules: 1",22ced8f8c72a4c6d
2026-01-16T16:20:33.419665Z,Rule Firing,427d17ca406f4c2c7f102aa1b2663a3c37e8ea,"Score: 95, Severity: critical, Rules: 1",ba90092d6f9e8310
2026-01-16T16:20:33.419665Z,Rule Firing,cb6079f930c3070f34bb1a2b41d4801e9aab19,"Score: 95, Severity: critical, Rules: 1",d6c55e668af24799
2026-01-16T16:20:33.419665Z,Rule Firing,cfa3f42eeec4a2a0e7c3e6a7889f9229cb991f,"Score: 95, Severity: critical, Rules: 1",92c8d8bf3ce80fed
2026-01-16T16:20:33.419665Z,Rule Firing,0401727a6bfc378908d5ed108bcf281c8f8e7b,"Score: 95, Severity: critical, Rules: 1",0569f1c96b25a095
2026-01-16T16:20:33.419665Z,Rule Firing,0d44a09d9e0e513585a2fa443d2ed5a244ca4f,"Score: 95, Severity: critical, Rules: 1",e3cd705a88cd1de1
2026-01-16T16:20:33.424602Z,Rule Firing,196faaa6d2d364f5443590a2e595420d480ad0,"Score: 95, Severity: critical, Rules: 1",002daf0faa46e497
2026-01-16T16:20:33.424602Z,Rule Firing,53023a1c11682fb075cd3e144c0592797289c9,"Score: 95, Severity: critical, Rules: 1",5087c3b99744bcc6
2026-01-16T16:20:33.424602Z,Rule Firing,8c08d431fadeb9aa5133a7f60b86e40f549ef4,"Score: 95, Severity: critical, Rules: 1",38b16b44784447dd
2026-01-16T16:20:33.424602Z,Rule Firing,8c8a6cff95a2978ad1f25ed7e40fd29e41df1f,"Score: 95, Severity: critical, Rules: 1",005c20333a90de76
2026-01-16T16:20:33.444677Z,Rule Firing,060dfd89f2859a2108d234a96a1690e50364a1,"Score: 95, Severity: critical, Rules: 1",c357506e5a2e9288
2026-01-16T16:20:33.444677Z,Rule Firing,28cd0631058f53b50de728e92167d9b922d304,"Score: 95, Severity: critical, Rules: 1",660948bb9e642227
2026-01-16T16:20:33.444677Z,Rule Firing,3d833d07b4d4813d4de7632dd1ed5640644dca,"Score: 95, Severity: critical, Rules: 1",4e8175777255cfaa
2026-01-16T16:20:33.454516Z,Rule Firing,7d0c8b24c4669ea18a31745f0c360da987be9f,"Score: 95, Severity: critical, Rules: 1",64dae1fdfa049708
2026-01-16T16:20:33.456056Z,Rule Firing,7d902d632c3184c24a75446da457b7fde43c59,"Score: 95, Severity: critical, Rules: 1",ce286ad3ffc16a52
2026-01-16T16:20:33.456056Z,Rule Firing,8b4076d6f73021364943fd9252ab197112b81b,"Score: 95, Severity: critical, Rules: 1",629f0878fe67472e
2026-01-16T16:20:33.460084Z,Rule Firing,1571e50c6b885dbb98fceb376d96dbef888e2c,"Score: 95, Severity: critical, Rules: 1",ee10f07e045e993c
2026-01-16T16:20:33.460084Z,Rule Firing,25d34e5bd480a242a0d4b2b0f618e6e6a0dc11,"Score: 95, Severity: critical, Rules: 1",82a432f990bdaf23
2026-01-16T16:20:33.460084Z,Rule Firing,3dc9915cee0c83ebf718d66c1f1d1756b8d08f,"Score: 95, Severity: critical, Rules: 1",96f29b477e02ed93
2026-01-16T16:20:33.460084Z,Rule Firing,9b23e8c52815768482daa4beb1919421ca71f4,"Score: 95, Severity: critical, Rules: 1",593c1b45781ec629
2026-01-16T16:20:33.494249Z,Rule Firing,b2d0240b9643b2f88516de6026594517aea5f1,"Score: 95, Severity: critical, Rules: 1",113b847a1d9b759c
2026-01-16T16:20:33.494249Z,Rule Firing,344bfef091a83fbddd00bf0ebe1d83bb401db3,"Score: 95, Severity: critical, Rules: 1",42a3f80428cf062c
2026-01-16T16:20:33.494249Z,Rule Firing,7981db7a49013569abd2e7ad76f45f5b3b600b,"Score: 95, Severity: critical, Rules: 1",7643f5cbf439052f
2026-01-16T16:20:33.494249Z,Rule Firing,811d1fc4ea006321a1afc85d52ccaa08ef0ee0,"Score: 95, Severity: critical, Rules: 1",ec036eed4a60d16b
2026-01-16T16:20:33.504472Z,Rule Firing,a6b3374aaea94a812080b951adc60ab385693b,"Score: 95, Severity: critical, Rules: 1",b1f023a175179173
2026-01-16T16:20:33.504472Z,Rule Firing,5a9d6aef15aca9cd5a74d7b39a88efe2a75142,"Score: 95, Severity: critical, Rules: 1",6b99ff28701f1d9c
2026-01-16T16:20:33.506575Z,Rule Firing,994602d3c57c27975c0c8b98ef4c3448ab9e60,"Score: 95, Severity: critical, Rules: 1",ec8e52639a9ec223
2026-01-16T16:20:33.506575Z,Rule Firing,de9d2273f869ec9e92a45199e86d52be3b3bdd,"Score: 95, Severity: critical, Rules: 1",f16fc8ccc0cc2640
2026-01-16T16:20:33.508588Z,Rule Firing,2964babf549299837ea29b160ca881db9fd7c4,"Score: 95, Severity: critical, Rules: 1",c1766b55b5311c40
2026-01-16T16:20:33.508588Z,Rule Firing,7e8e4c877a62d319c45064f528539aa55fe384,"Score: 95, Severity: critical, Rules: 1",088c0cca4740edb4
2026-01-16T16:20:33.524550Z,Rule Firing,a20a3774faec1514553c991812e025205bc261,"Score: 95, Severity: critical, Rules: 1",6a5f8ba2615d2391
2026-01-16T16:20:33.524550Z,Rule Firing,b95796abbea07cd5422d7e7fa77580c53016f9,"Score: 95, Severity: critical, Rules: 1",99555db30e74fedf
2026-01-16T16:20:33.524550Z,Rule Firing,58ac4247fc0bc51f07176e4eefe1d4871899c1,"Score: 95, Severity: critical, Rules: 1",61a210a8e43ffd64
2026-01-16T16:20:33.524550Z,Rule Firing,cf8f4091e428ee8be3e394d0cccf3e645c1c35,"Score: 95, Severity: critical, Rules: 1",4291cfbb5778f94c
2026-01-16T16:20:33.529418Z,Rule Firing,0ea39f12256cc7ec3cace9e0c4035f705e33b8,"Score: 95, Severity: critical, Rules: 1",a4d414660b16cad8
2026-01-16T16:20:33.529418Z,Rule Firing,105eda5b430174fb0db0c07373625f41e0d906,"Score: 95, Severity: critical, Rules: 1",3644742a7c2ea01d
2026-01-16T16:20:33.529418Z,Rule Firing,383ad6aec4649c5c34c5c8adecd03e3ad12c09,"Score: 95, Severity: critical, Rules: 1",03a8be5ca0bfc46f
2026-01-16T16:20:33.529418Z,Rule Firing,6902e4882781ad9bb60cc4360889476c677f4b,"Score: 95, Severity: critical, Rules: 1",41c7d6ba178ce36f
2026-01-16T16:20:33.529418Z,Rule Firing,e047cdc1fb83bd9038c83e94254b29dcb99fab,"Score: 95, Severity: critical, Rules: 1",5cabcaff902ee53a
2026-01-16T16:20:33.529418Z,Rule Firing,fc7bdc455dc04a440967b2d8fd59a31aaa4c09,"Score: 95, Severity: critical, Rules: 1",1006dff208460f37
2026-01-16T16:20:33.554707Z,Rule Firing,3100b892f0ae510b664a9626d61b84880185d8,"Score: 95, Severity: critical, Rules: 1",e2eeaea54d6c131d
2026-01-16T16:20:33.554707Z,Rule Firing,b43fe00aaed2a491e6399ab229f02e4e45d8f0,"Score: 95, Severity: critical, Rules: 1",f976eb5de949e077
2026-01-16T16:20:33.554707Z,Rule Firing,2fe92efe5d74f789a6a44542d3f1ff46bcfaac,"Score: 95, Severity: critical, Rules: 1",2031de8e0d76658c
2026-01-16T16:20:33.564610Z,Rule Firing,52abcceb10e0532be000146a33ca675742d91d,"Score: 95, Severity: critical, Rules: 1",5f0c572a057c365d
2026-01-16T16:20:33.564610Z,Rule Firing,61940a6d5385fba31f2e2fd570e80488bea5b9,"Score: 95, Severity: critical, Rules: 1",2506f50268fe5923
2026-01-16T16:20:33.564610Z,Rule Firing,63d7948a4fd8e97b99d82507ae638240f4b8f3,"Score: 95, Severity: critical, Rules: 1",d983ec555f2e9341
2026-01-16T16:20:33.567887Z,Rule Firing,dc72ac420de4f8b25f6e7f80043648b67527ad,"Score: 95, Severity: critical, Rules: 1",12cdbe303dfbb699
2026-01-16T16:20:33.567887Z,Rule Firing,0e415a4f0f60fe8f96bf1d48ce48d7052a93a0,"Score: 95, Severity: critical, Rules: 1",c13ea339a503119d
2026-01-16T16:20:33.567887Z,Rule Firing,1570631953f51017d24d8a40356fefda2deb6e,"Score: 95, Severity: critical, Rules: 1",5ff4324f0334dfe5
2026-01-16T16:20:33.567887Z,Rule Firing,296879ec8d4ae53f9030f978a428ca5ff1e8f8,"Score: 95, Severity: critical, Rules: 1",d5e171b32dd9d0b5
2026-01-16T16:20:33.594428Z,Rule Firing,4834b52336a070b9d1a3e571d92ca3c491265f,"Score: 95, Severity: critical, Rules: 1",321614746ecac986
2026-01-16T16:20:33.594428Z,Rule Firing,4e03a4e7dbe38d94e3b4bfdf9e210268b4b2b2,"Score: 95, Severity: critical, Rules: 1",28a6736a07661a8a
2026-01-16T16:20:33.594428Z,Rule Firing,e3185260919466353ce6e1d3ad9bf366eee4d4,"Score: 95, Severity: critical, Rules: 1",838f8bed57217560
2026-01-16T16:20:33.594428Z,Rule Firing,fb3cd56627b09c33cb0cf6ead466fde9abaeee,"Score: 95, Severity: critical, Rules: 1",0da5d7d6e0628fa0
2026-01-16T16:20:33.594428Z,Rule Firing,08ad050b15f42407d2e03349ea7cbcc1809d1e,"Score: 95, Severity: critical, Rules: 1",6dcac461182b9944
2026-01-16T16:20:33.594428Z,Rule Firing,476fccba5ae490263c267e6a46c84dc1d11584,"Score: 95, Severity: critical, Rules: 1",3a024dba868a3b2d
2026-01-16T16:20:33.594428Z,Rule Firing,bf252879fce69be4d7ca50d09f42e1ddfc8cbe,"Score: 95, Severity: critical, Rules: 1",1954d7fcda746b98
2026-01-16T16:20:33.599877Z,Rule Firing,d9c739f77778847f138f0ca9783b485f43f0c5,"Score: 95, Severity: critical, Rules: 1",358cb6563eacb322
2026-01-16T16:20:33.599877Z,Rule Firing,0521a45d1ffcfa3360d3dc3654ab957344c7db,"Score: 95, Severity: critical, Rules: 1",679d6a572c5fd5b4
2026-01-16T16:20:33.599877Z,Rule Firing,aac05016702382fe8aaeeb65bf7d03c2e2f12c,"Score: 95, Severity: critical, Rules: 1",877659ae793875b3
2026-01-16T16:20:33.615755Z,Rule Firing,b7083b3fffdfed8fb1ccfc63a6a5876f442e17,"Score: 95, Severity: critical, Rules: 1",84b81b3f7c911c62
2026-01-16T16:20:33.615755Z,Rule Firing,bdc7ee0f54330e86ed5338dc4b591ea5b65389,"Score: 95, Severity: critical, Rules: 1",561ea884d94cfffd
2026-01-16T16:20:33.615755Z,Rule Firing,e95c080050f2af10ed2a6e95d8c1680b835689,"Score: 95, Severity: critical, Rules: 1",113232b7984a08bf
2026-01-16T16:20:33.615755Z,Rule Firing,635941dccda93872ef357f051d4e657f1222f5,"Score: 95, Severity: critical, Rules: 1",6ee4995947376782
2026-01-16T16:20:33.615755Z,Rule Firing,6980ce0bcdf0d729815306089147a8f458e798,"Score: 95, Severity: critical, Rules: 1",b0fab9730dffe1d8
2026-01-16T16:20:33.615755Z,Rule Firing,82eff0ca1829caa10906dc6d021daf46db5441,"Score: 95, Severity: critical, Rules: 1",0d97a7c161f26380
2026-01-16T16:20:33.615755Z,Rule Firing,af98b5b3fd9786024d325e50a655ab05a81491,"Score: 95, Severity: critical, Rules: 1",0c36319843f69946
2026-01-16T16:20:33.624548Z,Rule Firing,0d1914127a7cfbd340b9673f5249939fac3f4a,"Score: 95, Severity: critical, Rules: 1",5f2718b2b3f93bd8
2026-01-16T16:20:33.624548Z,Rule Firing,1d2b45c04fd6fc5999fc247de8c341dcc155e5,"Score: 95, Severity: critical, Rules: 1",bb9d57cf006504cb
2026-01-16T16:20:33.624548Z,Rule Firing,54768cc286d73840705e88b4c9091f71aaf590,"Score: 95, Severity: critical, Rules: 1",311e6a5f89985766
2026-01-16T16:20:33.650472Z,Rule Firing,c61d26dea608e0c0458d7bfa36a46c4a176fea,"Score: 95, Severity: critical, Rules: 1",0ee2ec466f6e86f8
2026-01-16T16:20:33.652482Z,Rule Firing,eddcbf9dd1f21581e090659225d487bdf8608a,"Score: 95, Severity: critical, Rules: 1",27c64971c81e96f8
2026-01-16T16:20:33.654505Z,Rule Firing,00ea0859124a16611841d52fdba4372f3d5dd0,"Score: 95, Severity: critical, Rules: 1",da4280ef27d10517
2026-01-16T16:20:33.654505Z,Rule Firing,01fd7ecc539ce83390a2b09cfcbe7254b5f13a,"Score: 95, Severity: critical, Rules: 1",6aca53f2e246099d
2026-01-16T16:20:33.654505Z,Rule Firing,2223e4b12cd32f9154b828f945730dd027ca55,"Score: 95, Severity: critical, Rules: 1",42b12fd2e276f34f
2026-01-16T16:20:33.654505Z,Rule Firing,4ca739587dac2bdff4923634290c8256542d62,"Score: 95, Severity: critical, Rules: 1",5da5985185db3e20
2026-01-16T16:20:33.654505Z,Rule Firing,b8bfb912a30073aa594bfd663d9ce61f8c0d68,"Score: 95, Severity: critical, Rules: 1",81ab006936727606
2026-01-16T16:20:33.662170Z,Rule Firing,c52353928e1c785ffc27544283d273a2721339,"Score: 95, Severity: critical, Rules: 1",a18885a8a980fa76
2026-01-16T16:20:33.662170Z,Rule Firing,e224bcd3a3907be561c47d90e92cbace163747,"Score: 95, Severity: critical, Rules: 1",5ae8753a17101f92
2026-01-16T16:20:33.664686Z,Rule Firing,133b6da324f4cc73b54583073235566601110d,"Score: 95, Severity: critical, Rules: 1",4dde45420317c222
2026-01-16T16:20:33.684617Z,Rule Firing,3f68b9d9dd5c4e626bc21182adba5c5e23fe93,"Score: 95, Severity: critical, Rules: 1",3be125054720e535
2026-01-16T16:20:33.684617Z,Rule Firing,8f110ebc745a8be56ba81c08b6117d027fbdb3,"Score: 95, Severity: critical, Rules: 1",42db117cfac8da8f
2026-01-16T16:20:33.684617Z,Rule Firing,12c8fc97d3a82d56b65a0150d55a234fcdc8fa,"Score: 95, Severity: critical, Rules: 1",1fb358e3bb5599fb
2026-01-16T16:20:33.684617Z,Rule Firing,2ad991246e47aa2cc799ed45280ec65b1418c3,"Score: 95, Severity: critical, Rules: 1",97a881661194061c
2026-01-16T16:20:33.684617Z,Rule Firing,5937e1d03a0f0e1dde3d5243033d6b8a1da9c8,"Score: 95, Severity: critical, Rules: 1",7c4c3088b674e06e
2026-01-16T16:20:33.684617Z,Rule Firing,01b34b3c70736745afce77cf9ff1cc8f9d804f,"Score: 95, Severity: critical, Rules: 1",6ae4664a8ce1fe48
2026-01-16T16:20:33.684617Z,Rule Firing,509134e3e00db55f7325a44f6229e050bd3ac7,"Score: 95, Severity: critical, Rules: 1",ec7e9c48c0257c43
2026-01-16T16:20:33.684617Z,Rule Firing,6466f5c3bcb039e833ee42d9c9acdb333e447d,"Score: 95, Severity: critical, Rules: 1",04724ed4dcbfd1e0
2026-01-16T16:20:33.684617Z,Rule Firing,9c7735ecc16e27ef29270ff36e5f05426b334a,"Score: 95, Severity: critical, Rules: 1",bc1118a93a41545e
2026-01-16T16:20:33.684617Z,Rule Firing,bc0694c15d14e57e0acdd3c12b5a3dccd3353a,"Score: 95, Severity: critical, Rules: 1",64b82352fcab9ced
2026-01-16T16:20:33.709735Z,Rule Firing,23eeb9ace7df7933d504684180b55fbe6b10ca,"Score: 95, Severity: critical, Rules: 1",6260ea46e648c6c3
2026-01-16T16:20:33.714473Z,Rule Firing,2f055a1fb2ba8294b94da22773543d8d5e5c04,"Score: 95, Severity: critical, Rules: 1",49a4de7c6cccf582
2026-01-16T16:20:33.714473Z,Rule Firing,a979c94de35ea78b2f382ccf03c4ef3ef526d3,"Score: 95, Severity: critical, Rules: 1",2b062bf3a0ce6ce2
2026-01-16T16:20:33.714473Z,Rule Firing,26a093fd6bc656510cd0ba426ec544d99adab7,"Score: 95, Severity: critical, Rules: 1",3e079fd1861cd511
2026-01-16T16:20:33.714473Z,Rule Firing,77e32d6eab1f934bb54165727cd6eb86e0289b,"Score: 95, Severity: critical, Rules: 1",6b7db5c662e499b4
2026-01-16T16:20:33.714473Z,Rule Firing,e88d0eea468fe764b1084fd742ec810602fe5a,"Score: 95, Severity: critical, Rules: 1",6617f2d37475f092
2026-01-16T16:20:33.714473Z,Rule Firing,f3225c07bff040688f50125e3818dc0fed2367,"Score: 95, Severity: critical, Rules: 1",dbebd6ed540a07fa
2026-01-16T16:20:33.714473Z,Rule Firing,3d6f3dca8446c2c9ff424f1257d9872ec0094d,"Score: 95, Severity: critical, Rules: 1",088cbbc6b23fe205
2026-01-16T16:20:33.714473Z,Rule Firing,8b74a90b4d5cca4444a17c1ad2dca51d394b8f,"Score: 95, Severity: critical, Rules: 1",89decbb01597643b
2026-01-16T16:20:33.714473Z,Rule Firing,e5f46c5bceacbb77bdb5c5baed0a259a75f596,"Score: 95, Severity: critical, Rules: 1",6939d746384a7caf
2026-01-16T16:20:33.739512Z,Rule Firing,ec35f2dd12bad5dc826697ecaba1ced83ed8b9,"Score: 95, Severity: critical, Rules: 1",29b536eb2a10fc14
2026-01-16T16:20:33.739512Z,Rule Firing,f740bfae43676641ea0a112136101b0b688a41,"Score: 95, Severity: critical, Rules: 1",eafb86a0776fbf4c
2026-01-16T16:20:33.741526Z,Rule Firing,6f9d5f52d83346f381bd320f89e5c52acb96f0,"Score: 95, Severity: critical, Rules: 1",65f30dc751e2e146
2026-01-16T16:20:33.741526Z,Rule Firing,77a940338f22b315ab2a40b33d340124d13c23,"Score: 95, Severity: critical, Rules: 1",d16354fbf1a072f0
2026-01-16T16:20:33.741526Z,Rule Firing,8497a2150df020296901700ed341d8c25efe5b,"Score: 95, Severity: critical, Rules: 1",fc9f177ab6a52733
2026-01-16T16:20:33.744239Z,Rule Firing,98a2a991d020265dfe9be7cc30d528b699320d,"Score: 95, Severity: critical, Rules: 1",aea73698af7ece4d
2026-01-16T16:20:33.744239Z,Rule Firing,f4889aabdbacded628606e33297b7bea233a31,"Score: 95, Severity: critical, Rules: 1",8c453f00b224a533
2026-01-16T16:20:33.744239Z,Rule Firing,f90472452474301741d30331b04b2588c4be41,"Score: 95, Severity: critical, Rules: 1",738e51240a199179
2026-01-16T16:20:33.744239Z,Rule Firing,01c15b6cbedc3a9816fbff9010dee595cd44db,"Score: 95, Severity: critical, Rules: 1",474919b2bb12f141
2026-01-16T16:20:33.744239Z,Rule Firing,cef2db1fed30e97e2d255d778fd0eb6ceed796,"Score: 95, Severity: critical, Rules: 1",6188887455748ed4
2026-01-16T16:20:33.764217Z,Rule Firing,0e745011c1f0e879ef300111f602488c046084,"Score: 95, Severity: critical, Rules: 1",a091050c9c5fa9a3
2026-01-16T16:20:33.764217Z,Rule Firing,36149a65c4f5d633107a2bc613d33d23e89edb,"Score: 95, Severity: critical, Rules: 1",486eb1b686a37b50
2026-01-16T16:20:33.764217Z,Rule Firing,849b1f550c319d66a34dc44d6bfc1ff837c7f1,"Score: 95, Severity: critical, Rules: 1",b98295ac77e58fa0
2026-01-16T16:20:33.764217Z,Rule Firing,a7bf2829e34b83cacf1300b04cfa2932e8eda4,"Score: 95, Severity: critical, Rules: 1",37cd5dcc39fff9c5
2026-01-16T16:20:33.764217Z,Rule Firing,c828736f072e858815ca8c92e3b97eb3a4639b,"Score: 95, Severity: critical, Rules: 1",3610cf94093a2bba
2026-01-16T16:20:33.764217Z,Rule Firing,d4e77142e669fa9ef810384831e249d7a5f8f8,"Score: 95, Severity: critical, Rules: 1",25fdc223f58e1a7d
2026-01-16T16:20:33.764217Z,Rule Firing,3e373f04834277434ae60bfd39749da0a0f325,"Score: 95, Severity: critical, Rules: 1",f0fd9c2c1b3c44ed
2026-01-16T16:20:33.764217Z,Rule Firing,694f9feffc8e70436dd2181bda65b9aabbe568,"Score: 95, Severity: critical, Rules: 1",a2a240ac9efe7f1f
2026-01-16T16:20:33.764217Z,Rule Firing,9879ec6dc43c1df198cfc7e03038b27b93585f,"Score: 95, Severity: critical, Rules: 1",b1e2aa91178bd065
2026-01-16T16:20:33.764217Z,Rule Firing,c6d30954f0c9152ae0a02479b1d401f026ca14,"Score: 95, Severity: critical, Rules: 1",912a03b8d0a667be
2026-01-16T16:20:33.789587Z,Rule Firing,e19c97840296394ad5829bc30729cb23f5ede0,"Score: 95, Severity: critical, Rules: 1",93208c2516a055a7
2026-01-16T16:20:33.789587Z,Rule Firing,04457c084b38bb7bdcd51bcad026732e65e61b,"Score: 95, Severity: critical, Rules: 1",ead055a04de934dd
2026-01-16T16:20:33.789587Z,Rule Firing,6306a9eddf2dd01eff95ae8a39e0f09ac8ed3c,"Score: 95, Severity: critical, Rules: 1",a6de18185a5a4784
2026-01-16T16:20:33.789587Z,Rule Firing,69124587635a401e3b0c6b6701ae05e5759955,"Score: 95, Severity: critical, Rules: 1",e929765013314fc5
2026-01-16T16:20:33.789587Z,Rule Firing,71d2a7df69cfa4039cde22b9b4ab7e596229c4,"Score: 95, Severity: critical, Rules: 1",d1b50e22cf9777db
2026-01-16T16:20:33.794625Z,Rule Firing,cbc4adc6b22f602c0e01c51d6bf14622720d15,"Score: 95, Severity: critical, Rules: 1",8c23ef4e0cfe8373
2026-01-16T16:20:33.794625Z,Rule Firing,cdcb2a86d57b9b58297d79d70fcdc3a363c2a6,"Score: 95, Severity: critical, Rules: 1",e472760ed534c7c1
2026-01-16T16:20:33.794625Z,Rule Firing,ea53eb9be09a6bd1991aa9d70e542a19e62437,"Score: 95, Severity: critical, Rules: 1",b3ff6c742778b765
2026-01-16T16:20:33.794625Z,Rule Firing,1a078c040d3faf0b818fbd9f098425c06dcac3,"Score: 95, Severity: critical, Rules: 1",88c53830728d3603
2026-01-16T16:20:33.794625Z,Rule Firing,3b70519b17df8c493675f595eafbdcb53bf9c7,"Score: 95, Severity: critical, Rules: 1",f632ac6bc70efb66
2026-01-16T16:20:33.814529Z,Rule Firing,fd1a63c756a64f1a0b2b55896320215dfa0bf2,"Score: 95, Severity: critical, Rules: 1",ca315ab51ec83789
2026-01-16T16:20:33.819664Z,Rule Firing,25cda2400949065e7d12b9d476c4d3701ec9e0,"Score: 95, Severity: critical, Rules: 1",f124072b520970c3
2026-01-16T16:20:33.819664Z,Rule Firing,488c0a442f4be74355234bdd5e1416e610cf52,"Score: 95, Severity: critical, Rules: 1",3652183c45dd80ca
2026-01-16T16:20:33.821416Z,Rule Firing,7ec412067559ba7e266b6ab822118711b0b752,"Score: 95, Severity: critical, Rules: 1",8c221a8e62f893db
2026-01-16T16:20:33.821416Z,Rule Firing,ea37ffc16d5d0cfbe4013826d74af6779c4b8a,"Score: 95, Severity: critical, Rules: 1",f0139fe563115124
2026-01-16T16:20:33.821416Z,Rule Firing,ec8ae00acf440b566f851193b70cd063a62356,"Score: 95, Severity: critical, Rules: 1",a45d6925c98dda69
2026-01-16T16:20:33.821416Z,Rule Firing,fc1b2aababb44c01da566db3d070f5ff344fd0,"Score: 95, Severity: critical, Rules: 1",8eff3c45e8a5e3cd
2026-01-16T16:20:33.824391Z,Rule Firing,0e3077883de2967cce6f87b0eeabc938ecd5cb,"Score: 95, Severity: critical, Rules: 1",e2153ca181f37a90
2026-01-16T16:20:33.824391Z,Rule Firing,3e8a3e7ab36b6bb12e649daab9ab57b60ae2c9,"Score: 95, Severity: critical, Rules: 1",e55b401bf81b0706
2026-01-16T16:20:33.824391Z,Rule Firing,65212197b856eba0f35907ca81d5903d0d12d7,"Score: 95, Severity: critical, Rules: 1",0f5056e63df2c285
2026-01-16T16:20:33.844220Z,Rule Firing,656571b83fa9db01a8f467f9469948c4b54b92,"Score: 95, Severity: critical, Rules: 1",5d35fe112fc7f264
2026-01-16T16:20:33.844220Z,Rule Firing,aef142d21fd0e2d37a0bb2bfc48f37290eb467,"Score: 95, Severity: critical, Rules: 1",5d8a6b4f0f3a8ea0
2026-01-16T16:20:33.844220Z,Rule Firing,941790711670640df1c1329a86c0dfc5be9aa0,"Score: 95, Severity: critical, Rules: 1",9f6ef19866e9cd6f
2026-01-16T16:20:33.844220Z,Rule Firing,a7cc3ece93a13c3a1759d51e3c1f1546528b7d,"Score: 95, Severity: critical, Rules: 1",40176418127dc83b
2026-01-16T16:20:33.844220Z,Rule Firing,c7087d471d27b1004df7b2e12d3eb62b6973fe,"Score: 95, Severity: critical, Rules: 1",0aabfd6a33454d56
2026-01-16T16:20:33.844220Z,Rule Firing,05a5f71e99e196874485fbe16920d52dc3ec34,"Score: 95, Severity: critical, Rules: 1",8c6f76f9717fc4ba
2026-01-16T16:20:33.844220Z,Rule Firing,9c747d62df2847239c6d2bf1da36a4c25c6214,"Score: 95, Severity: critical, Rules: 1",b10aa4acb7daeb5d
2026-01-16T16:20:33.849350Z,Rule Firing,094bc4d9912cfd53830b0b2725a5ef58ce8430,"Score: 95, Severity: critical, Rules: 1",03c830f8609b8c0d
2026-01-16T16:20:33.849350Z,Rule Firing,3d06c5d5eae13805d7c12640e109bd9a0449e7,"Score: 95, Severity: critical, Rules: 1",d020abe78e3a6582
2026-01-16T16:20:33.849350Z,Rule Firing,bbb8544e804ba27043bcca26ef4cbd9c9493e9,"Score: 95, Severity: critical, Rules: 1",bee06067b96af10b
2026-01-16T16:20:33.868748Z,Rule Firing,bc21e43690bdb602665322e0e51769a134b5e7,"Score: 95, Severity: critical, Rules: 1",5d62f909f839b763
2026-01-16T16:20:33.868748Z,Rule Firing,42d2f70dfb6fe142db06f538076fbf0c82a461,"Score: 95, Severity: critical, Rules: 1",ae374cded63cd776
2026-01-16T16:20:33.868748Z,Rule Firing,463177721978639a6dbba8c1170a6261de701d,"Score: 95, Severity: critical, Rules: 1",1aa8c15daf430ce7
2026-01-16T16:20:33.868748Z,Rule Firing,8ef419d3808687b940d77779508350a9b90552,"Score: 95, Severity: critical, Rules: 1",333689f74b1b97c8
2026-01-16T16:20:33.868748Z,Rule Firing,03e80823c274e7ead2075cf46476420b087100,"Score: 95, Severity: critical, Rules: 1",a9502f6196ccb725
2026-01-16T16:20:33.874349Z,Rule Firing,2247e66e0bb3b6159ccf5c29c65324cbbf3342,"Score: 95, Severity: critical, Rules: 1",2b4ff24bf5f6b902
2026-01-16T16:20:33.874349Z,Rule Firing,8874c11a644d375d5fe4eff12f44cb5d4bcc41,"Score: 95, Severity: critical, Rules: 1",14469838e2284034
2026-01-16T16:20:33.874349Z,Rule Firing,bf7a2290a22ba5be2f8a7370da4632d6722103,"Score: 95, Severity: critical, Rules: 1",2749d25d6b68df2f
2026-01-16T16:20:33.874349Z,Rule Firing,d7b77797c280de888d4e30f032262dfbb99993,"Score: 95, Severity: critical, Rules: 1",c91eccd7d5bbf78d
2026-01-16T16:20:33.874349Z,Rule Firing,dd84304a63b539235891771e085104ff4015b3,"Score: 95, Severity: critical, Rules: 1",c20b12f6ddf363a1
2026-01-16T16:20:33.894573Z,Rule Firing,0e8a4f6e7e9eb58987bc39a3ed71298377ebc7,"Score: 95, Severity: critical, Rules: 1",b2f818ec4c2c3e17
2026-01-16T16:20:33.894573Z,Rule Firing,252db1e732ccd2bc257342b3fccd107c9023af,"Score: 95, Severity: critical, Rules: 1",d9abdf37c131a457
2026-01-16T16:20:33.894573Z,Rule Firing,a8d3af09c3cd3f7d48377689b4af4b7f5b00db,"Score: 95, Severity: critical, Rules: 1",4d71b6087e197748
2026-01-16T16:20:33.899707Z,Rule Firing,c744d4cdf89d2df38bfdfbdab1a9019f7eb3ee,"Score: 95, Severity: critical, Rules: 1",d5c45b885e472625
2026-01-16T16:20:33.899707Z,Rule Firing,cb1be5aa68f081e3ae9bb48137651aca742c7e,"Score: 95, Severity: critical, Rules: 1",0db6ccac111dd27e
2026-01-16T16:20:33.899707Z,Rule Firing,dbc4b0d1e325d00c56d3332ebd305ab4688843,"Score: 95, Severity: critical, Rules: 1",a321deaa651b2778
2026-01-16T16:20:33.899707Z,Rule Firing,e61d82399a8e244534ec0eebb74fc751cc49ff,"Score: 95, Severity: critical, Rules: 1",19343d97fe3940f0
2026-01-16T16:20:33.899707Z,Rule Firing,c5ff3bfe39cf633b5b020adba214b757f975a0,"Score: 95, Severity: critical, Rules: 1",aacd5ab1db104541
2026-01-16T16:20:33.899707Z,Rule Firing,1153f70b236b3950f6b381e946f67350bae103,"Score: 95, Severity: critical, Rules: 1",02dd50cf495ff41d
2026-01-16T16:20:33.899707Z,Rule Firing,598991b72e9757758ef4a1f5cc4c2aec5bcab2,"Score: 95, Severity: critical, Rules: 1",e0fc4dac425d9c98
2026-01-16T16:20:33.929276Z,Rule Firing,7dbf59f96e00e28784eaf834fce2969015937c,"Score: 95, Severity: critical, Rules: 1",ecd5673120c146ae
2026-01-16T16:20:33.929276Z,Rule Firing,975d1263398794a1748fdfda7bad92be4b8b72,"Score: 95, Severity: critical, Rules: 1",5754cc5029e82744
2026-01-16T16:20:33.931431Z,Rule Firing,60b02a54d2ee2d0cc09cf4583a7c3ba708c395,"Score: 95, Severity: critical, Rules: 1",2c3563210c1e7c73
2026-01-16T16:20:33.934486Z,Rule Firing,d996760c1ca027811e93f287032febe0a4fe4c,"Score: 95, Severity: critical, Rules: 1",28023a63a16e4f06
2026-01-16T16:20:33.934486Z,Rule Firing,3c7367bc2822a8dd5482210e9bfa227e18841c,"Score: 95, Severity: critical, Rules: 1",45386acdee0df1e1
2026-01-16T16:20:33.934486Z,Rule Firing,5e0b1d763e01a987ae5b9520fd57cb6835b3f0,"Score: 95, Severity: critical, Rules: 1",129b101fdba5ca9f
2026-01-16T16:20:33.934486Z,Rule Firing,d3ad97d5bcf32b107a2fba35f46f9b60c513a8,"Score: 95, Severity: critical, Rules: 1",207c8181b9be26bc
2026-01-16T16:20:33.934486Z,Rule Firing,e135e6ee02eebb132e8fcabfa2e563d1a0d664,"Score: 95, Severity: critical, Rules: 1",c8a92474ea4c5826
2026-01-16T16:20:33.934486Z,Rule Firing,ae6d240767db82150970126403b8760f5d3e34,"Score: 95, Severity: critical, Rules: 1",a265022f725646bd
2026-01-16T16:20:33.934486Z,Rule Firing,ba8f0bf5ce9764a0c2e2fe056725367db8ede6,"Score: 95, Severity: critical, Rules: 1",5415949c3998f54d
2026-01-16T16:20:33.988594Z,Rule Firing,be56e4060cdc3337ae645ff8d0606557698027,"Score: 95, Severity: critical, Rules: 1",c728ec2cb3f4555e
2026-01-16T16:20:33.988594Z,Rule Firing,cbfd14fe73a92fa3a0e279bb00113c3db1cb24,"Score: 95, Severity: critical, Rules: 1",70a0ec8295a998d1
2026-01-16T16:20:33.988594Z,Rule Firing,133dfdb3c0b8e4122bfe27d84302f63e72222b,"Score: 95, Severity: critical, Rules: 1",23bd6e5c3e8d006e
2026-01-16T16:20:33.994454Z,Rule Firing,3747e8edf7184f8783ca7c69e55f39662351bf,"Score: 95, Severity: critical, Rules: 1",b9cc663188433b6c
2026-01-16T16:20:33.994454Z,Rule Firing,4e29cf4df7f81176c7c0a3320636e960a3c89f,"Score: 95, Severity: critical, Rules: 1",45d859765c2c8d57
2026-01-16T16:20:33.994454Z,Rule Firing,5ceba814c01e2c29cbd452b3f94d4abdf02867,"Score: 95, Severity: critical, Rules: 1",146d99e083553833
2026-01-16T16:20:33.994454Z,Rule Firing,d0c254a74b1a54160db1e96fb1dfd57b637fef,"Score: 95, Severity: critical, Rules: 1",5781784d22d99365
2026-01-16T16:20:34.004222Z,Rule Firing,ed78a86348cc0acbf4d9af9631586ccb20979f,"Score: 95, Severity: critical, Rules: 1",1108344692968735
2026-01-16T16:20:34.004222Z,Rule Firing,f856f847e425aa2fddd58892cc47db1b08ead0,"Score: 95, Severity: critical, Rules: 1",eee3ec7db0a875a9
2026-01-16T16:20:34.006157Z,Rule Firing,f832e111fa470c54caddaf5365c1fd8a024c7d,"Score: 95, Severity: critical, Rules: 1",923a0069abef0c14
2026-01-16T16:20:34.031434Z,Rule Firing,fbb4f2b0e0089867d3a8cc05b628d871467d9b,"Score: 95, Severity: critical, Rules: 1",b599fb509e6267df
2026-01-16T16:20:34.031434Z,Rule Firing,034700f11d737cd722c136d4c2d2b3bd441e75,"Score: 95, Severity: critical, Rules: 1",4e4d935b6b85328e
2026-01-16T16:20:34.031434Z,Rule Firing,30ab72f0d66b0e67ec0d200b11e9cfe3f31e47,"Score: 95, Severity: critical, Rules: 1",a02d1c0b6625553e
2026-01-16T16:20:34.034589Z,Rule Firing,c9c6f857a6a424c9d371743ce11bdf544449fa,"Score: 95, Severity: critical, Rules: 1",6b5cecfe027e55df
2026-01-16T16:20:34.034589Z,Rule Firing,d9d1c5983232c827e1aaf9175892b82ad4ef3e,"Score: 95, Severity: critical, Rules: 1",232da9f08fd6c112
2026-01-16T16:20:34.034589Z,Rule Firing,e777727898de6f65562dc0755784cc157020a7,"Score: 95, Severity: critical, Rules: 1",d3cb5f05ea4fe98b
2026-01-16T16:20:34.034589Z,Rule Firing,f039ffc691f63c8b0261f4263a0fb1695b6b62,"Score: 95, Severity: critical, Rules: 1",a9c03b59b445f34a
2026-01-16T16:20:34.034589Z,Rule Firing,09453ca467c1127ffb4e1cdca4e524a768adca,"Score: 95, Severity: critical, Rules: 1",4d7e05b4d490be11
2026-01-16T16:20:34.037945Z,Rule Firing,37d2d77812d406c54d1c7f573045e1b2a4742f,"Score: 95, Severity: critical, Rules: 1",b316f4f3d6d096cd
2026-01-16T16:20:34.037945Z,Rule Firing,512619a06ec0dfee328a38231201d4a45fcd2d,"Score: 95, Severity: critical, Rules: 1",6eb7eb74827430e2
2026-01-16T16:20:34.058321Z,Rule Firing,99aff9aa2bf1250230668cc2b016757a0bdede,"Score: 95, Severity: critical, Rules: 1",6c0356c3b8dd200f
2026-01-16T16:20:34.058321Z,Rule Firing,0275da699f5a823a6b03fec03c5006382abc5e,"Score: 95, Severity: critical, Rules: 1",ddfb29fc724438c8
2026-01-16T16:20:34.058321Z,Rule Firing,91f1da0fe0f5395b345240e9d93ce722a6a1a3,"Score: 95, Severity: critical, Rules: 1",aba1fa16d1d3bf84
2026-01-16T16:20:34.058321Z,Rule Firing,a012c7cedd1fd975baab55493188489853fff8,"Score: 95, Severity: critical, Rules: 1",03d993ed8acb2a1c
2026-01-16T16:20:34.064450Z,Rule Firing,a6e237628544b2027cc066589bc388c52f9a83,"Score: 95, Severity: critical, Rules: 1",d779054ddf1629b1
2026-01-16T16:20:34.064450Z,Rule Firing,b54942b31604cfb92e8fdaf93f3b097af9e669,"Score: 95, Severity: critical, Rules: 1",3f6f4c22dc732a7d
2026-01-16T16:20:34.064450Z,Rule Firing,1aabaeedd126d4a77831ba4c818d8759d4d229,"Score: 95, Severity: critical, Rules: 1",5c924b9c3a35779c
2026-01-16T16:20:34.064450Z,Rule Firing,614331ebc35b224872a86662ef4bdf0184d32f,"Score: 95, Severity: critical, Rules: 1",1886b38c5ab2ad18
2026-01-16T16:20:34.064450Z,Rule Firing,a62278f79dceaffc4acc22619e2fba941c2b12,"Score: 95, Severity: critical, Rules: 1",e601e9986a597dde
2026-01-16T16:20:34.064450Z,Rule Firing,d6896a15d5a6cf6236e226c5c5463048f0f62d,"Score: 95, Severity: critical, Rules: 1",a1686aa00080bb05
2026-01-16T16:20:34.084555Z,Rule Firing,42d9f21dd04c89e18ee7c5e385293ede3e9c54,"Score: 95, Severity: critical, Rules: 1",b6e27503e7393795
2026-01-16T16:20:34.090875Z,Rule Firing,488fb30d2bc670ef8edba8b034598ac50bf790,"Score: 95, Severity: critical, Rules: 1",c7ee21c58197df96
2026-01-16T16:20:34.090875Z,Rule Firing,9d5cfa496628c857e362fd804deb3430a0fb04,"Score: 95, Severity: critical, Rules: 1",b70e0f47a0dfe4af
2026-01-16T16:20:34.094459Z,Rule Firing,df5fb4f6c7f757310e0b6ca1ef90642b1999c2,"Score: 95, Severity: critical, Rules: 1",39a5259ad702312a
2026-01-16T16:20:34.094459Z,Rule Firing,e5268bb851d95ba1a742c6005c8986a3db9a86,"Score: 95, Severity: critical, Rules: 1",25c100fe11e143e8
2026-01-16T16:20:34.094459Z,Rule Firing,e63a9b3cf36b557feb85db26d680ec149851fb,"Score: 95, Severity: critical, Rules: 1",d3f915f59f25826c
2026-01-16T16:20:34.094459Z,Rule Firing,367674dbaf27295a343a7796498249e1d63268,"Score: 95, Severity: critical, Rules: 1",ce82dadd33224862
2026-01-16T16:20:34.094459Z,Rule Firing,77eeecd2fc128aeaa626a4d87cca1495f3d9e2,"Score: 95, Severity: critical, Rules: 1",599366ba5ae677b7
2026-01-16T16:20:34.094459Z,Rule Firing,8573df8b4ed20d4c3917618db29f0e1da9aca1,"Score: 95, Severity: critical, Rules: 1",f7e057ba4352fe53
2026-01-16T16:20:34.094459Z,Rule Firing,f06627dba3783ac268504a61e963310caf82f0,"Score: 95, Severity: critical, Rules: 1",ce6edfabab8e0beb
2026-01-16T16:20:34.126763Z,Rule Firing,2e7c9635d82cd1589cd9baa328c8a573ff48f4,"Score: 95, Severity: critical, Rules: 1",9684e94f7854e5f0
2026-01-16T16:20:34.129350Z,Rule Firing,ac7770f82fe3e1114a63f4090b7517c81d4987,"Score: 95, Severity: critical, Rules: 1",5a522631ed87381b
2026-01-16T16:20:34.129350Z,Rule Firing,2601e78824f9fca7483df518ec4263b17486fd,"Score: 95, Severity: critical, Rules: 1",0e3e82a5211d6f04
2026-01-16T16:20:34.129350Z,Rule Firing,38d3d47c0c8dfd818a87fe7cb084986fd689c4,"Score: 95, Severity: critical, Rules: 1",eee0c9739394a2fe
2026-01-16T16:20:34.129350Z,Rule Firing,512053cfe66419062b4e62c62e84e02a7a7736,"Score: 95, Severity: critical, Rules: 1",1cde2e2e4df08285
2026-01-16T16:20:34.129350Z,Rule Firing,56953558d1c596f60d3c51bc22667e230c1b38,"Score: 95, Severity: critical, Rules: 1",97044de6bf0be6bc
2026-01-16T16:20:34.134250Z,Rule Firing,7798126da5958a858a6a05e943b49fed26dcf0,"Score: 95, Severity: critical, Rules: 1",459124fa61a4776b
2026-01-16T16:20:34.134250Z,Rule Firing,90c5dcd4fee076620e388bffb2d2b85de0cad3,"Score: 95, Severity: critical, Rules: 1",44eaa8854d874b0a
2026-01-16T16:20:34.134250Z,Rule Firing,e7fb828e10e3dac81b0306e125a4c3ec7308be,"Score: 95, Severity: critical, Rules: 1",c9d61052e015e50d
2026-01-16T16:20:34.134250Z,Rule Firing,227d22fa9c2362146b4a1d5df16da868726efd,"Score: 95, Severity: critical, Rules: 1",7523f74bfa9cc326
2026-01-16T16:20:34.154524Z,Rule Firing,8fe376c3f05e6fed1ae235d1dd2c753c19d761,"Score: 95, Severity: critical, Rules: 1",e17c5fc1c446d172
2026-01-16T16:20:34.154524Z,Rule Firing,b5630bbde17e1d9ee0233d4b10ad88bcfad769,"Score: 95, Severity: critical, Rules: 1",b444db46ddc9caaa
2026-01-16T16:20:34.154524Z,Rule Firing,ca6a18f1f53e6a4c01d83379ea1486a6cac49c,"Score: 95, Severity: critical, Rules: 1",5486ca55571df870
2026-01-16T16:20:34.154524Z,Rule Firing,98cbfc82636e23cb697a81a87e1af384211a9f,"Score: 95, Severity: critical, Rules: 1",e587b017ceea2d0d
2026-01-16T16:20:34.154524Z,Rule Firing,b8b095e8a2fdb4a642d01c5ca93353fb99789d,"Score: 95, Severity: critical, Rules: 1",27908f2734b13408
2026-01-16T16:20:34.154524Z,Rule Firing,d2ea25f182db8cfe24a1d289b6b009b284dedc,"Score: 95, Severity: critical, Rules: 1",ea0649dce055a9f2
2026-01-16T16:20:34.154524Z,Rule Firing,dd9a36abb6285af3c4ef7c3468530edd650e62,"Score: 95, Severity: critical, Rules: 1",5f8856bd1bc305c9
2026-01-16T16:20:34.164531Z,Rule Firing,4759847eb4371addf121c40e1d71fb83873596,"Score: 95, Severity: critical, Rules: 1",f83703df3bbcb962
2026-01-16T16:20:34.164531Z,Rule Firing,62ab581b9047f75f6feb529cdcea7d9b83ee10,"Score: 95, Severity: critical, Rules: 1",6ca25238c19b6d84
2026-01-16T16:20:34.164531Z,Rule Firing,63a79e9e942c72684512ce2fb439acf9147a41,"Score: 95, Severity: critical, Rules: 1",b222a6ceb78d3350
2026-01-16T16:20:34.194684Z,Rule Firing,66f747ef7f00533780cce71b811a6b006667e8,"Score: 95, Severity: critical, Rules: 1",7295599c870d5839
2026-01-16T16:20:34.194684Z,Rule Firing,f064d4f25682750091a38c59e34ea23604c99b,"Score: 95, Severity: critical, Rules: 1",8c62608b3ed3857d
2026-01-16T16:20:34.194684Z,Rule Firing,b0cbcc5a40a19afdd7bfb601aa3734ea0e3ddf,"Score: 95, Severity: critical, Rules: 1",b8ec505b861d6355
2026-01-16T16:20:34.194684Z,Rule Firing,be98439520f3d3dc0935cb3903c4698c92b962,"Score: 95, Severity: critical, Rules: 1",107b0022b3b9a480
2026-01-16T16:20:34.199662Z,Rule Firing,0a1ae59380a449645be4a8495cba21bd83b4c8,"Score: 95, Severity: critical, Rules: 1",b769fec193664594
2026-01-16T16:20:34.199662Z,Rule Firing,97a6ca3b82b3713fa14bcaae49fe83948a802d,"Score: 95, Severity: critical, Rules: 1",f7cdc1aba7c73809
2026-01-16T16:20:34.201677Z,Rule Firing,b51f3709f9fefab522c47ca294a6aef9f20486,"Score: 95, Severity: critical, Rules: 1",879c09316d26b8ae
2026-01-16T16:20:34.201677Z,Rule Firing,e17bb52eaf1dc1fdf424f053b5391d4efdf1c6,"Score: 95, Severity: critical, Rules: 1",a9a3d83f2281b030
2026-01-16T16:20:34.203697Z,Rule Firing,eacd7664e6bdad627d34360c669dab656ef174,"Score: 95, Severity: critical, Rules: 1",18b56b2b2dc678ec
2026-01-16T16:20:34.204213Z,Rule Firing,0dd93cfb2b29dc58943bbdd559eecaeac46962,"Score: 95, Severity: critical, Rules: 1",7f7a889f4d33606d
2026-01-16T16:20:34.224622Z,Rule Firing,1cbd25e11d6e94c61c13e27010dde787a43ecb,"Score: 95, Severity: critical, Rules: 1",559aa0b14e27ebf8
2026-01-16T16:20:34.226687Z,Rule Firing,4407402b620690cd13a8ce3be11be4eb739a52,"Score: 95, Severity: critical, Rules: 1",42709913f0011dd4
2026-01-16T16:20:34.226687Z,Rule Firing,ab77fda4addf3a7382ca36ab3fc41bb3cb17d8,"Score: 95, Severity: critical, Rules: 1",5cdb11e0a8e6e569
2026-01-16T16:20:34.226687Z,Rule Firing,b7310d46adabc49d337750a9f8232e4baf532d,"Score: 95, Severity: critical, Rules: 1",c71d1f34b2cd3bf7
2026-01-16T16:20:34.228700Z,Rule Firing,e6177b078e658153eab3384302b3c68c944aca,"Score: 95, Severity: critical, Rules: 1",6007bb54763abb9a
2026-01-16T16:20:34.229211Z,Rule Firing,27c248582f5c691e350af70c156a4c455b8c9d,"Score: 95, Severity: critical, Rules: 1",22f8cccd4b45dd4b
2026-01-16T16:20:34.229211Z,Rule Firing,a0a80051cbb8fa5d9236ae20fb33068f2c57ab,"Score: 95, Severity: critical, Rules: 1",17e1b0c14ed06cd0
2026-01-16T16:20:34.231252Z,Rule Firing,35ea34dd459e7778e31c252f248a9d723fcf54,"Score: 95, Severity: critical, Rules: 1",f25a72d4ac2d4f45
2026-01-16T16:20:34.231252Z,Rule Firing,9ab8541a9383ce93849f14ede5f1e86b3bffb7,"Score: 95, Severity: critical, Rules: 1",7ab7414fbf34fae2
2026-01-16T16:20:34.231252Z,Rule Firing,af293f7031e7c03a1b185830861fc20d78d9fe,"Score: 95, Severity: critical, Rules: 1",9c0e7376999cde34
2026-01-16T16:20:34.254505Z,Rule Firing,c8362583aaddef56dcd5595043abef0551f028,"Score: 95, Severity: critical, Rules: 1",521e09b3478452e4
2026-01-16T16:20:34.254505Z,Rule Firing,e2978fe348af4ba0e9c469599a6733b333d7e8,"Score: 95, Severity: critical, Rules: 1",39036f3d3629e9cc
2026-01-16T16:20:34.254505Z,Rule Firing,084615a214c15dbfd13a2d4576d6954bd03461,"Score: 95, Severity: critical, Rules: 1",569c881044cab511
2026-01-16T16:20:34.254505Z,Rule Firing,1c4021521129f14aa5f64a79d3f043037aeb19,"Score: 95, Severity: critical, Rules: 1",7e14fff8890b99e6
2026-01-16T16:20:34.254505Z,Rule Firing,37a4995ff73c2a1586127ca917807a852afae8,"Score: 95, Severity: critical, Rules: 1",83fd224cb7af6e92
2026-01-16T16:20:34.254505Z,Rule Firing,c81343ab0165a9620ea1e020465dfa72fb4a43,"Score: 95, Severity: critical, Rules: 1",9c213a644263338e
2026-01-16T16:20:34.254505Z,Rule Firing,fe1cd9d8982f953cef9173cddd3d7bc8cdc084,"Score: 95, Severity: critical, Rules: 1",baf4d1d7a887845e
2026-01-16T16:20:34.254505Z,Rule Firing,430f0b02434d200e666eabe2732ac627f7e541,"Score: 95, Severity: critical, Rules: 1",7396a1cc295aa9f0
2026-01-16T16:20:34.254505Z,Rule Firing,961a612939a45821a4adb2541af1942c44bd2f,"Score: 95, Severity: critical, Rules: 1",a7254480f9838968
2026-01-16T16:20:34.264361Z,Rule Firing,5ea8c60618d5f3e27ec51704d14aebb90a8bb1,"Score: 95, Severity: critical, Rules: 1",566f8a33476b54be
2026-01-16T16:20:34.284637Z,Rule Firing,a9910703a3a8ca1f7a5aa7f7fb6e0de474e426,"Score: 95, Severity: critical, Rules: 1",177421856e430a01
2026-01-16T16:20:34.284637Z,Rule Firing,b3bf667cef11c0d95f048eb5023032946d6b0a,"Score: 95, Severity: critical, Rules: 1",7c42a37024693356
2026-01-16T16:20:34.284637Z,Rule Firing,c26f78388029f6cec3b945847027a4d419d587,"Score: 95, Severity: critical, Rules: 1",31addc1d05cd8faa
2026-01-16T16:20:34.294224Z,Rule Firing,cfcbf2118c771f35e3a5c03dbbd3b25e276e3e,"Score: 95, Severity: critical, Rules: 1",edffe2bd62014a3c
2026-01-16T16:20:34.294224Z,Rule Firing,e452ae1801ae456a4ab33928751f867409db09,"Score: 95, Severity: critical, Rules: 1",196cd1093e39e3bd
2026-01-16T16:20:34.295980Z,Rule Firing,f809ceb2a1514f96ae4b1e1156779df829e771,"Score: 95, Severity: critical, Rules: 1",c762bba626a6b741
2026-01-16T16:20:34.298482Z,Rule Firing,fee9f4baeb4832b562b15b58ce643cc14621ac,"Score: 95, Severity: critical, Rules: 1",53889d0e15f1a8a7
2026-01-16T16:20:34.300494Z,Rule Firing,3fd392f5e310a6acdac0d49d352d65a1b6e865,"Score: 95, Severity: critical, Rules: 1",70ad8f034d77704d
2026-01-16T16:20:34.300494Z,Rule Firing,b6342e74c6577b3412a9dfe1ecbf7933efd31d,"Score: 95, Severity: critical, Rules: 1",7d8644ea3b7fd75a
2026-01-16T16:20:34.302513Z,Rule Firing,3736a2a663159f9eb9904736476fdaa6ce6d86,"Score: 95, Severity: critical, Rules: 1",a9cb61eede2acc8a
2026-01-16T16:20:34.329503Z,Rule Firing,cb79e06e8a5fe6a856b625a6ce802ca19df4c8,"Score: 95, Severity: critical, Rules: 1",ac0c2abf3e0b9b16
2026-01-16T16:20:34.329503Z,Rule Firing,dd409596ba00bf5cdcc9d29bf785dc34a7879c,"Score: 95, Severity: critical, Rules: 1",472ac89b67134572
2026-01-16T16:20:34.329503Z,Rule Firing,1f4185e62edabbac462b148f036f23c6daba94,"Score: 95, Severity: critical, Rules: 1",fc2a1d37ee4c1368
2026-01-16T16:20:34.329503Z,Rule Firing,48dcfb0085f602fe70cc6d8e76e200e8d20e39,"Score: 95, Severity: critical, Rules: 1",0031c6ae8b52c6f2
2026-01-16T16:20:34.334487Z,Rule Firing,6fbf4f583ac6aa32f0892aca37fed78af48cba,"Score: 95, Severity: critical, Rules: 1",e1e3566c42b51d61
2026-01-16T16:20:34.334487Z,Rule Firing,eeec301144c571bfece05dc56733a5119ef8cd,"Score: 95, Severity: critical, Rules: 1",e46d7de4c86467c8
2026-01-16T16:20:34.334487Z,Rule Firing,fb9e7c2f9ce240d3caecfde54792202ee22a4b,"Score: 95, Severity: critical, Rules: 1",8f4fddd31e99ceff
2026-01-16T16:20:34.334487Z,Rule Firing,7495b858c6aaabec92efd401ff9c943d591db4,"Score: 95, Severity: critical, Rules: 1",dd84ee7d6163dac1
2026-01-16T16:20:34.334487Z,Rule Firing,400ef472fbcb4e8ac3c8ee7d236c34e734ecc0,"Score: 95, Severity: critical, Rules: 1",6f08ee7138608637
2026-01-16T16:20:34.334487Z,Rule Firing,63699d0cba21132418f1e15366a1d71cac4000,"Score: 95, Severity: critical, Rules: 1",1c7e36e301f08378
2026-01-16T16:20:34.359352Z,Rule Firing,0f6a7d4b21c53718d7f7477c361ba704644b2e,"Score: 95, Severity: critical, Rules: 1",dea75eb4f5ba63c8
2026-01-16T16:20:34.359352Z,Rule Firing,313aba6ae392a3993a336cb5e846e2b71d8b35,"Score: 95, Severity: critical, Rules: 1",b3a390aa5e10a072
2026-01-16T16:20:34.361770Z,Rule Firing,732f411e21fcc252b4792e8c429e08336f0202,"Score: 95, Severity: critical, Rules: 1",91448b52bb3433ed
2026-01-16T16:20:34.361770Z,Rule Firing,7e8b7b6b35be50df062d5b3b9ae8d4128dfb47,"Score: 95, Severity: critical, Rules: 1",8626c457fe577195
2026-01-16T16:20:34.364376Z,Rule Firing,c3747001d97b8366993d319d44a45b53d6bd85,"Score: 95, Severity: critical, Rules: 1",07f96f7eb331e3d3
2026-01-16T16:20:34.364376Z,Rule Firing,36978b5bc535260df0d6ef785529e91603f015,"Score: 95, Severity: critical, Rules: 1",575cf7a41a343503
2026-01-16T16:20:34.364376Z,Rule Firing,4558e9d8a0cc23e619a2363986756ac5c39d56,"Score: 95, Severity: critical, Rules: 1",d78c8722b6bf3614
2026-01-16T16:20:34.364376Z,Rule Firing,591726b2b7493a0df6d6574e2d1105cbf66892,"Score: 95, Severity: critical, Rules: 1",2b6ff68cd07d0b00
2026-01-16T16:20:34.364376Z,Rule Firing,6a7952e9b63192cd29e5756027a4dfe450e1c9,"Score: 95, Severity: critical, Rules: 1",363e34d89e74b98b
2026-01-16T16:20:34.364376Z,Rule Firing,b305167edccbaf35765fe019f24011c69d0ceb,"Score: 95, Severity: critical, Rules: 1",25a1b3292c0a7961
2026-01-16T16:20:34.427407Z,Rule Firing,f066b8124cac2c1777ea0b83a255d07b800e47,"Score: 95, Severity: critical, Rules: 1",363cb7364250f080
2026-01-16T16:20:34.429422Z,Rule Firing,98052639afdd56b1122c3be57afc9d71b0289d,"Score: 95, Severity: critical, Rules: 1",dfc2ac02954ab617
2026-01-16T16:20:34.432048Z,Rule Firing,54148555e813847eb6139b4f3aabdbdf1dbf2b,"Score: 95, Severity: critical, Rules: 1",1c891ba7f90f3fa3
2026-01-16T16:20:34.433894Z,Rule Firing,0f4ce8a273ef2e77a4d606222106ebd1059246,"Score: 95, Severity: critical, Rules: 1",52e1d98382c63f80
2026-01-16T16:20:34.434402Z,Rule Firing,4908f25b793916fb4618e9be63d596bd51866b,"Score: 95, Severity: critical, Rules: 1",889867b53d157beb
2026-01-16T16:20:34.434402Z,Rule Firing,ecf4fbeacdc4a774c4904fb4161865feb2b8ab,"Score: 95, Severity: critical, Rules: 1",6084ca0093900f87
2026-01-16T16:20:34.438195Z,Rule Firing,023b98a2d474a2a7ba35d37ad913751e13c785,"Score: 95, Severity: critical, Rules: 1",594f8ff12a8ec43b
2026-01-16T16:20:34.438195Z,Rule Firing,54959fb6d1c248ee9bccefa69419af2e531610,"Score: 95, Severity: critical, Rules: 1",45b4f5292122bd1a
2026-01-16T16:20:34.440205Z,Rule Firing,58252df393887ba36969933b5d0fe747b99203,"Score: 95, Severity: critical, Rules: 1",f55ba5c419abb320
2026-01-16T16:20:34.440205Z,Rule Firing,a7f5ba07e23dfd2abf013b98a6d4ef9ace035d,"Score: 95, Severity: critical, Rules: 1",bb0d62623b1eb773
2026-01-16T16:20:34.478260Z,Rule Firing,b2d751b52897fe12138bbbb27bef6022829714,"Score: 95, Severity: critical, Rules: 1",b1f5a2c3842bfd61
2026-01-16T16:20:34.478260Z,Rule Firing,c8f58198f3b98a7e8180f55465f0eaf85bf222,"Score: 95, Severity: critical, Rules: 1",dec20f91fc4a6a00
2026-01-16T16:20:34.478260Z,Rule Firing,db43587d38b1581166001548a20cba5cf163c3,"Score: 95, Severity: critical, Rules: 1",57d4de092b8603dd
2026-01-16T16:20:34.478260Z,Rule Firing,2c99df76316117cc7a3e15a6eaf7b6efdb746b,"Score: 95, Severity: critical, Rules: 1",206d2a8fcf14b102
2026-01-16T16:20:34.484514Z,Rule Firing,50952d4f884732430ca4f84dfdb365e8320193,"Score: 95, Severity: critical, Rules: 1",93f408496d2e57c4
2026-01-16T16:20:34.484514Z,Rule Firing,7df4f6f0934f078af128545efd08a511c4cd4b,"Score: 95, Severity: critical, Rules: 1",fe831b833ff9c856
2026-01-16T16:20:34.484514Z,Rule Firing,7e0544dbe8c5dafb040687af6ed6e826ccc794,"Score: 95, Severity: critical, Rules: 1",af29d92869491716
2026-01-16T16:20:34.486276Z,Rule Firing,f7a0dffbb625b47099030d08b3645ea553276d,"Score: 95, Severity: critical, Rules: 1",22e061d2269d896c
2026-01-16T16:20:34.486276Z,Rule Firing,5788abb510d11bdbb7a038e1417c9102d6fdb6,"Score: 95, Severity: critical, Rules: 1",06324e594164ec92
2026-01-16T16:20:34.486276Z,Rule Firing,915de02bb0e8487c4e327f6131230b24f38616,"Score: 95, Severity: critical, Rules: 1",8f27fd62aa28ebc1
2026-01-16T16:20:34.510356Z,Rule Firing,0b1d32057be574a18ea9bc1aa0b8e22970edfa,"Score: 95, Severity: critical, Rules: 1",c099402e1febaa16
2026-01-16T16:20:34.510356Z,Rule Firing,1f5a2bf525f044d2869bcdaab428daf8a0469a,"Score: 95, Severity: critical, Rules: 1",679bb61af71b13e9
2026-01-16T16:20:34.514195Z,Rule Firing,520d20599915b9128e2e658da8a9bdc0de3306,"Score: 95, Severity: critical, Rules: 1",1ce4ecaaf395a995
2026-01-16T16:20:34.514195Z,Rule Firing,3e4550e80f0b538485c5fdf0baaf9ae40b8802,"Score: 95, Severity: critical, Rules: 1",6aac965ffaaf51b4
2026-01-16T16:20:34.517012Z,Rule Firing,45c65c1992968d937dd5a3c371b8f9729177f7,"Score: 95, Severity: critical, Rules: 1",4b7d49e052be64c8
2026-01-16T16:20:34.517012Z,Rule Firing,a92f0ac6f3e35f174d37cd2453b35b539683f1,"Score: 95, Severity: critical, Rules: 1",8ab522df6731e235
2026-01-16T16:20:34.518030Z,Rule Firing,d14ed0735daab3a437792d953010955f06ed17,"Score: 95, Severity: critical, Rules: 1",06377f73ac70c7bf
2026-01-16T16:20:34.518030Z,Rule Firing,5e1b99a66d827b4290bf635fb7f97e78dc2e6c,"Score: 95, Severity: critical, Rules: 1",ed371449606258b5
2026-01-16T16:20:34.521398Z,Rule Firing,6ad750ecef2111af8a935ecfc409a35a17996e,"Score: 95, Severity: critical, Rules: 1",291fa99c7bbc0ba3
2026-01-16T16:20:34.521398Z,Rule Firing,8a4db6d4ef08191aa59d338f5f03e7731ac79c,"Score: 95, Severity: critical, Rules: 1",1ddfab1eced98467
2026-01-16T16:20:34.546431Z,Rule Firing,982a3cbbbd1bbb2946bf2d77badb84f69bd0c5,"Score: 95, Severity: critical, Rules: 1",5d2b7224925bd07d
2026-01-16T16:20:34.546431Z,Rule Firing,990a7ea45dbb64f81f7bface6d0f765d96c086,"Score: 95, Severity: critical, Rules: 1",a1e71cc860324c71
2026-01-16T16:20:34.546431Z,Rule Firing,9f1d9adde44098f506b8b819bcf25a956bfed8,"Score: 95, Severity: critical, Rules: 1",dd85b9f9f6482fa7
2026-01-16T16:20:34.549363Z,Rule Firing,a8b08ab695b8579048daa3f393c2d8885bcb69,"Score: 95, Severity: critical, Rules: 1",ea8ce0ec610b0870
2026-01-16T16:20:34.549363Z,Rule Firing,e8eefbed8d8895f75ea64c4555f2b867ac0a35,"Score: 95, Severity: critical, Rules: 1",3afdc6885f3741c0
2026-01-16T16:20:34.549363Z,Rule Firing,f81fee09e1baccdd5c2025e0092f0cda109e8d,"Score: 95, Severity: critical, Rules: 1",74be53d134d7b1fc
2026-01-16T16:20:34.554245Z,Rule Firing,33b3821811408ba4a65ffd4dda4eef2674b597,"Score: 95, Severity: critical, Rules: 1",43e2f9e2482c89eb
2026-01-16T16:20:34.554245Z,Rule Firing,84d44194b1782a9c02709a6c280af3d3ee63b3,"Score: 95, Severity: critical, Rules: 1",c98bcf8d01aaa729
2026-01-16T16:20:34.554245Z,Rule Firing,e1cb7a4e66bd9f61334b4b8f43a44899f85b98,"Score: 95, Severity: critical, Rules: 1",6b1f290745eaef3b
2026-01-16T16:20:34.554245Z,Rule Firing,ef60cee289a91a1f7ebf5c4946622646a6bbcd,"Score: 95, Severity: critical, Rules: 1",bf3b04d4fbb24e6d
2026-01-16T16:20:34.582376Z,Rule Firing,1e377c5869f709af9d840eacafd754508cd0b1,"Score: 95, Severity: critical, Rules: 1",a3991e2738cde9f4
2026-01-16T16:20:34.582376Z,Rule Firing,36c9101f823f7bda234e46be447c0822ca9d92,"Score: 95, Severity: critical, Rules: 1",73d450828c90d38a
2026-01-16T16:20:34.584384Z,Rule Firing,416e24311141f5215010ebe92b2b6c894c99f8,"Score: 95, Severity: critical, Rules: 1",bf851003b16bded5
2026-01-16T16:20:34.584384Z,Rule Firing,54a937f1533b7a9aa19c51b9ed4e5ddf8abe6d,"Score: 95, Severity: critical, Rules: 1",518bcbfff238552a
2026-01-16T16:20:34.584384Z,Rule Firing,73c811ae18b6367a3893705b98d6d0710ede29,"Score: 95, Severity: critical, Rules: 1",7fdc9a150c9d1c6d
2026-01-16T16:20:34.586415Z,Rule Firing,7cf252eca2f22a10870183df6f072dde2000bb,"Score: 95, Severity: critical, Rules: 1",c7927c9fbf26c90b
2026-01-16T16:20:34.586415Z,Rule Firing,a3a82b07629f8849d61c459ba0dad08bed5268,"Score: 95, Severity: critical, Rules: 1",62884f3fd5dfd856
2026-01-16T16:20:34.588423Z,Rule Firing,b5663ea8b3e78bf96e12061aacfe06e455abb0,"Score: 95, Severity: critical, Rules: 1",6bb71159048a3b6c
2026-01-16T16:20:34.588423Z,Rule Firing,eaf2b94aa9f390c2375501f9847fef527c8472,"Score: 95, Severity: critical, Rules: 1",5d1cae66a1046940
2026-01-16T16:20:34.588423Z,Rule Firing,296e59101fd53df8f11a94eab3c3ebbee62650,"Score: 95, Severity: critical, Rules: 1",418a27857990f799
2026-01-16T16:20:34.611906Z,Rule Firing,2a6febf4334756605cb38d778703dca601ccaa,"Score: 95, Severity: critical, Rules: 1",034a3dca3428cf71
2026-01-16T16:20:34.611906Z,Rule Firing,6e15e237106e8e3f2066690c3e6df3011b120b,"Score: 95, Severity: critical, Rules: 1",85a487b2db064a26
2026-01-16T16:20:34.614536Z,Rule Firing,b3394f8c388feefc38a45d0b01c9195b8aa4db,"Score: 95, Severity: critical, Rules: 1",93da8638abe8a60e
2026-01-16T16:20:34.614536Z,Rule Firing,97a1b5954d54ab6982c9e2b05e331a4ddd96c2,"Score: 95, Severity: critical, Rules: 1",a280367f41da3b0e
2026-01-16T16:20:34.614536Z,Rule Firing,ccab75f70537962da242111430eebeb984aa29,"Score: 95, Severity: critical, Rules: 1",9f8c8fbed5a11b36
2026-01-16T16:20:34.614536Z,Rule Firing,fd6f1ecf932aea1efe6a5807173cda86fe2757,"Score: 95, Severity: critical, Rules: 1",842a45bafb03c515
2026-01-16T16:20:34.614536Z,Rule Firing,555dec335c6864b78a5ca25f43637c0d55ebb4,"Score: 95, Severity: critical, Rules: 1",72437b70dd8c73d9
2026-01-16T16:20:34.614536Z,Rule Firing,63f72be30272a4d494c71a23d877fe3cc00a64,"Score: 95, Severity: critical, Rules: 1",56c761754670ff28
2026-01-16T16:20:34.614536Z,Rule Firing,69bb3ba33123f9b887e7fbc97c405f4406c5f3,"Score: 95, Severity: critical, Rules: 1",082e1cfbb7521d1b
2026-01-16T16:20:34.614536Z,Rule Firing,ba058081de731dd655cde00b4296be97a22339,"Score: 95, Severity: critical, Rules: 1",8d0d0099fbca7199
2026-01-16T16:20:34.644505Z,Rule Firing,d8e464847a2861475518d05cb33f2e2f974b7f,"Score: 95, Severity: critical, Rules: 1",6fdc42f0e90bab70
2026-01-16T16:20:34.644505Z,Rule Firing,400f8082ae2ad1934c66e31e4691a01e22ba99,"Score: 95, Severity: critical, Rules: 1",5a899403c5943b4f
2026-01-16T16:20:34.644505Z,Rule Firing,a384604dc9d7ccdfa5a7d598f814506a9c8256,"Score: 95, Severity: critical, Rules: 1",71266e0634ba1348
2026-01-16T16:20:34.644505Z,Rule Firing,6294f5168911d2042996654edce0b101076acb,"Score: 95, Severity: critical, Rules: 1",4bb976724a12d135
2026-01-16T16:20:34.644505Z,Rule Firing,6556bdce436b77f6eedde76dec78fefc83ecbe,"Score: 95, Severity: critical, Rules: 1",1315522515d42a5d
2026-01-16T16:20:34.644505Z,Rule Firing,7d55191c7a68d3ccc8359a861963a7d2d3b21b,"Score: 95, Severity: critical, Rules: 1",a4c3251845936f8d
2026-01-16T16:20:34.644505Z,Rule Firing,8b7d3dd47237dfb14bef9629fa8ee543930f5a,"Score: 95, Severity: critical, Rules: 1",29231104199cd3ac
2026-01-16T16:20:34.644505Z,Rule Firing,bfd4ee1dd28cdaa6efbab6b756c3debe0ffe8d,"Score: 95, Severity: critical, Rules: 1",1f080bbfc76edce1
2026-01-16T16:20:34.654230Z,Rule Firing,519302120d1cb74a6a9c68b13af1ee1188e12a,"Score: 95, Severity: critical, Rules: 1",030f085e402578ba
2026-01-16T16:20:34.654230Z,Rule Firing,9928966b67c41e847beb276a492042631f222c,"Score: 95, Severity: critical, Rules: 1",30d967961e0f0b5b
2026-01-16T16:20:34.675537Z,Rule Firing,a8ae5d255aafddc255451b49040cba13523a6c,"Score: 95, Severity: critical, Rules: 1",0c4737ca0a88d376
2026-01-16T16:20:34.675537Z,Rule Firing,ac2ad1b4a075289185fa1b6cfc5b42a47aa266,"Score: 95, Severity: critical, Rules: 1",e83f2db2ccf8ebd5
2026-01-16T16:20:34.675537Z,Rule Firing,f445b799271d9615d80649ea4480d9f582353a,"Score: 95, Severity: critical, Rules: 1",ae3f50333272ebe6
2026-01-16T16:20:34.675537Z,Rule Firing,647f5ca5f25276bf72e9a30955fc5ab9838bd3,"Score: 95, Severity: critical, Rules: 1",55943b95bdad1c76
2026-01-16T16:20:34.675537Z,Rule Firing,96617131055e80557f56f8f3f8a244c9efd4f8,"Score: 95, Severity: critical, Rules: 1",5b05d6c49d08870d
2026-01-16T16:20:34.675537Z,Rule Firing,d293e2f0fe3997e8c6a1c7819402357a3eacba,"Score: 95, Severity: critical, Rules: 1",b9ce7f06e6c63921
2026-01-16T16:20:34.675537Z,Rule Firing,05891f104bb51f1127b35ad63389e08514e98f,"Score: 95, Severity: critical, Rules: 1",f26327ffe9eef669
2026-01-16T16:20:34.675537Z,Rule Firing,3c59d9386b2725a6a10796868d866cc5b86c79,"Score: 95, Severity: critical, Rules: 1",78d0b5c9df11942b
2026-01-16T16:20:34.684290Z,Rule Firing,6e675749b45740d67638b15b09ba3eb12fa6c1,"Score: 95, Severity: critical, Rules: 1",5e591266cd57c624
2026-01-16T16:20:34.684290Z,Rule Firing,e6a9ea21ef5f4225bea0538a225ec6e342d924,"Score: 95, Severity: critical, Rules: 1",6ea42ae7daf3ca01
2026-01-16T16:20:34.709172Z,Rule Firing,f101411216e73e91606a1e539002ba8db27ac9,"Score: 95, Severity: critical, Rules: 1",4630fc05a6e606b9
2026-01-16T16:20:34.712526Z,Rule Firing,0d494209de3136c73ddf68d6ad7c03a7a562ac,"Score: 95, Severity: critical, Rules: 1",2b5238c73c147ee3
2026-01-16T16:20:34.714553Z,Rule Firing,493f4f32b167172014cfca2aaca5f257b2113e,"Score: 95, Severity: critical, Rules: 1",564b5b9266edf2f5
2026-01-16T16:20:34.714553Z,Rule Firing,8f7f1c86967a691ded4ca053daec8760137d59,"Score: 95, Severity: critical, Rules: 1",838ffd7ce240e76d
2026-01-16T16:20:34.714553Z,Rule Firing,b15dd1ce05921258711eae7a08cb11458e3bda,"Score: 95, Severity: critical, Rules: 1",9cd3e594bfcfcfe8
2026-01-16T16:20:34.719181Z,Rule Firing,da88b3327686285320b2ade533814e2e0db07e,"Score: 95, Severity: critical, Rules: 1",7f0c68d1ba6afa16
2026-01-16T16:20:34.724182Z,Rule Firing,661cba74992cd3a60bc66e6f245de70eb9a446,"Score: 95, Severity: critical, Rules: 1",e1f98a5add70243e
2026-01-16T16:20:34.724182Z,Rule Firing,69c650ed14f8fd5ebe8937574611558cf045de,"Score: 95, Severity: critical, Rules: 1",8b3370c0305461ea
2026-01-16T16:20:34.724182Z,Rule Firing,a464d3d0df9d3083c7448a829b54b5c527efc0,"Score: 95, Severity: critical, Rules: 1",9368c6f61b8ba141
2026-01-16T16:20:34.724182Z,Rule Firing,a8c30719f88d46ab75d460e23baccbac63e34b,"Score: 95, Severity: critical, Rules: 1",ada6512e6ebaad61
2026-01-16T16:20:34.764312Z,Rule Firing,a8c66e14273ca975ff7e14a923c6098777dd34,"Score: 95, Severity: critical, Rules: 1",01f022c165e00811
2026-01-16T16:20:34.764312Z,Rule Firing,aaca7d2d42f0b970c28375918335d405a64b60,"Score: 95, Severity: critical, Rules: 1",ef44c43b9103fb46
2026-01-16T16:20:34.764312Z,Rule Firing,060fef953cbda429627b6dad166d7ea13cd41f,"Score: 95, Severity: critical, Rules: 1",e1ddb5f4a3662365
2026-01-16T16:20:34.770199Z,Rule Firing,5a0f0678a1d5ac9377bc38cb94d6e477b9ac8b,"Score: 95, Severity: critical, Rules: 1",b0cfa5abebf1a3a7
2026-01-16T16:20:34.770199Z,Rule Firing,85a3c358b366eec2fc1c7348b08483133025e6,"Score: 95, Severity: critical, Rules: 1",9b69c520db417b6d
2026-01-16T16:20:34.770199Z,Rule Firing,d3465b5ae288e66a94df0719a09b01863c050d,"Score: 95, Severity: critical, Rules: 1",0e89943a440e37b2
2026-01-16T16:20:34.770199Z,Rule Firing,e315f2fd4183c536c2202d0cb362e5d848d9ed,"Score: 95, Severity: critical, Rules: 1",92732e4b46cdd785
2026-01-16T16:20:34.774420Z,Rule Firing,11c922325816c0c6f845b37545f4b3c1f0243c,"Score: 95, Severity: critical, Rules: 1",0b39696099364a25
2026-01-16T16:20:34.774420Z,Rule Firing,3dcae2599cf1dbec7e02acc3ce086ce8d5ff10,"Score: 95, Severity: critical, Rules: 1",3cb982dce8b00b00
2026-01-16T16:20:34.774420Z,Rule Firing,2d918c6549979cd234a4cca70ed79c55ff7ada,"Score: 95, Severity: critical, Rules: 1",48f5f7d5e873d059
2026-01-16T16:20:34.814314Z,Rule Firing,b915006c4effcf875e88e0f65a50fc3d1894b3,"Score: 95, Severity: critical, Rules: 1",1f419dd5d84002f3
2026-01-16T16:20:34.814314Z,Rule Firing,e4a21c2182e841acabb3992e34d76724cf1b69,"Score: 95, Severity: critical, Rules: 1",d0de97163a107bf7
2026-01-16T16:20:34.818205Z,Rule Firing,3c7fcb63a5bcf9af0f5849f0faf6aae6b13415,"Score: 95, Severity: critical, Rules: 1",25f70867f64a578d
2026-01-16T16:20:34.818205Z,Rule Firing,509ba2309d99a62310d486aaa712f98563adf4,"Score: 95, Severity: critical, Rules: 1",35187c29955a7717
2026-01-16T16:20:34.818205Z,Rule Firing,9fb652fdd7ab19bdd16af1561c7476137c5dd9,"Score: 95, Severity: critical, Rules: 1",476ea8053fd1e508
2026-01-16T16:20:34.818205Z,Rule Firing,f1d3efeb00c30a662146f8230492de4bcfbbfa,"Score: 95, Severity: critical, Rules: 1",ded4aafc7ca8e6d1
2026-01-16T16:20:34.818205Z,Rule Firing,f4feba38b4ba0a3cbe0b6c08ea79d22bd947da,"Score: 95, Severity: critical, Rules: 1",eead3b4ae5513045
2026-01-16T16:20:34.824253Z,Rule Firing,2f96f8b50c444d941db58a03457511ebfe42ff,"Score: 95, Severity: critical, Rules: 1",6895396a79883374
2026-01-16T16:20:34.824253Z,Rule Firing,505c9504bf5b432cf91689a64a02f7fb1a70a0,"Score: 95, Severity: critical, Rules: 1",2f7827861bd87872
2026-01-16T16:20:34.824253Z,Rule Firing,84af4d6a101570d91730af52d010520a471630,"Score: 95, Severity: critical, Rules: 1",7fc79f6b50568d6b
2026-01-16T16:20:34.854643Z,Rule Firing,99ab392f70b3fe3ce9581faed49db2f12576df,"Score: 95, Severity: critical, Rules: 1",d41a1a7a27b86667
2026-01-16T16:20:34.854643Z,Rule Firing,bf889079c6708548130403ed0fc04d7b003d3f,"Score: 95, Severity: critical, Rules: 1",484e2d690bb31d80
2026-01-16T16:20:34.854643Z,Rule Firing,3cb837cbfc0288f16816b415ff4ed2db47b3cc,"Score: 95, Severity: critical, Rules: 1",14f6c19f7cb00279
2026-01-16T16:20:34.854643Z,Rule Firing,aa4550bed3c713c34648bd05fcbab3b6a3cf2d,"Score: 95, Severity: critical, Rules: 1",6bb37599c11e7aa5
2026-01-16T16:20:34.854643Z,Rule Firing,4a0494fb26625592103cdb7125e9e74276b04b,"Score: 95, Severity: critical, Rules: 1",5eb4bb8bd14befa8
2026-01-16T16:20:34.854643Z,Rule Firing,81626f0c266c9541e29f403d39208338631e59,"Score: 95, Severity: critical, Rules: 1",2ae54b3fc6f830e7
2026-01-16T16:20:34.854643Z,Rule Firing,a8db7486cbf77c1ad683e61521ce3c664b1317,"Score: 95, Severity: critical, Rules: 1",2fc0121b090d2fc5
2026-01-16T16:20:34.854643Z,Rule Firing,c92e517e864f2bba2db33abec0d6c9bec45a75,"Score: 95, Severity: critical, Rules: 1",0c7012ae0e5af8fe
2026-01-16T16:20:34.854643Z,Rule Firing,065f68977da39cd88f5c6818bc55e2f18189e2,"Score: 95, Severity: critical, Rules: 1",06c8f5db65ec0fae
2026-01-16T16:20:34.854643Z,Rule Firing,5084511dc5072ccd9296fb9b2b51aad7bb105d,"Score: 95, Severity: critical, Rules: 1",30b66228339b3610
2026-01-16T16:20:34.884207Z,Rule Firing,60fe14449774e87d030261c31ecae14f990c49,"Score: 95, Severity: critical, Rules: 1",54e5cd7147f8c523
2026-01-16T16:20:34.884207Z,Rule Firing,8830ed16a7db2235e6efc47fa63d1bed3934a4,"Score: 95, Severity: critical, Rules: 1",33d3437665037f21
2026-01-16T16:20:34.884207Z,Rule Firing,a61e499e9500ec6951c264c6745c39d5be6468,"Score: 95, Severity: critical, Rules: 1",39df1328a9dafa39
2026-01-16T16:20:34.884207Z,Rule Firing,c9633f2c6fb2ba701934c9e14ce658a71d0135,"Score: 95, Severity: critical, Rules: 1",b22f7cfea55f50e5
2026-01-16T16:20:34.884207Z,Rule Firing,ef630d01b9da9dfd194580a705295a28f91068,"Score: 95, Severity: critical, Rules: 1",f406a806cf78c83d
2026-01-16T16:20:34.884207Z,Rule Firing,224f3fca3da8a22fb1294bd0ac85f947d1e7ed,"Score: 95, Severity: critical, Rules: 1",2d97eebe0c2c3cc0
2026-01-16T16:20:34.884207Z,Rule Firing,87e216d2a7e5595d79531d5e0a691d06117d5a,"Score: 95, Severity: critical, Rules: 1",93c1c38ec48af156
2026-01-16T16:20:34.884207Z,Rule Firing,a3564b851505870db68fec260ef5812e4a0841,"Score: 95, Severity: critical, Rules: 1",04598887ea3ede35
2026-01-16T16:20:34.894236Z,Rule Firing,edbd0ad79ec824a99027327769c825b67f0d70,"Score: 95, Severity: critical, Rules: 1",73cb6a0e42ba168e
2026-01-16T16:20:34.894236Z,Rule Firing,f0417f8e4eb17ec533df760e9806574855a439,"Score: 95, Severity: critical, Rules: 1",85923756f5fd2b02
2026-01-16T16:20:34.914440Z,Rule Firing,085ed19a02712f38b3524eb0640750a4c8e083,"Score: 95, Severity: critical, Rules: 1",0f2ffd3f0cf41ff6
2026-01-16T16:20:34.914440Z,Rule Firing,4df291f50771b6e78005393cc6a45ddf38c160,"Score: 95, Severity: critical, Rules: 1",b21ca1deb778812c
2026-01-16T16:20:34.914440Z,Rule Firing,7f34615ba6dcd948f34fe28e5707ac998afe62,"Score: 95, Severity: critical, Rules: 1",b9e37638ef46cb52
2026-01-16T16:20:34.914440Z,Rule Firing,4a25b531780b0fc5b3b8be61845215ea6208a8,"Score: 95, Severity: critical, Rules: 1",c413f0e803ccbaaa
2026-01-16T16:20:34.914440Z,Rule Firing,58e2fe1607b3f4e430dd1929f55cbbbc15d4e1,"Score: 95, Severity: critical, Rules: 1",c4f71203d0516dbb
2026-01-16T16:20:34.922584Z,Rule Firing,819d5fe48bc54f88afc1deb627d7ac6a5e4d67,"Score: 95, Severity: critical, Rules: 1",681789458833a85c
2026-01-16T16:20:34.922584Z,Rule Firing,bf6bc965688a836ea0dcfa2a76f4ddf6b7a7c9,"Score: 95, Severity: critical, Rules: 1",fd6fdc1e6165b801
2026-01-16T16:20:34.924594Z,Rule Firing,55c8a898ac70f8021368509dc3df1aa52062d6,"Score: 95, Severity: critical, Rules: 1",96fb58bd124f7ccd
2026-01-16T16:20:34.924594Z,Rule Firing,e484c55818fee0c1ce735aa7a1af31215164fc,"Score: 95, Severity: critical, Rules: 1",c1876ac0f8412f61
2026-01-16T16:20:34.924594Z,Rule Firing,fbe159fc9afe4a2469d3f7662f1a26921852e3,"Score: 95, Severity: critical, Rules: 1",179b1ea98f90b5cc
2026-01-16T16:20:34.945880Z,Rule Firing,fdaa134d8f79d317d974ec652eb3134539ee5d,"Score: 95, Severity: critical, Rules: 1",7075996128cf32e2
2026-01-16T16:20:34.945880Z,Rule Firing,6122f20036ae0af900092c3bc99372e93705e7,"Score: 95, Severity: critical, Rules: 1",8c7903672ac76768
2026-01-16T16:20:34.954573Z,Rule Firing,85179a7eb427a32290c01e94ee57956240f93f,"Score: 95, Severity: critical, Rules: 1",686ce10f40e84e59
2026-01-16T16:20:34.954573Z,Rule Firing,a1d1dac44f2ebf2c9df8fe0f41d92c28060790,"Score: 95, Severity: critical, Rules: 1",d886fe1e0aff4850
2026-01-16T16:20:34.954573Z,Rule Firing,0ecabf0932770434555c6b53209e69570b2ee4,"Score: 95, Severity: critical, Rules: 1",39e0256cbe42d89f
2026-01-16T16:20:34.954573Z,Rule Firing,4026f6014ae811ca4f47a0c49d4769da534a9e,"Score: 95, Severity: critical, Rules: 1",b383646a9414493d
2026-01-16T16:20:34.954573Z,Rule Firing,422f0fe6ace7c939ff4d4fcfa29d981ec741f4,"Score: 95, Severity: critical, Rules: 1",f1e2bbb17a130182
2026-01-16T16:20:34.959778Z,Rule Firing,4433190cb93ef341b3c21cef764a4e695aeb61,"Score: 95, Severity: critical, Rules: 1",43c401697cd1cf03
2026-01-16T16:20:34.959778Z,Rule Firing,bf3e339caab21a87ab173b63dc70529cccbad6,"Score: 95, Severity: critical, Rules: 1",a75414657c21b698
2026-01-16T16:20:34.959778Z,Rule Firing,c0a38fe79fea3f478b6249222f202089ffe3c6,"Score: 95, Severity: critical, Rules: 1",54accab37f4267e1
2026-01-16T16:20:34.979584Z,Rule Firing,ce179c4da29007aa169ccffcf4bf29e5fec09f,"Score: 95, Severity: critical, Rules: 1",aa121ed5014ffe97
2026-01-16T16:20:34.979584Z,Rule Firing,18469835cc4fb9c325de6db7f7ec5d7d45b682,"Score: 95, Severity: critical, Rules: 1",6769137c2e7914bd
2026-01-16T16:20:34.984490Z,Rule Firing,62e57a355a8c249296dc02b9576f5df249dcbd,"Score: 95, Severity: critical, Rules: 1",5f08cfdab3043066
2026-01-16T16:20:34.984490Z,Rule Firing,9de29bb2d1d6434b8b29ae775ad8c2e48c5391,"Score: 95, Severity: critical, Rules: 1",b1783c1de6f665cb
2026-01-16T16:20:34.984490Z,Rule Firing,bbb76480549e02e5217cb30113446309553436,"Score: 95, Severity: critical, Rules: 1",c63b99caa50ae339
2026-01-16T16:20:34.984490Z,Rule Firing,1000e8ecda3385b40969ed7e796af7302663f6,"Score: 95, Severity: critical, Rules: 1",1f7a7fd07687c394
2026-01-16T16:20:34.984490Z,Rule Firing,554c88114fda7700b915b22772abd479823857,"Score: 95, Severity: critical, Rules: 1",4bc6ffcf65adf2ed
2026-01-16T16:20:34.984490Z,Rule Firing,69afedaac01e71d50d028a21e19bf2873e54de,"Score: 95, Severity: critical, Rules: 1",0144cd26e5b41713
2026-01-16T16:20:34.984490Z,Rule Firing,90369c81adc29a2fd54ba53ef2b4a612ba1cb1,"Score: 95, Severity: critical, Rules: 1",74b4f1edc7538eef
2026-01-16T16:20:34.984490Z,Rule Firing,f841e8c2e2ab343d1573175e191a1c30acf086,"Score: 95, Severity: critical, Rules: 1",d595fff9b475e8d4
2026-01-16T16:20:35.014603Z,Rule Firing,417075b4b6ba5131ea8001d8fb789ae6d34bfd,"Score: 95, Severity: critical, Rules: 1",2464808c325bf306
2026-01-16T16:20:35.024400Z,Rule Firing,8088999fa175139857b15017d4e5ffa91805cd,"Score: 95, Severity: critical, Rules: 1",a0225ae74502b888
2026-01-16T16:20:35.025425Z,Rule Firing,88f4420a4b6d91a9fad67ad9407041afdc3eba,"Score: 95, Severity: critical, Rules: 1",84fb429e3d147e09
2026-01-16T16:20:35.025425Z,Rule Firing,995293be5e7298543e09bb87c96c9f5458429c,"Score: 95, Severity: critical, Rules: 1",23feb3f0289b96dd
2026-01-16T16:20:35.027887Z,Rule Firing,fd12680c2df4d5efb6dbbfb3dd60e67956e250,"Score: 95, Severity: critical, Rules: 1",c7a413a31b3e267e
2026-01-16T16:20:35.027887Z,Rule Firing,35bcb186d1ac98696cb57f4d5e524441e80cb6,"Score: 95, Severity: critical, Rules: 1",616093edc305cc4b
2026-01-16T16:20:35.029903Z,Rule Firing,0bc4bb56703be97d2efede85bb821f577175ab,"Score: 95, Severity: critical, Rules: 1",25d6addb55da0664
2026-01-16T16:20:35.029903Z,Rule Firing,5f84f99c353ab1999f8ffca883eb669f1ef832,"Score: 95, Severity: critical, Rules: 1",607559ce8c614492
2026-01-16T16:20:35.029903Z,Rule Firing,971a1074d9a71b8a7d7d3a4c62eb3f72819257,"Score: 95, Severity: critical, Rules: 1",1bdf060ac5f8b5bd
2026-01-16T16:20:35.029903Z,Rule Firing,9bf70211ce5de3498fb2bfab4e8d94d8e56f61,"Score: 95, Severity: critical, Rules: 1",e0c72bdda22ec78b
2026-01-16T16:20:35.056902Z,Rule Firing,2f375b65bfe256995689beeb0920037f98b3a8,"Score: 95, Severity: critical, Rules: 1",4ad1b5c0224be0d7
2026-01-16T16:20:35.056902Z,Rule Firing,7612e190651d8df81a659570fd7ee1577a1db6,"Score: 95, Severity: critical, Rules: 1",c7aca263e5bf98b7
2026-01-16T16:20:35.056902Z,Rule Firing,abcf605efc2c893f54f109ccac55de34995a62,"Score: 95, Severity: critical, Rules: 1",9c0d8ba39cbefa2a
2026-01-16T16:20:35.056902Z,Rule Firing,11f7bbd5881ba86645aec2b695a1da22f0e249,"Score: 95, Severity: critical, Rules: 1",fa02684b66505321
2026-01-16T16:20:35.056902Z,Rule Firing,1e033cf7d0a6e0d9ff13ae414c38849dc55db4,"Score: 95, Severity: critical, Rules: 1",451cce571315404b
2026-01-16T16:20:35.056902Z,Rule Firing,4beee7471e7e96a18f3ab85c760be4828f78b5,"Score: 95, Severity: critical, Rules: 1",48fc6593f89fb17d
2026-01-16T16:20:35.056902Z,Rule Firing,db1524519a955e2f893ed6695b0c593785b966,"Score: 95, Severity: critical, Rules: 1",c853acb027f8d47a
2026-01-16T16:20:35.064440Z,Rule Firing,dc0b2ae5d38a85eb8c480096e0e25f8c8cc87a,"Score: 95, Severity: critical, Rules: 1",4dee1a4e943f04c5
2026-01-16T16:20:35.064440Z,Rule Firing,3b4ac5c6a324b6bcbe276e8af061fe7cb9339c,"Score: 95, Severity: critical, Rules: 1",b8629fdd54572a19
2026-01-16T16:20:35.064440Z,Rule Firing,916a3d2569bf6105e6497ee646952eb7b8651b,"Score: 95, Severity: critical, Rules: 1",4472fd6fc833a69b
2026-01-16T16:20:35.090173Z,Rule Firing,baa0e3efc7c455145e461a337ebb70fc6d5acd,"Score: 95, Severity: critical, Rules: 1",9c79d3b7f45d0903
2026-01-16T16:20:35.092190Z,Rule Firing,455e817517b962a66707ad56fccd139f349a92,"Score: 95, Severity: critical, Rules: 1",1c6d2f9dd4a1b403
2026-01-16T16:20:35.092190Z,Rule Firing,58570aafcc7ed12f9b09de9cbb9ad16f9edfdc,"Score: 95, Severity: critical, Rules: 1",1798219adc160ace
2026-01-16T16:20:35.092190Z,Rule Firing,5b0587722692d04afd89084d8d34e4fd412854,"Score: 95, Severity: critical, Rules: 1",05a9cc8d7e70d13f
2026-01-16T16:20:35.094207Z,Rule Firing,74c3071fcd477cc147dd302d831caa4045be2e,"Score: 95, Severity: critical, Rules: 1",2105671f254a4887
2026-01-16T16:20:35.094207Z,Rule Firing,9f4c9456ae82fcfec8c3fb80af580a697b4c23,"Score: 95, Severity: critical, Rules: 1",7353bdd317d60d40
2026-01-16T16:20:35.096251Z,Rule Firing,b13d6f2a9e2ae530f20551b37f3fe890ed8823,"Score: 95, Severity: critical, Rules: 1",8f1d5db7f1c8cbd8
2026-01-16T16:20:35.096251Z,Rule Firing,f556fa7e33a1f1d131065920485a27236511f2,"Score: 95, Severity: critical, Rules: 1",7806f0113d13e6b6
2026-01-16T16:20:35.098261Z,Rule Firing,1fc16e8d0c24ffcf57516d552c5425fb70f2e0,"Score: 95, Severity: critical, Rules: 1",ed8a7b792ab184f3
2026-01-16T16:20:35.098261Z,Rule Firing,3c4676445d3cfab82c3eb742aab521d7462dc5,"Score: 95, Severity: critical, Rules: 1",afc16ace51fe10db
2026-01-16T16:20:35.124235Z,Rule Firing,69cbe4b85da98147a8f2b5d76337e6f576e896,"Score: 95, Severity: critical, Rules: 1",6cfc74fc62d14c1a
2026-01-16T16:20:35.124235Z,Rule Firing,8004e2375d22be20bf392382533d3c71cb782d,"Score: 95, Severity: critical, Rules: 1",18e30277eda30b5c
2026-01-16T16:20:35.124235Z,Rule Firing,8618a158b2d990ea0e3969e5bb84e345b104cf,"Score: 95, Severity: critical, Rules: 1",129b85f5502420e4
2026-01-16T16:20:35.126285Z,Rule Firing,dabfa73c4b586f0027931631c03d9ae6a6b021,"Score: 95, Severity: critical, Rules: 1",1e7775f69d12946b
2026-01-16T16:20:35.126285Z,Rule Firing,db22a5c52bf634e09170091b1d1b0f78ae8582,"Score: 95, Severity: critical, Rules: 1",7d0cbeaab8860b2a
2026-01-16T16:20:35.126285Z,Rule Firing,6143a8247d72295ecb300f90eaeec69eda7dd0,"Score: 95, Severity: critical, Rules: 1",0cd9c85c99af485f
2026-01-16T16:20:35.126285Z,Rule Firing,6b826717b85357f67c5915c9b23a2bb27b4514,"Score: 95, Severity: critical, Rules: 1",09f4e584073b5d90
2026-01-16T16:20:35.126285Z,Rule Firing,dc48f5e4c2373996666ebd9845a28065512894,"Score: 95, Severity: critical, Rules: 1",8f3adeb70373f501
2026-01-16T16:20:35.130180Z,Rule Firing,012d4f68d19bc74dde74decc239faf0e0cee1f,"Score: 95, Severity: critical, Rules: 1",965e9febf54e8911
2026-01-16T16:20:35.130180Z,Rule Firing,03e1ea3e9fd5f36de6ff6efe115d890b8ab570,"Score: 95, Severity: critical, Rules: 1",e7696415d1022920
2026-01-16T16:20:35.154269Z,Rule Firing,25736c0ed81f5990e53723e1c93f9786f186d9,"Score: 95, Severity: critical, Rules: 1",e4a37cb94f1b45d1
2026-01-16T16:20:35.154269Z,Rule Firing,a64080323aa5dd6aa1ecc2acab0d5b577a5e32,"Score: 95, Severity: critical, Rules: 1",63363ce3df0f0f9c
2026-01-16T16:20:35.154269Z,Rule Firing,ac0091a501bea8693be8339410278254b245d3,"Score: 95, Severity: critical, Rules: 1",c2f584a91544fd01
2026-01-16T16:20:35.154269Z,Rule Firing,c0828050a341e5a87a20cc54aa0ed87997d085,"Score: 95, Severity: critical, Rules: 1",3914eff4a35f5d81
2026-01-16T16:20:35.154269Z,Rule Firing,69f176b2ec63ea34ab8a00de601fccdbe5fc2a,"Score: 95, Severity: critical, Rules: 1",76e3a3ad2021d4f7
2026-01-16T16:20:35.154269Z,Rule Firing,73bd3ebcc5ba6fa8ffe8a1b1b362142e291803,"Score: 95, Severity: critical, Rules: 1",26bb36435b41e081
2026-01-16T16:20:35.154269Z,Rule Firing,8a1708a1300a6fbd4e194dae00fb59dfc8dcf9,"Score: 95, Severity: critical, Rules: 1",eadc1fa57adde76a
2026-01-16T16:20:35.154269Z,Rule Firing,948dc4e9e0db676cf7d27cd3eb7bf0f1520aa1,"Score: 95, Severity: critical, Rules: 1",f7f6d01713e16b03
2026-01-16T16:20:35.154269Z,Rule Firing,e36e807a7dee0d95c6faa4161b2b6844d2e99b,"Score: 95, Severity: critical, Rules: 1",1c695dddb3b13cbb
2026-01-16T16:20:35.154269Z,Rule Firing,f7101c0ec33a9e65dade3c748e257f263784d6,"Score: 95, Severity: critical, Rules: 1",68911084a4a7374f
2026-01-16T16:20:35.183474Z,Rule Firing,10ab46573c935901939d7318eb4fbcef9b7c53,"Score: 95, Severity: critical, Rules: 1",267ba7215d206091
2026-01-16T16:20:35.184483Z,Rule Firing,2bacc417c73ddfc5638d4c7a2c3a0cc64e46c9,"Score: 95, Severity: critical, Rules: 1",5653eb68150e04d0
2026-01-16T16:20:35.184483Z,Rule Firing,41814371df8feef5511296f0a9f5d66393737c,"Score: 95, Severity: critical, Rules: 1",f23c06c7dae2e374
2026-01-16T16:20:35.184483Z,Rule Firing,5cdb3d42efc5a34e56ba2ac94e597e81e09f82,"Score: 95, Severity: critical, Rules: 1",0f09b1a55790177d
2026-01-16T16:20:35.184483Z,Rule Firing,8dde898a19c29af4aad975151590e890eb7dee,"Score: 95, Severity: critical, Rules: 1",b479fb1e9de1c783
2026-01-16T16:20:35.184483Z,Rule Firing,c533c7684f37ee26e24031e35f3300df7fad4c,"Score: 95, Severity: critical, Rules: 1",8893ed2802f131f8
2026-01-16T16:20:35.184483Z,Rule Firing,cf602374eb756edb0f9f8eff0220587e7083f4,"Score: 95, Severity: critical, Rules: 1",e3d5c7004d3b07cb
2026-01-16T16:20:35.184483Z,Rule Firing,e448e338f6f5b38adae62d57b7557c53468fc7,"Score: 95, Severity: critical, Rules: 1",b51e854557cc59d2
2026-01-16T16:20:35.184483Z,Rule Firing,f72d13d195f9c012a7ec226e0cd414b722ed20,"Score: 95, Severity: critical, Rules: 1",3c8281a7847b8148
2026-01-16T16:20:35.184483Z,Rule Firing,22b1317d707aedc7150cc0d49cca4e4870b059,"Score: 95, Severity: critical, Rules: 1",152ecf515ecbaeb2
2026-01-16T16:20:35.209643Z,Rule Firing,238cc964d9a8256c05fd209634ab033430db90,"Score: 95, Severity: critical, Rules: 1",b3ff42148b0ffa46
2026-01-16T16:20:35.209643Z,Rule Firing,4ed0b847cd2eb4f0ef86d5767e9738417770c8,"Score: 95, Severity: critical, Rules: 1",ce3e11c04c9435b5
2026-01-16T16:20:35.209643Z,Rule Firing,7ccc7d39c383f11e31346a9c3d8cae85df21ef,"Score: 95, Severity: critical, Rules: 1",f63f01c064ab46fa
2026-01-16T16:20:35.214183Z,Rule Firing,e58772bb62c6d2f4ab64a82324559b6da8284b,"Score: 95, Severity: critical, Rules: 1",1854c16d34be0c87
2026-01-16T16:20:35.215224Z,Rule Firing,07c923ebe52569bcc7d2aeab86c58a05787c16,"Score: 95, Severity: critical, Rules: 1",a7a449ab57cb51dc
2026-01-16T16:20:35.215224Z,Rule Firing,650e5a2fd1b5b723c5a54a40d484a83435ed92,"Score: 95, Severity: critical, Rules: 1",5f260279d3b115ab
2026-01-16T16:20:35.215224Z,Rule Firing,ab0ce18a1eb7d9d88e4d695e493365f6b2c997,"Score: 95, Severity: critical, Rules: 1",39c3043a120833af
2026-01-16T16:20:35.215224Z,Rule Firing,ccfe509bc75e8b9dcf55e0a680aa3885dddf32,"Score: 95, Severity: critical, Rules: 1",ca878bd7f07f0f7f
2026-01-16T16:20:35.215224Z,Rule Firing,f3c9a87f828e36ac7805f419a44bc307d9d25e,"Score: 95, Severity: critical, Rules: 1",c5c9291b5301f952
2026-01-16T16:20:35.215224Z,Rule Firing,46cd1bbe1af41bf155271cea91e0aa3919f27c,"Score: 95, Severity: critical, Rules: 1",153411ea8ee235ed
2026-01-16T16:20:35.239432Z,Rule Firing,74cacbf877cca2755a26309f8546a9623d0038,"Score: 95, Severity: critical, Rules: 1",101075b4dad3481c
2026-01-16T16:20:35.239432Z,Rule Firing,96834ee5b288c6793cf81f144f839d9cb6af26,"Score: 95, Severity: critical, Rules: 1",0cae6b3e86b66390
2026-01-16T16:20:35.239432Z,Rule Firing,dda8790f0c8fdee1ebdd84fa05796ed35d56ee,"Score: 95, Severity: critical, Rules: 1",5609c700ca2201ec
2026-01-16T16:20:35.244373Z,Rule Firing,8e51ceb91954e92ad2515018ee706a92095397,"Score: 95, Severity: critical, Rules: 1",d66164e5a38b9029
2026-01-16T16:20:35.244373Z,Rule Firing,b89d6a3d8b4fa63c313153c29079d3b20868ed,"Score: 95, Severity: critical, Rules: 1",4770ecbf4f996d95
2026-01-16T16:20:35.244373Z,Rule Firing,c9d3f2e76c9a68948f9a690e7fb273734fc5ec,"Score: 95, Severity: critical, Rules: 1",7e936b9f7e4eed94
2026-01-16T16:20:35.244373Z,Rule Firing,386278f255bd5e36c9cda2352e90ace51b9d2b,"Score: 95, Severity: critical, Rules: 1",1a11e0f592b93380
2026-01-16T16:20:35.244373Z,Rule Firing,3ec09265d466f71e68696df720108e08be523a,"Score: 95, Severity: critical, Rules: 1",f8125c0b90d1b8b1
2026-01-16T16:20:35.247418Z,Rule Firing,65275a7ca4b8f5163657d011b33f8da9ae63b5,"Score: 95, Severity: critical, Rules: 1",07d2e072aac5bfd7
2026-01-16T16:20:35.247418Z,Rule Firing,9ec00510e8bd1cb5fac15a63088e1e4b9b3269,"Score: 95, Severity: critical, Rules: 1",c1f64f84940e5993
2026-01-16T16:20:35.269638Z,Rule Firing,e1379f32aa588c3d58eef83d701da50bbfa7a8,"Score: 95, Severity: critical, Rules: 1",2c9c1fa47e2d3479
2026-01-16T16:20:35.269638Z,Rule Firing,efd32d6e915e9f4bde75d385433ff8890a263f,"Score: 95, Severity: critical, Rules: 1",77f470d6b533ea0b
2026-01-16T16:20:35.269638Z,Rule Firing,086be48f234f5125598fd6986b19aedb055cd5,"Score: 95, Severity: critical, Rules: 1",fc6257c4b6cc8d4c
2026-01-16T16:20:35.269638Z,Rule Firing,fdba18c101b57bff42e615daa68817b10d851c,"Score: 95, Severity: critical, Rules: 1",cbfd1f14e53c242d
2026-01-16T16:20:35.274188Z,Rule Firing,4307e944cbbaaf4b4101cfebe0733e10e68674,"Score: 95, Severity: critical, Rules: 1",f73d6a40cfe79df2
2026-01-16T16:20:35.274188Z,Rule Firing,b9bf1da9b257e14c9e2646e4d300aa6b7f0ff4,"Score: 95, Severity: critical, Rules: 1",6cdd85f704b44a4c
2026-01-16T16:20:35.274188Z,Rule Firing,cc5ae2624b0b9968e8073db6e8a47565891f9f,"Score: 95, Severity: critical, Rules: 1",aac68e61c6b97bd4
2026-01-16T16:20:35.274188Z,Rule Firing,91c89d8bfb2cdd91b16735d0d31fa000df989b,"Score: 95, Severity: critical, Rules: 1",46ffd0e2cd2da51c
2026-01-16T16:20:35.274188Z,Rule Firing,a6f677100723c0d42a8023afd565fb29c37eb1,"Score: 95, Severity: critical, Rules: 1",f8d153655149ae8e
2026-01-16T16:20:35.274188Z,Rule Firing,4419f19934d21bfbf66f2c1b33c4405c1550d3,"Score: 95, Severity: critical, Rules: 1",ce045a02b0fe030a
2026-01-16T16:20:35.299534Z,Rule Firing,45455c976f0f729adac68335276f49d13874b3,"Score: 95, Severity: critical, Rules: 1",e23b6cc16c7b8911
2026-01-16T16:20:35.299534Z,Rule Firing,8917e96313a4ba6cb3022390f82ad3febb0b8f,"Score: 95, Severity: critical, Rules: 1",60dabaa48e1a6833
2026-01-16T16:20:35.299534Z,Rule Firing,e25b78178fdf6cc643439b3cc02c636268b142,"Score: 95, Severity: critical, Rules: 1",5b7f33f367a3cbca
2026-01-16T16:20:35.299534Z,Rule Firing,02459e1f81b39b310d90ee87cdc7dbbe5267a5,"Score: 95, Severity: critical, Rules: 1",a7a57646d23221c3
2026-01-16T16:20:35.299534Z,Rule Firing,2bdbc3474ac85e358fcaa25a216efb1bdd2f52,"Score: 95, Severity: critical, Rules: 1",9c1ae57b68d33fa7
2026-01-16T16:20:35.299534Z,Rule Firing,8677d29f5c9d787e647f76e8624819a2042a2a,"Score: 95, Severity: critical, Rules: 1",1bf54821a476d9a9
2026-01-16T16:20:35.304572Z,Rule Firing,ai-in,"Score: 95, Severity: critical, Rules: 1",b64473eaa9f00365
2026-01-16T16:20:35.304572Z,Rule Firing,main,"Score: 95, Severity: critical, Rules: 1",09f7248917ef5e8e
2026-01-16T16:20:35.304572Z,Rule Firing,evidence_unification,"Score: 95, Severity: critical, Rules: 1",2fec11d75e8f08e9
2026-01-16T16:20:35.304572Z,Rule Firing,HEAD,"Score: 95, Severity: critical, Rules: 1",bad7ecc95ab47772
2026-01-16T16:20:35.326274Z,Rule Firing,main,"Score: 95, Severity: critical, Rules: 1",689b6211cb4bef43
2026-01-16T16:20:35.326274Z,Rule Firing,config,"Score: 95, Severity: critical, Rules: 1",d12415095045402f
2026-01-16T16:20:35.326274Z,Rule Firing,description,"Score: 95, Severity: critical, Rules: 1",4d899fcae94a5d9d
2026-01-16T16:20:35.326274Z,Rule Firing,FETCH_HEAD,"Score: 95, Severity: critical, Rules: 1",423a15999554c52b
2026-01-16T16:20:35.330352Z,Rule Firing,HEAD,"Score: 95, Severity: critical, Rules: 1",99f64fd433796a10
2026-01-16T16:20:35.330352Z,Rule Firing,index,"Score: 95, Severity: critical, Rules: 1",d9bacfc183ab3558
2026-01-16T16:20:35.405486Z,Rule Firing,nodeids,"Score: 95, Severity: critical, Rules: 1",57d290643fe877b7
2026-01-16T16:20:35.405486Z,Rule Firing,.gitignore,"Score: 95, Severity: critical, Rules: 1",39da9fc1dadfb595
2026-01-16T16:20:35.405486Z,Rule Firing,CACHEDIR.TAG,"Score: 95, Severity: critical, Rules: 1",1210cd19b78b9f83
2026-01-16T16:20:35.405486Z,Rule Firing,README.md,"Score: 95, Severity: critical, Rules: 1",337a448303246bab
2026-01-16T16:20:35.424188Z,Rule Firing,1006451.jpg,"Score: 95, Severity: critical, Rules: 1",1443055dc4856ef6
2026-01-16T16:20:35.424188Z,Rule Firing,1028ceb.jpg,"Score: 95, Severity: critical, Rules: 1",8e229f45195ca2fa
2026-01-16T16:20:35.429309Z,Rule Firing,104587e.jpg,"Score: 95, Severity: critical, Rules: 1",5d59af29e9371441
2026-01-16T16:20:35.429309Z,Rule Firing,104f093.jpg,"Score: 95, Severity: critical, Rules: 1",3714bc6e42c7defc
2026-01-16T16:20:35.430319Z,Rule Firing,105afb9.jpg,"Score: 95, Severity: critical, Rules: 1",7994ce46a4d66430
2026-01-16T16:20:35.430319Z,Rule Firing,105f5a6.jpg,"Score: 95, Severity: critical, Rules: 1",2201e49a2336a2f7
2026-01-16T16:20:35.430319Z,Rule Firing,1065545.jpg,"Score: 95, Severity: critical, Rules: 1",d6dc78888020e773
2026-01-16T16:20:35.430319Z,Rule Firing,10690ee.jpg,"Score: 95, Severity: critical, Rules: 1",b48d3278c4cc7a1c
2026-01-16T16:20:35.430319Z,Rule Firing,106ea1e.jpg,"Score: 95, Severity: critical, Rules: 1",a88364db2b359bf9
2026-01-16T16:20:35.430319Z,Rule Firing,10a7271.jpg,"Score: 95, Severity: critical, Rules: 1",826615527707f763
2026-01-16T16:20:35.456138Z,Rule Firing,10aa825.jpg,"Score: 95, Severity: critical, Rules: 1",2308f65906c115a1
2026-01-16T16:20:35.456138Z,Rule Firing,10c4bec.jpg,"Score: 95, Severity: critical, Rules: 1",3240b09ba541fee5
2026-01-16T16:20:35.456138Z,Rule Firing,10c7af0.jpg,"Score: 95, Severity: critical, Rules: 1",779ab88a27109e2d
2026-01-16T16:20:35.456138Z,Rule Firing,10e1597.jpg,"Score: 95, Severity: critical, Rules: 1",b900e96d3b18147f
2026-01-16T16:20:35.456138Z,Rule Firing,10f4653.jpg,"Score: 95, Severity: critical, Rules: 1",6417481008ec8c7a
2026-01-16T16:20:35.456138Z,Rule Firing,10fcfad.jpg,"Score: 95, Severity: critical, Rules: 1",5973c187bdc93a51
2026-01-16T16:20:35.456138Z,Rule Firing,10fcfb9.jpg,"Score: 95, Severity: critical, Rules: 1",338e2194daa0188a
2026-01-16T16:20:35.464345Z,Rule Firing,1100016.jpg,"Score: 95, Severity: critical, Rules: 1",37f060af489e211c
2026-01-16T16:20:35.464345Z,Rule Firing,110033f.jpg,"Score: 95, Severity: critical, Rules: 1",bcf7321254f54aa6
2026-01-16T16:20:35.464345Z,Rule Firing,1101a6d.jpg,"Score: 95, Severity: critical, Rules: 1",e067cd8865c98941
2026-01-16T16:20:35.485295Z,Rule Firing,1102e9b.jpg,"Score: 95, Severity: critical, Rules: 1",8e385cca16643197
2026-01-16T16:20:35.485295Z,Rule Firing,1102ed3.jpg,"Score: 95, Severity: critical, Rules: 1",1ebf7964a88e45d4
2026-01-16T16:20:35.485295Z,Rule Firing,11036ad.jpg,"Score: 95, Severity: critical, Rules: 1",4341d4d9a9bd8962
2026-01-16T16:20:35.485295Z,Rule Firing,1104219.jpg,"Score: 95, Severity: critical, Rules: 1",c700c068bd2128b1
2026-01-16T16:20:35.485295Z,Rule Firing,11059eb.jpg,"Score: 95, Severity: critical, Rules: 1",6dd3669343a2db44
2026-01-16T16:20:35.485295Z,Rule Firing,1105d27.jpg,"Score: 95, Severity: critical, Rules: 1",90cc60732912915e
2026-01-16T16:20:35.485295Z,Rule Firing,11061ad.jpg,"Score: 95, Severity: critical, Rules: 1",f3254dbafce0d995
2026-01-16T16:20:35.485295Z,Rule Firing,110673b.jpg,"Score: 95, Severity: critical, Rules: 1",3613330965f1c88e
2026-01-16T16:20:35.485295Z,Rule Firing,11069df.jpg,"Score: 95, Severity: critical, Rules: 1",b9f9e6ba839a9451
2026-01-16T16:20:35.485295Z,Rule Firing,1106c39.jpg,"Score: 95, Severity: critical, Rules: 1",04488f4630b92856
2026-01-16T16:20:35.509648Z,Rule Firing,1106c65.jpg,"Score: 95, Severity: critical, Rules: 1",0ba1eb311505d668
2026-01-16T16:20:35.514232Z,Rule Firing,11072bd.jpg,"Score: 95, Severity: critical, Rules: 1",e19faffb76a56670
2026-01-16T16:20:35.514232Z,Rule Firing,110751f.jpg,"Score: 95, Severity: critical, Rules: 1",d51aa0bf14adb5f4
2026-01-16T16:20:35.514232Z,Rule Firing,110783d.jpg,"Score: 95, Severity: critical, Rules: 1",3fbbaa9f2ec109cd
2026-01-16T16:20:35.514232Z,Rule Firing,11080b7.jpg,"Score: 95, Severity: critical, Rules: 1",6e9b08d6be790d92
2026-01-16T16:20:35.514232Z,Rule Firing,11080d1.jpg,"Score: 95, Severity: critical, Rules: 1",45e7bc5cdd9580cc
2026-01-16T16:20:35.517057Z,Rule Firing,11085e9.jpg,"Score: 95, Severity: critical, Rules: 1",5d66a94077953c0d
2026-01-16T16:20:35.517057Z,Rule Firing,11085f7.jpg,"Score: 95, Severity: critical, Rules: 1",f7b80bd6db610df8
2026-01-16T16:20:35.517057Z,Rule Firing,11088df.jpg,"Score: 95, Severity: critical, Rules: 1",21d27e341481096c
2026-01-16T16:20:35.517057Z,Rule Firing,1109093.jpg,"Score: 95, Severity: critical, Rules: 1",3874f519714f83a9
2026-01-16T16:20:35.539681Z,Rule Firing,110979b.jpg,"Score: 95, Severity: critical, Rules: 1",1363536afccc6190
2026-01-16T16:20:35.539681Z,Rule Firing,110a067.jpg,"Score: 95, Severity: critical, Rules: 1",90d346a943958187
2026-01-16T16:20:35.539681Z,Rule Firing,110b12b.jpg,"Score: 95, Severity: critical, Rules: 1",eb0bc691423c461d
2026-01-16T16:20:35.539681Z,Rule Firing,110b7df.jpg,"Score: 95, Severity: critical, Rules: 1",87c9ace117a22701
2026-01-16T16:20:35.539681Z,Rule Firing,110ba51.jpg,"Score: 95, Severity: critical, Rules: 1",809ca77c1c447e72
2026-01-16T16:20:35.544361Z,Rule Firing,110bb95.jpg,"Score: 95, Severity: critical, Rules: 1",2128bf1f791ef226
2026-01-16T16:20:35.544361Z,Rule Firing,110c137.jpg,"Score: 95, Severity: critical, Rules: 1",189df715335b2509
2026-01-16T16:20:35.544361Z,Rule Firing,110cc89.jpg,"Score: 95, Severity: critical, Rules: 1",e3f2392d2a2b2c9d
2026-01-16T16:20:35.544361Z,Rule Firing,110cee5.jpg,"Score: 95, Severity: critical, Rules: 1",fa9e6cf2c4517fd5
2026-01-16T16:20:35.544361Z,Rule Firing,110dacd.jpg,"Score: 95, Severity: critical, Rules: 1",151dee4c0b8ba03d
2026-01-16T16:20:35.569491Z,Rule Firing,110dadf.jpg,"Score: 95, Severity: critical, Rules: 1",934e031619c67a37
2026-01-16T16:20:35.569491Z,Rule Firing,110de89.jpg,"Score: 95, Severity: critical, Rules: 1",64b695f87eb0125b
2026-01-16T16:20:35.569491Z,Rule Firing,110f2bf.jpg,"Score: 95, Severity: critical, Rules: 1",a7da3570ff81dc4a
2026-01-16T16:20:35.569491Z,Rule Firing,110fc31.jpg,"Score: 95, Severity: critical, Rules: 1",37f2afbca619cac0
2026-01-16T16:20:35.569491Z,Rule Firing,1110169.jpg,"Score: 95, Severity: critical, Rules: 1",4ad2493fa770a996
2026-01-16T16:20:35.569491Z,Rule Firing,1110cf7.jpg,"Score: 95, Severity: critical, Rules: 1",a77c774788ac94da
2026-01-16T16:20:35.569491Z,Rule Firing,1112a5d.jpg,"Score: 95, Severity: critical, Rules: 1",0602db3c25b91a12
2026-01-16T16:20:35.574450Z,Rule Firing,111348f.jpg,"Score: 95, Severity: critical, Rules: 1",1602b9800fb9346d
2026-01-16T16:20:35.574450Z,Rule Firing,1113dd5.jpg,"Score: 95, Severity: critical, Rules: 1",52dc5ac63510ebb6
2026-01-16T16:20:35.574450Z,Rule Firing,1114b79.jpg,"Score: 95, Severity: critical, Rules: 1",0e0bf47bd2b567eb
2026-01-16T16:20:35.597158Z,Rule Firing,1115351.jpg,"Score: 95, Severity: critical, Rules: 1",a3b660659201e8a6
2026-01-16T16:20:35.597158Z,Rule Firing,1115fd7.jpg,"Score: 95, Severity: critical, Rules: 1",398c60d78e3b5fc1
2026-01-16T16:20:35.597158Z,Rule Firing,11173ff.jpg,"Score: 95, Severity: critical, Rules: 1",9480a4cdbc634ea4
2026-01-16T16:20:35.597158Z,Rule Firing,1117d75.jpg,"Score: 95, Severity: critical, Rules: 1",95fc8a7fd114054a
2026-01-16T16:20:35.597158Z,Rule Firing,1117d9b.jpg,"Score: 95, Severity: critical, Rules: 1",eb98b5f0de0c3dd4
2026-01-16T16:20:35.597158Z,Rule Firing,11189c7.jpg,"Score: 95, Severity: critical, Rules: 1",834bfdd63280d620
2026-01-16T16:20:35.597158Z,Rule Firing,1119471.jpg,"Score: 95, Severity: critical, Rules: 1",658083ac67395a1e
2026-01-16T16:20:35.597158Z,Rule Firing,111a553.jpg,"Score: 95, Severity: critical, Rules: 1",97b7062830555339
2026-01-16T16:20:35.604513Z,Rule Firing,111ae9f.jpg,"Score: 95, Severity: critical, Rules: 1",ed45689521d7954d
2026-01-16T16:20:35.604513Z,Rule Firing,111b097.jpg,"Score: 95, Severity: critical, Rules: 1",1a24cc81927f6856
2026-01-16T16:20:35.624407Z,Rule Firing,111b957.jpg,"Score: 95, Severity: critical, Rules: 1",a697641684b1aba6
2026-01-16T16:20:35.624407Z,Rule Firing,111dd5b.jpg,"Score: 95, Severity: critical, Rules: 1",ca18c1398222ba12
2026-01-16T16:20:35.624407Z,Rule Firing,111dd6b.jpg,"Score: 95, Severity: critical, Rules: 1",584aac718681790d
2026-01-16T16:20:35.624407Z,Rule Firing,111f35d.jpg,"Score: 95, Severity: critical, Rules: 1",080838afbf6aa86b
2026-01-16T16:20:35.629109Z,Rule Firing,111f5fb.jpg,"Score: 95, Severity: critical, Rules: 1",3d5cd27f208402c0
2026-01-16T16:20:35.629109Z,Rule Firing,111f8ad.jpg,"Score: 95, Severity: critical, Rules: 1",45da19adb7e6fa6e
2026-01-16T16:20:35.630627Z,Rule Firing,111fa39.jpg,"Score: 95, Severity: critical, Rules: 1",181d5b8a39ea1991
2026-01-16T16:20:35.630627Z,Rule Firing,111ffa7.jpg,"Score: 95, Severity: critical, Rules: 1",9f03c63ac6c554af
2026-01-16T16:20:35.630627Z,Rule Firing,11207c3.jpg,"Score: 95, Severity: critical, Rules: 1",9a9976919d0311de
2026-01-16T16:20:35.630627Z,Rule Firing,11211eb.jpg,"Score: 95, Severity: critical, Rules: 1",e35e16e20485eb1b
2026-01-16T16:20:35.654374Z,Rule Firing,1122177.jpg,"Score: 95, Severity: critical, Rules: 1",f72fba5f6ec853fb
2026-01-16T16:20:35.654374Z,Rule Firing,1122487.jpg,"Score: 95, Severity: critical, Rules: 1",2402102dd0a4b51e
2026-01-16T16:20:35.654374Z,Rule Firing,11226ff.jpg,"Score: 95, Severity: critical, Rules: 1",26a3bbb92b382ef4
2026-01-16T16:20:35.654374Z,Rule Firing,1123509.jpg,"Score: 95, Severity: critical, Rules: 1",af77d29d6e7f3cb3
2026-01-16T16:20:35.654374Z,Rule Firing,11238ab.jpg,"Score: 95, Severity: critical, Rules: 1",d04577df0010ef3a
2026-01-16T16:20:35.654374Z,Rule Firing,1124c7d.jpg,"Score: 95, Severity: critical, Rules: 1",8f28801ff8c505e1
2026-01-16T16:20:35.654374Z,Rule Firing,1125057.jpg,"Score: 95, Severity: critical, Rules: 1",de145aee865206dd
2026-01-16T16:20:35.654374Z,Rule Firing,11257e7.jpg,"Score: 95, Severity: critical, Rules: 1",9cd8b766f28637a9
2026-01-16T16:20:35.654374Z,Rule Firing,112582f.jpg,"Score: 95, Severity: critical, Rules: 1",372505f50679f055
2026-01-16T16:20:35.654374Z,Rule Firing,1126249.jpg,"Score: 95, Severity: critical, Rules: 1",1f9d92b2ff09eacc
2026-01-16T16:20:35.676243Z,Rule Firing,112646f.jpg,"Score: 95, Severity: critical, Rules: 1",08cdb4a182039b81
2026-01-16T16:20:35.676243Z,Rule Firing,11268cd.jpg,"Score: 95, Severity: critical, Rules: 1",9583a89effa74220
2026-01-16T16:20:35.676243Z,Rule Firing,112823f.jpg,"Score: 95, Severity: critical, Rules: 1",d592d3493aa72938
2026-01-16T16:20:35.676243Z,Rule Firing,112a2ad.jpg,"Score: 95, Severity: critical, Rules: 1",7ae05a9cc64d2ea2
2026-01-16T16:20:35.684389Z,Rule Firing,112b00f.jpg,"Score: 95, Severity: critical, Rules: 1",7eb3a11a5a825f21
2026-01-16T16:20:35.684389Z,Rule Firing,112b393.jpg,"Score: 95, Severity: critical, Rules: 1",c11a4b9c3468b5f9
2026-01-16T16:20:35.684389Z,Rule Firing,112c517.jpg,"Score: 95, Severity: critical, Rules: 1",54dc26e951a95756
2026-01-16T16:20:35.684389Z,Rule Firing,112d089.jpg,"Score: 95, Severity: critical, Rules: 1",9cdb0e2ad0844a32
2026-01-16T16:20:35.684389Z,Rule Firing,112d34f.jpg,"Score: 95, Severity: critical, Rules: 1",22c70b00519a08a2
2026-01-16T16:20:35.684389Z,Rule Firing,112db0f.jpg,"Score: 95, Severity: critical, Rules: 1",5a4f3be325fcd34e
2026-01-16T16:20:35.708146Z,Rule Firing,112e32b.jpg,"Score: 95, Severity: critical, Rules: 1",3accff2bab0455ee
2026-01-16T16:20:35.708146Z,Rule Firing,112eb33.jpg,"Score: 95, Severity: critical, Rules: 1",8c467df596bb6867
2026-01-16T16:20:35.708146Z,Rule Firing,112ed61.jpg,"Score: 95, Severity: critical, Rules: 1",9f2d1459645ccabf
2026-01-16T16:20:35.708146Z,Rule Firing,1130397.jpg,"Score: 95, Severity: critical, Rules: 1",c46b6508728a15dd
2026-01-16T16:20:35.708146Z,Rule Firing,113054b.jpg,"Score: 95, Severity: critical, Rules: 1",52da99e447390e7d
2026-01-16T16:20:35.708146Z,Rule Firing,1130753.jpg,"Score: 95, Severity: critical, Rules: 1",417f6bc146b15e81
2026-01-16T16:20:35.708146Z,Rule Firing,11318e3.jpg,"Score: 95, Severity: critical, Rules: 1",32b315c5e071a16b
2026-01-16T16:20:35.708146Z,Rule Firing,113251f.jpg,"Score: 95, Severity: critical, Rules: 1",d1400bf962edb85c
2026-01-16T16:20:35.714236Z,Rule Firing,1132be9.jpg,"Score: 95, Severity: critical, Rules: 1",83d473fca8d6576c
2026-01-16T16:20:35.714236Z,Rule Firing,1132f09.jpg,"Score: 95, Severity: critical, Rules: 1",89ac623cc6c26af6
2026-01-16T16:20:35.734534Z,Rule Firing,1133c9b.jpg,"Score: 95, Severity: critical, Rules: 1",64e8b8c1348a639e
2026-01-16T16:20:35.734534Z,Rule Firing,1133cfb.jpg,"Score: 95, Severity: critical, Rules: 1",c87e89ced9b4bcf5
2026-01-16T16:20:35.734534Z,Rule Firing,1133ee3.jpg,"Score: 95, Severity: critical, Rules: 1",378415e1a14ce90d
2026-01-16T16:20:35.734534Z,Rule Firing,113447b.jpg,"Score: 95, Severity: critical, Rules: 1",d5db0485bc2125fa
2026-01-16T16:20:35.734534Z,Rule Firing,1135a6e.pdf,"Score: 95, Severity: critical, Rules: 1",ff3857de15b08c0e
2026-01-16T16:20:35.734534Z,Rule Firing,1135cc7.jpg,"Score: 95, Severity: critical, Rules: 1",3ead8a9e111f4378
2026-01-16T16:20:35.740158Z,Rule Firing,1136b7f.jpg,"Score: 95, Severity: critical, Rules: 1",eb3e0ea9c44c3680
2026-01-16T16:20:35.740158Z,Rule Firing,11371a3.jpg,"Score: 95, Severity: critical, Rules: 1",5eeaa9cf3f5b65a9
2026-01-16T16:20:35.740158Z,Rule Firing,113771f.jpg,"Score: 95, Severity: critical, Rules: 1",a2222340185510a0
2026-01-16T16:20:35.740158Z,Rule Firing,11386b9.jpg,"Score: 95, Severity: critical, Rules: 1",8aac33aea0e6df64
2026-01-16T16:20:35.764698Z,Rule Firing,1138f1b.jpg,"Score: 95, Severity: critical, Rules: 1",349db8d2051c6ddc
2026-01-16T16:20:35.764698Z,Rule Firing,1138f5b.jpg,"Score: 95, Severity: critical, Rules: 1",42c8d8756fb6721c
2026-01-16T16:20:35.764698Z,Rule Firing,11399e7.jpg,"Score: 95, Severity: critical, Rules: 1",6921a33fb2d9a4d3
2026-01-16T16:20:35.764698Z,Rule Firing,113b06d.jpg,"Score: 95, Severity: critical, Rules: 1",1684421d16dfb88d
2026-01-16T16:20:35.764698Z,Rule Firing,113bccd.jpg,"Score: 95, Severity: critical, Rules: 1",ebccefd08bb6ae6d
2026-01-16T16:20:35.764698Z,Rule Firing,113c2d7.jpg,"Score: 95, Severity: critical, Rules: 1",673aa9a61d14a143
2026-01-16T16:20:35.770075Z,Rule Firing,113ca45.jpg,"Score: 95, Severity: critical, Rules: 1",c4fff885e8fb1b12
2026-01-16T16:20:35.770075Z,Rule Firing,113cd3b.jpg,"Score: 95, Severity: critical, Rules: 1",7e209f47b79482aa
2026-01-16T16:20:35.770075Z,Rule Firing,113d7b7.jpg,"Score: 95, Severity: critical, Rules: 1",7ddbaa4667a965e1
2026-01-16T16:20:35.772083Z,Rule Firing,113e0a1.jpg,"Score: 95, Severity: critical, Rules: 1",8fe3427db4d8d485
2026-01-16T16:20:35.794351Z,Rule Firing,113f1af.jpg,"Score: 95, Severity: critical, Rules: 1",d9d6dc2f1fe74d4f
2026-01-16T16:20:35.794351Z,Rule Firing,11400fd.jpg,"Score: 95, Severity: critical, Rules: 1",62f1bac6881a54dd
2026-01-16T16:20:35.794351Z,Rule Firing,11402eb.jpg,"Score: 95, Severity: critical, Rules: 1",2daeecd80a6894a1
2026-01-16T16:20:35.796470Z,Rule Firing,11409a7.jpg,"Score: 95, Severity: critical, Rules: 1",d319f2d5b0de8504
2026-01-16T16:20:35.796470Z,Rule Firing,11410a5.jpg,"Score: 95, Severity: critical, Rules: 1",949fac67058d4c37
2026-01-16T16:20:35.796470Z,Rule Firing,1141253.jpg,"Score: 95, Severity: critical, Rules: 1",90fac781b0ca05b8
2026-01-16T16:20:35.798475Z,Rule Firing,11413e9.jpg,"Score: 95, Severity: critical, Rules: 1",9f5b31a8d9369067
2026-01-16T16:20:35.798475Z,Rule Firing,1142b80.jpg,"Score: 95, Severity: critical, Rules: 1",d4b87089866c42cb
2026-01-16T16:20:35.798475Z,Rule Firing,1142fb1.jpg,"Score: 95, Severity: critical, Rules: 1",23410fac076f61fb
2026-01-16T16:20:35.798475Z,Rule Firing,114464f.jpg,"Score: 95, Severity: critical, Rules: 1",20a7fd271547eaa3
2026-01-16T16:20:35.823771Z,Rule Firing,1144a89.jpg,"Score: 95, Severity: critical, Rules: 1",e2512c086bf57054
2026-01-16T16:20:35.824352Z,Rule Firing,1146903.jpg,"Score: 95, Severity: critical, Rules: 1",1c36fa6e15fd3953
2026-01-16T16:20:35.824352Z,Rule Firing,1147791.jpg,"Score: 95, Severity: critical, Rules: 1",fa08f736517387a7
2026-01-16T16:20:35.824352Z,Rule Firing,1148765.jpg,"Score: 95, Severity: critical, Rules: 1",c958593b9372d7da
2026-01-16T16:20:35.824352Z,Rule Firing,114a3f7.jpg,"Score: 95, Severity: critical, Rules: 1",2c02b96138422e6e
2026-01-16T16:20:35.824352Z,Rule Firing,114ae79.jpg,"Score: 95, Severity: critical, Rules: 1",3dd1fa0e6b3bb348
2026-01-16T16:20:35.824352Z,Rule Firing,114ba71.jpg,"Score: 95, Severity: critical, Rules: 1",595130356fe7e505
2026-01-16T16:20:35.824352Z,Rule Firing,114c5db.jpg,"Score: 95, Severity: critical, Rules: 1",d33b76e9426d05c0
2026-01-16T16:20:35.824352Z,Rule Firing,114edd5.jpg,"Score: 95, Severity: critical, Rules: 1",e97d1c5d6f96792f
2026-01-16T16:20:35.824352Z,Rule Firing,114fbd1.jpg,"Score: 95, Severity: critical, Rules: 1",3789833fe0cfa9c7
2026-01-16T16:20:35.854417Z,Rule Firing,11511ef.jpg,"Score: 95, Severity: critical, Rules: 1",eb7fe43735f007b1
2026-01-16T16:20:35.855472Z,Rule Firing,1152f6f.jpg,"Score: 95, Severity: critical, Rules: 1",518be2b573d510cf
2026-01-16T16:20:35.855472Z,Rule Firing,1154a87.jpg,"Score: 95, Severity: critical, Rules: 1",211d04c880c2c655
2026-01-16T16:20:35.857256Z,Rule Firing,1155f85.jpg,"Score: 95, Severity: critical, Rules: 1",7474b2559b060f32
2026-01-16T16:20:35.858383Z,Rule Firing,1158015.jpg,"Score: 95, Severity: critical, Rules: 1",5e236061b7d0b66e
2026-01-16T16:20:35.858383Z,Rule Firing,115812f.jpg,"Score: 95, Severity: critical, Rules: 1",22440b9c959ad961
2026-01-16T16:20:35.858383Z,Rule Firing,115992d.jpg,"Score: 95, Severity: critical, Rules: 1",59baa156b6fdfc04
2026-01-16T16:20:35.858383Z,Rule Firing,115a41b.jpg,"Score: 95, Severity: critical, Rules: 1",40fc0ed0f6270ba4
2026-01-16T16:20:35.858383Z,Rule Firing,115a8bd.jpg,"Score: 95, Severity: critical, Rules: 1",2430fc1ab9e9d5e1
2026-01-16T16:20:35.858383Z,Rule Firing,115c3dd.jpg,"Score: 95, Severity: critical, Rules: 1",5566b812f79a6901
2026-01-16T16:20:35.894704Z,Rule Firing,115cf27.jpg,"Score: 95, Severity: critical, Rules: 1",19ec8bfd05398ca3
2026-01-16T16:20:35.894704Z,Rule Firing,115de61.jpg,"Score: 95, Severity: critical, Rules: 1",98186fa34af4b82c
2026-01-16T16:20:35.894704Z,Rule Firing,115f33b.jpg,"Score: 95, Severity: critical, Rules: 1",34cd18be79058871
2026-01-16T16:20:35.894704Z,Rule Firing,1160765.jpg,"Score: 95, Severity: critical, Rules: 1",5f34c83a9880d9eb
2026-01-16T16:20:35.899254Z,Rule Firing,1162d07.jpg,"Score: 95, Severity: critical, Rules: 1",065b04de00dba202
2026-01-16T16:20:35.899254Z,Rule Firing,1163fe5.jpg,"Score: 95, Severity: critical, Rules: 1",6f72e6972044de8b
2026-01-16T16:20:35.899254Z,Rule Firing,116629b.jpg,"Score: 95, Severity: critical, Rules: 1",7e7795d59d7a60b5
2026-01-16T16:20:35.899254Z,Rule Firing,1166ebf.jpg,"Score: 95, Severity: critical, Rules: 1",6c01f1b18c8c37a3
2026-01-16T16:20:35.899254Z,Rule Firing,11683b7.jpg,"Score: 95, Severity: critical, Rules: 1",1145a092cc43bad9
2026-01-16T16:20:35.902920Z,Rule Firing,1168c99.jpg,"Score: 95, Severity: critical, Rules: 1",268330434eaad515
2026-01-16T16:20:35.937484Z,Rule Firing,11697ed.jpg,"Score: 95, Severity: critical, Rules: 1",a0f286faad9c8b30
2026-01-16T16:20:35.939493Z,Rule Firing,116ad09.jpg,"Score: 95, Severity: critical, Rules: 1",10760a1667c24e7b
2026-01-16T16:20:35.941076Z,Rule Firing,116b26b.jpg,"Score: 95, Severity: critical, Rules: 1",75ef92c4301c62c5
2026-01-16T16:20:35.941076Z,Rule Firing,116e639.jpg,"Score: 95, Severity: critical, Rules: 1",072b6a97f59aed18
2026-01-16T16:20:35.941076Z,Rule Firing,11724e9.jpg,"Score: 95, Severity: critical, Rules: 1",643dd410c3ba93fa
2026-01-16T16:20:35.941076Z,Rule Firing,1173ce5.jpg,"Score: 95, Severity: critical, Rules: 1",7045d9f55b516c45
2026-01-16T16:20:35.944885Z,Rule Firing,11765e3.jpg,"Score: 95, Severity: critical, Rules: 1",5d9dc2da6106a9c1
2026-01-16T16:20:35.944885Z,Rule Firing,117793f.jpg,"Score: 95, Severity: critical, Rules: 1",f094e75dcc0909e4
2026-01-16T16:20:35.946807Z,Rule Firing,1179da3.jpg,"Score: 95, Severity: critical, Rules: 1",d5b8aef3a6630c72
2026-01-16T16:20:35.947530Z,Rule Firing,118182d.jpg,"Score: 95, Severity: critical, Rules: 1",2f0e11e0e2a5b195
2026-01-16T16:20:35.974657Z,Rule Firing,1183579.jpg,"Score: 95, Severity: critical, Rules: 1",6fd122be18b739b0
2026-01-16T16:20:35.974657Z,Rule Firing,118415f.jpg,"Score: 95, Severity: critical, Rules: 1",c3bcd162af1f79aa
2026-01-16T16:20:35.974657Z,Rule Firing,118ab8e.jpg,"Score: 95, Severity: critical, Rules: 1",ed950f78bbf5410b
2026-01-16T16:20:35.974657Z,Rule Firing,1194925.jpg,"Score: 95, Severity: critical, Rules: 1",3a06a5525c1765f6
2026-01-16T16:20:35.974657Z,Rule Firing,119d0a3.jpg,"Score: 95, Severity: critical, Rules: 1",22e94fbc70656ffc
2026-01-16T16:20:35.974657Z,Rule Firing,11a1001.jpg,"Score: 95, Severity: critical, Rules: 1",734be6890fb993ea
2026-01-16T16:20:35.974657Z,Rule Firing,11a4431.jpg,"Score: 95, Severity: critical, Rules: 1",edc39a4dbac276bf
2026-01-16T16:20:35.981693Z,Rule Firing,11a6663.jpg,"Score: 95, Severity: critical, Rules: 1",3860a9d45b59510b
2026-01-16T16:20:35.981693Z,Rule Firing,11a9d67.jpg,"Score: 95, Severity: critical, Rules: 1",5c4a0979238cd674
2026-01-16T16:20:35.981693Z,Rule Firing,11aae9f.jpg,"Score: 95, Severity: critical, Rules: 1",b600f901cb77a188
2026-01-16T16:20:36.004619Z,Rule Firing,11af601.jpg,"Score: 95, Severity: critical, Rules: 1",68cd9bf847347760
2026-01-16T16:20:36.004619Z,Rule Firing,11b.pdf,"Score: 95, Severity: critical, Rules: 1",380f2d866cf04a6b
2026-01-16T16:20:36.004619Z,Rule Firing,11b2251.jpg,"Score: 95, Severity: critical, Rules: 1",abc39c1a758f56ed
2026-01-16T16:20:36.004619Z,Rule Firing,11b538b.jpg,"Score: 95, Severity: critical, Rules: 1",e5579df644c86c1e
2026-01-16T16:20:36.004619Z,Rule Firing,11ba073.jpg,"Score: 95, Severity: critical, Rules: 1",ef83806e24381799
2026-01-16T16:20:36.004619Z,Rule Firing,11c4893.jpg,"Score: 95, Severity: critical, Rules: 1",8618342cd19c5426
2026-01-16T16:20:36.013670Z,Rule Firing,11c853b.jpg,"Score: 95, Severity: critical, Rules: 1",14551b2eb98e04d6
2026-01-16T16:20:36.014682Z,Rule Firing,11c8fd9.jpg,"Score: 95, Severity: critical, Rules: 1",c28644a7ade8bbb0
2026-01-16T16:20:36.014682Z,Rule Firing,11d0c3f.jpg,"Score: 95, Severity: critical, Rules: 1",215d3175f478809a
2026-01-16T16:20:36.014682Z,Rule Firing,11d10ef.jpg,"Score: 95, Severity: critical, Rules: 1",5a000418325e5bb2
2026-01-16T16:20:36.034466Z,Rule Firing,11d7071.jpg,"Score: 95, Severity: critical, Rules: 1",8b0408634db31bce
2026-01-16T16:20:36.034466Z,Rule Firing,11de04d.jpg,"Score: 95, Severity: critical, Rules: 1",1883c446f358d9ef
2026-01-16T16:20:36.044352Z,Rule Firing,11e0ea9.jpg,"Score: 95, Severity: critical, Rules: 1",eddea4ff6b9936da
2026-01-16T16:20:36.044352Z,Rule Firing,11e9855.jpg,"Score: 95, Severity: critical, Rules: 1",41551e50216c94d1
2026-01-16T16:20:36.044352Z,Rule Firing,11ea06e.jpg,"Score: 95, Severity: critical, Rules: 1",807a14991ed77a07
2026-01-16T16:20:36.044352Z,Rule Firing,11ee061.jpg,"Score: 95, Severity: critical, Rules: 1",271d88519345d778
2026-01-16T16:20:36.044352Z,Rule Firing,11f09d3.jpg,"Score: 95, Severity: critical, Rules: 1",e6fe6775f1c1a8c4
2026-01-16T16:20:36.044352Z,Rule Firing,1201a63.jpg,"Score: 95, Severity: critical, Rules: 1",f90ea166e72731af
2026-01-16T16:20:36.044352Z,Rule Firing,1206207.jpg,"Score: 95, Severity: critical, Rules: 1",820a9abc2898b6ea
2026-01-16T16:20:36.044352Z,Rule Firing,121870f.jpg,"Score: 95, Severity: critical, Rules: 1",33ea253dbe8786d0
2026-01-16T16:20:36.076155Z,Rule Firing,121f4cd.jpg,"Score: 95, Severity: critical, Rules: 1",6fd16b17385e39db
2026-01-16T16:20:36.079821Z,Rule Firing,1224175.jpg,"Score: 95, Severity: critical, Rules: 1",39147c4a0149a2a9
2026-01-16T16:20:36.079821Z,Rule Firing,1227841.jpg,"Score: 95, Severity: critical, Rules: 1",1fce37c118e813e1
2026-01-16T16:20:36.079821Z,Rule Firing,123835b.jpg,"Score: 95, Severity: critical, Rules: 1",8d8004fc73ec89ac
2026-01-16T16:20:36.081838Z,Rule Firing,123a6f4.jpg,"Score: 95, Severity: critical, Rules: 1",b589dbf17c7613a2
2026-01-16T16:20:36.081838Z,Rule Firing,1241791.jpg,"Score: 95, Severity: critical, Rules: 1",4fc29714a528afbe
2026-01-16T16:20:36.081838Z,Rule Firing,1241917.jpg,"Score: 95, Severity: critical, Rules: 1",e35ee89afaf91d20
2026-01-16T16:20:36.081838Z,Rule Firing,1243000.jpg,"Score: 95, Severity: critical, Rules: 1",55edad0f913e4ad2
2026-01-16T16:20:36.084369Z,Rule Firing,1247131.jpg,"Score: 95, Severity: critical, Rules: 1",194ca2d7b55fb636
2026-01-16T16:20:36.084369Z,Rule Firing,124945d.jpg,"Score: 95, Severity: critical, Rules: 1",f97996609b2ab2a9
2026-01-16T16:20:36.114644Z,Rule Firing,124e29d.jpg,"Score: 95, Severity: critical, Rules: 1",b5e6d37c4843da9c
2026-01-16T16:20:36.114644Z,Rule Firing,1256ca7.jpg,"Score: 95, Severity: critical, Rules: 1",91a775bfe5609605
2026-01-16T16:20:36.114644Z,Rule Firing,1268ef5.jpg,"Score: 95, Severity: critical, Rules: 1",632c1ca94cce0fe3
2026-01-16T16:20:36.116703Z,Rule Firing,1270b0d.jpg,"Score: 95, Severity: critical, Rules: 1",7fcffae24bfc81c7
2026-01-16T16:20:36.116703Z,Rule Firing,12810f3.jpg,"Score: 95, Severity: critical, Rules: 1",0307ed5ba2d15598
2026-01-16T16:20:36.116703Z,Rule Firing,1289000.jpg,"Score: 95, Severity: critical, Rules: 1",8921febdbdb1c626
2026-01-16T16:20:36.116703Z,Rule Firing,128b783.jpg,"Score: 95, Severity: critical, Rules: 1",764f1e68e70809d4
2026-01-16T16:20:36.116703Z,Rule Firing,1291e24.jpg,"Score: 95, Severity: critical, Rules: 1",5171bc8755feb096
2026-01-16T16:20:36.116703Z,Rule Firing,1297515.jpg,"Score: 95, Severity: critical, Rules: 1",ae669f756aed3ce7
2026-01-16T16:20:36.116703Z,Rule Firing,1299000.jpg,"Score: 95, Severity: critical, Rules: 1",7eb73c012cf752ef
2026-01-16T16:20:36.144501Z,Rule Firing,129b5d8.jpg,"Score: 95, Severity: critical, Rules: 1",0a6373f683c81588
2026-01-16T16:20:36.144501Z,Rule Firing,129eaed.jpg,"Score: 95, Severity: critical, Rules: 1",7af085e7cc53c38b
2026-01-16T16:20:36.144501Z,Rule Firing,12a17b1.jpg,"Score: 95, Severity: critical, Rules: 1",1835c36a04bedf83
2026-01-16T16:20:36.144501Z,Rule Firing,12a40c1.jpg,"Score: 95, Severity: critical, Rules: 1",2db5d8d1d4d67fa6
2026-01-16T16:20:36.144501Z,Rule Firing,12ab000.jpg,"Score: 95, Severity: critical, Rules: 1",6b655db077f6e9c8
2026-01-16T16:20:36.144501Z,Rule Firing,12bdc25.jpg,"Score: 95, Severity: critical, Rules: 1",ab56fddc51b2a32e
2026-01-16T16:20:36.144501Z,Rule Firing,12bf4cd.jpg,"Score: 95, Severity: critical, Rules: 1",98a1bc2d2ac7a4b6
2026-01-16T16:20:36.144501Z,Rule Firing,12c96c5.jpg,"Score: 95, Severity: critical, Rules: 1",4855be19af55b4d5
2026-01-16T16:20:36.144501Z,Rule Firing,12cbcac.jpg,"Score: 95, Severity: critical, Rules: 1",4ce9c3e73e901a50
2026-01-16T16:20:36.144501Z,Rule Firing,12e5009.jpg,"Score: 95, Severity: critical, Rules: 1",507d348c16d6066b
2026-01-16T16:20:36.179328Z,Rule Firing,13006c3.jpg,"Score: 95, Severity: critical, Rules: 1",25ea156b4f7281f6
2026-01-16T16:20:36.179328Z,Rule Firing,131ad88.jpg,"Score: 95, Severity: critical, Rules: 1",d512f44e9d3ee23c
2026-01-16T16:20:36.179328Z,Rule Firing,131c9dd.jpg,"Score: 95, Severity: critical, Rules: 1",e03f4eb073c60ce4
2026-01-16T16:20:36.179328Z,Rule Firing,131dc89.jpg,"Score: 95, Severity: critical, Rules: 1",4caba41e06d5e6fe
2026-01-16T16:20:36.179328Z,Rule Firing,1324309.jpg,"Score: 95, Severity: critical, Rules: 1",15f07d38113012e8
2026-01-16T16:20:36.179328Z,Rule Firing,1336518.jpg,"Score: 95, Severity: critical, Rules: 1",f95c7c7ee8b4e614
2026-01-16T16:20:36.179328Z,Rule Firing,13401a7.jpg,"Score: 95, Severity: critical, Rules: 1",6dd8850c2a9877dc
2026-01-16T16:20:36.184345Z,Rule Firing,134730b.jpg,"Score: 95, Severity: critical, Rules: 1",ffc7ca83168f3b44
2026-01-16T16:20:36.184345Z,Rule Firing,1363f9b.jpg,"Score: 95, Severity: critical, Rules: 1",5c57f19d59387c5b
2026-01-16T16:20:36.184345Z,Rule Firing,1370602.jpg,"Score: 95, Severity: critical, Rules: 1",674384f2484d2243
2026-01-16T16:20:36.214291Z,Rule Firing,13a0406.jpg,"Score: 95, Severity: critical, Rules: 1",c331de7596da35aa
2026-01-16T16:20:36.214291Z,Rule Firing,13a67d7.jpg,"Score: 95, Severity: critical, Rules: 1",83244ab1d76d3f6b
2026-01-16T16:20:36.214291Z,Rule Firing,13bb685.jpg,"Score: 95, Severity: critical, Rules: 1",0c6840eade4044ad
2026-01-16T16:20:36.214291Z,Rule Firing,13d7ec5.jpg,"Score: 95, Severity: critical, Rules: 1",a218d0d4416f11b1
2026-01-16T16:20:36.214291Z,Rule Firing,13e2663.jpg,"Score: 95, Severity: critical, Rules: 1",8d7e87e6cba4f79f
2026-01-16T16:20:36.214291Z,Rule Firing,13ea1ff.jpg,"Score: 95, Severity: critical, Rules: 1",668fe2ef580713f1
2026-01-16T16:20:36.220041Z,Rule Firing,13f931b.jpg,"Score: 95, Severity: critical, Rules: 1",aa5a4a2c570f8421
2026-01-16T16:20:36.220041Z,Rule Firing,13fd329.jpg,"Score: 95, Severity: critical, Rules: 1",86e1b5d30ebcefd4
2026-01-16T16:20:36.220041Z,Rule Firing,140349d.jpg,"Score: 95, Severity: critical, Rules: 1",4664fe8ff864d4a4
2026-01-16T16:20:36.220041Z,Rule Firing,14067f8.jpg,"Score: 95, Severity: critical, Rules: 1",18fa378635631d8f
2026-01-16T16:20:36.251758Z,Rule Firing,140f05e.jpg,"Score: 95, Severity: critical, Rules: 1",caa9655751d4d730
2026-01-16T16:20:36.251758Z,Rule Firing,14148c5.jpg,"Score: 95, Severity: critical, Rules: 1",f40b67c14ee755bc
2026-01-16T16:20:36.254390Z,Rule Firing,142da21.jpg,"Score: 95, Severity: critical, Rules: 1",74383ce8e49a5681
2026-01-16T16:20:36.254390Z,Rule Firing,14361a3.jpg,"Score: 95, Severity: critical, Rules: 1",476a6413c936f9bf
2026-01-16T16:20:36.254390Z,Rule Firing,143dfb9.jpg,"Score: 95, Severity: critical, Rules: 1",efcdce62d9e0485f
2026-01-16T16:20:36.259378Z,Rule Firing,1441ab9.jpg,"Score: 95, Severity: critical, Rules: 1",b572725275504003
2026-01-16T16:20:36.259378Z,Rule Firing,1445739.jpg,"Score: 95, Severity: critical, Rules: 1",b44c05b63b1b7542
2026-01-16T16:20:36.259378Z,Rule Firing,1449601.jpg,"Score: 95, Severity: critical, Rules: 1",44f654a5f1e5814d
2026-01-16T16:20:36.259378Z,Rule Firing,144de07.jpg,"Score: 95, Severity: critical, Rules: 1",31f382579c49424c
2026-01-16T16:20:36.259378Z,Rule Firing,145bebf.jpg,"Score: 95, Severity: critical, Rules: 1",51e34787b1573d1b
2026-01-16T16:20:36.294257Z,Rule Firing,1466011.jpg,"Score: 95, Severity: critical, Rules: 1",159101cb587a8d7b
2026-01-16T16:20:36.294257Z,Rule Firing,1469ec7.jpg,"Score: 95, Severity: critical, Rules: 1",99435158a3a1061b
2026-01-16T16:20:36.294257Z,Rule Firing,14990d9.jpg,"Score: 95, Severity: critical, Rules: 1",c8e7bce4ba05fa9a
2026-01-16T16:20:36.294257Z,Rule Firing,14b306b.jpg,"Score: 95, Severity: critical, Rules: 1",be5cf6ca78c3ed87
2026-01-16T16:20:36.294257Z,Rule Firing,14ed89c.jpg,"Score: 95, Severity: critical, Rules: 1",447bc43af8c1a81f
2026-01-16T16:20:36.294257Z,Rule Firing,150d9ef.jpg,"Score: 95, Severity: critical, Rules: 1",744b833745c69878
2026-01-16T16:20:36.299413Z,Rule Firing,1513e59.jpg,"Score: 95, Severity: critical, Rules: 1",f309b1f6eaf55434
2026-01-16T16:20:36.299413Z,Rule Firing,151469f.jpg,"Score: 95, Severity: critical, Rules: 1",789bf5d1da8f3e3d
2026-01-16T16:20:36.299413Z,Rule Firing,1521481.jpg,"Score: 95, Severity: critical, Rules: 1",1bd0daf570fbc6a5
2026-01-16T16:20:36.299413Z,Rule Firing,152e87e.jpg,"Score: 95, Severity: critical, Rules: 1",fc6da6f33c8625e4
2026-01-16T16:20:36.330913Z,Rule Firing,1544483.jpg,"Score: 95, Severity: critical, Rules: 1",62d94bb720193055
2026-01-16T16:20:36.330913Z,Rule Firing,1565096.jpg,"Score: 95, Severity: critical, Rules: 1",4438080e2b842e2b
2026-01-16T16:20:36.330913Z,Rule Firing,1575164.jpg,"Score: 95, Severity: critical, Rules: 1",61aedd4a0761a864
2026-01-16T16:20:36.330913Z,Rule Firing,159055f.jpg,"Score: 95, Severity: critical, Rules: 1",1461634985ed8c28
2026-01-16T16:20:36.330913Z,Rule Firing,15914c4.jpg,"Score: 95, Severity: critical, Rules: 1",5879fd29b44b9c3c
2026-01-16T16:20:36.334642Z,Rule Firing,15a3855.jpg,"Score: 95, Severity: critical, Rules: 1",9390b0c33dd7af90
2026-01-16T16:20:36.334642Z,Rule Firing,15a6c71.jpg,"Score: 95, Severity: critical, Rules: 1",293b3efacd5bbdf7
2026-01-16T16:20:36.334642Z,Rule Firing,15b8ec8.jpg,"Score: 95, Severity: critical, Rules: 1",28506bce52f3dac5
2026-01-16T16:20:36.334642Z,Rule Firing,15ca5b9.jpg,"Score: 95, Severity: critical, Rules: 1",ee85d0ab7ebb2f46
2026-01-16T16:20:36.334642Z,Rule Firing,15cdb06.jpg,"Score: 95, Severity: critical, Rules: 1",5de97d19da558678
2026-01-16T16:20:36.364504Z,Rule Firing,15cde89.jpg,"Score: 95, Severity: critical, Rules: 1",544ab5986b2b17c0
2026-01-16T16:20:36.364504Z,Rule Firing,15ce053.jpg,"Score: 95, Severity: critical, Rules: 1",878c3ce8b21befa2
2026-01-16T16:20:36.364504Z,Rule Firing,15e8fd7.jpg,"Score: 95, Severity: critical, Rules: 1",b6b0210f3888dd70
2026-01-16T16:20:36.364504Z,Rule Firing,161f000.jpg,"Score: 95, Severity: critical, Rules: 1",ef77bf2d3ff13515
2026-01-16T16:20:36.364504Z,Rule Firing,162045d.jpg,"Score: 95, Severity: critical, Rules: 1",f5ba6aed8ffeb43e
2026-01-16T16:20:36.364504Z,Rule Firing,1628263.jpg,"Score: 95, Severity: critical, Rules: 1",465282cd87321e54
2026-01-16T16:20:36.364504Z,Rule Firing,162b000.jpg,"Score: 95, Severity: critical, Rules: 1",0ea20c7749ca4d5c
2026-01-16T16:20:36.364504Z,Rule Firing,1634000.jpg,"Score: 95, Severity: critical, Rules: 1",1b3f4901f15b3c67
2026-01-16T16:20:36.364504Z,Rule Firing,1639000.jpg,"Score: 95, Severity: critical, Rules: 1",f4b61ba5a89a7f6e
2026-01-16T16:20:36.364504Z,Rule Firing,1639e5b.jpg,"Score: 95, Severity: critical, Rules: 1",a5983209bfded097
2026-01-16T16:20:36.402629Z,Rule Firing,1648000.jpg,"Score: 95, Severity: critical, Rules: 1",2c56cde19be48c11
2026-01-16T16:20:36.402629Z,Rule Firing,1651000.jpg,"Score: 95, Severity: critical, Rules: 1",9d2a1c88df4fd461
2026-01-16T16:20:36.404645Z,Rule Firing,166a000.jpg,"Score: 95, Severity: critical, Rules: 1",06b20267bbca6a44
2026-01-16T16:20:36.404645Z,Rule Firing,166f000.jpg,"Score: 95, Severity: critical, Rules: 1",de70b316b173f7b5
2026-01-16T16:20:36.404645Z,Rule Firing,1674000.jpg,"Score: 95, Severity: critical, Rules: 1",da96590a9aec5585
2026-01-16T16:20:36.404645Z,Rule Firing,1678000.jpg,"Score: 95, Severity: critical, Rules: 1",6982e05b4748cf05
2026-01-16T16:20:36.404645Z,Rule Firing,167bbe1.jpg,"Score: 95, Severity: critical, Rules: 1",9171d600207abab0
2026-01-16T16:20:36.404645Z,Rule Firing,16831dd.jpg,"Score: 95, Severity: critical, Rules: 1",83abeec50a9e7fe2
2026-01-16T16:20:36.404645Z,Rule Firing,1685000.jpg,"Score: 95, Severity: critical, Rules: 1",65132ec8d65b818e
2026-01-16T16:20:36.404645Z,Rule Firing,169b881.jpg,"Score: 95, Severity: critical, Rules: 1",2fdb108dd25f1eb9
2026-01-16T16:20:36.434805Z,Rule Firing,16a4000.jpg,"Score: 95, Severity: critical, Rules: 1",ca5bb60dc62dc2bf
2026-01-16T16:20:36.434805Z,Rule Firing,16a8516.jpg,"Score: 95, Severity: critical, Rules: 1",b299a83ed014c57d
2026-01-16T16:20:36.434805Z,Rule Firing,16ab052.jpg,"Score: 95, Severity: critical, Rules: 1",7d454fda1b342d06
2026-01-16T16:20:36.434805Z,Rule Firing,16acbe4.jpg,"Score: 95, Severity: critical, Rules: 1",8fb41be8890c50c2
2026-01-16T16:20:36.434805Z,Rule Firing,16b0000.jpg,"Score: 95, Severity: critical, Rules: 1",b2a047b9a98c951d
2026-01-16T16:20:36.434805Z,Rule Firing,16b044c.jpg,"Score: 95, Severity: critical, Rules: 1",6ac167c2a862fae6
2026-01-16T16:20:36.434805Z,Rule Firing,16be000.jpg,"Score: 95, Severity: critical, Rules: 1",24e5cd1cc07c3d98
2026-01-16T16:20:36.442268Z,Rule Firing,16c2000.jpg,"Score: 95, Severity: critical, Rules: 1",b473d25b281f99fc
2026-01-16T16:20:36.442268Z,Rule Firing,16cc5e9.jpg,"Score: 95, Severity: critical, Rules: 1",025dbd496ca0418a
2026-01-16T16:20:36.442268Z,Rule Firing,16d52d5.jpg,"Score: 95, Severity: critical, Rules: 1",6cfc4ad85e7e5902
2026-01-16T16:20:36.464385Z,Rule Firing,1734ec7.jpg,"Score: 95, Severity: critical, Rules: 1",503f9a9b9afedb57
2026-01-16T16:20:36.464385Z,Rule Firing,1737000.jpg,"Score: 95, Severity: critical, Rules: 1",0ccbaaee081402e2
2026-01-16T16:20:36.464385Z,Rule Firing,173b000.jpg,"Score: 95, Severity: critical, Rules: 1",61e190401eb90fe3
2026-01-16T16:20:36.464385Z,Rule Firing,1741c2.jpg,"Score: 95, Severity: critical, Rules: 1",938d02dcddf5749b
2026-01-16T16:20:36.464385Z,Rule Firing,178ee55.jpg,"Score: 95, Severity: critical, Rules: 1",7ab8d8fb48a8a25c
2026-01-16T16:20:36.464385Z,Rule Firing,17ad000.jpg,"Score: 95, Severity: critical, Rules: 1",7ed068e81ce4b6da
2026-01-16T16:20:36.474577Z,Rule Firing,17c0f4e.jpg,"Score: 95, Severity: critical, Rules: 1",b37fce5924155401
2026-01-16T16:20:36.474577Z,Rule Firing,17cc303.jpg,"Score: 95, Severity: critical, Rules: 1",7ec6024be2cef3c0
2026-01-16T16:20:36.474577Z,Rule Firing,17d48ee.jpg,"Score: 95, Severity: critical, Rules: 1",a529980f7542b309
2026-01-16T16:20:36.474577Z,Rule Firing,17e60e2.jpg,"Score: 95, Severity: critical, Rules: 1",8b2e4f9de8bb8ff1
2026-01-16T16:20:36.510173Z,Rule Firing,17e84ca.jpg,"Score: 95, Severity: critical, Rules: 1",e7a71b7a9a28aded
2026-01-16T16:20:36.510173Z,Rule Firing,17fa54.jpg,"Score: 95, Severity: critical, Rules: 1",42085c64839af6db
2026-01-16T16:20:36.510173Z,Rule Firing,180004a.jpg,"Score: 95, Severity: critical, Rules: 1",57dd5351ad99e101
2026-01-16T16:20:36.510173Z,Rule Firing,18018fb.jpg,"Score: 95, Severity: critical, Rules: 1",e378d29f1300fcd3
2026-01-16T16:20:36.514651Z,Rule Firing,18099ad.jpg,"Score: 95, Severity: critical, Rules: 1",871b442103dffe80
2026-01-16T16:20:36.514651Z,Rule Firing,181000.jpg,"Score: 95, Severity: critical, Rules: 1",656e77bc03562517
2026-01-16T16:20:36.514651Z,Rule Firing,1810b33.jpg,"Score: 95, Severity: critical, Rules: 1",3e335d73088f1881
2026-01-16T16:20:36.514651Z,Rule Firing,1813436.jpg,"Score: 95, Severity: critical, Rules: 1",18eb8d3cbba4dee4
2026-01-16T16:20:36.514651Z,Rule Firing,181bcf2.jpg,"Score: 95, Severity: critical, Rules: 1",8f225f5088586367
2026-01-16T16:20:36.521902Z,Rule Firing,1829cc5.jpg,"Score: 95, Severity: critical, Rules: 1",c9991c983f8e2080
2026-01-16T16:20:36.544324Z,Rule Firing,182ef5b.jpg,"Score: 95, Severity: critical, Rules: 1",8332d40b34340299
2026-01-16T16:20:36.553926Z,Rule Firing,1836cd3.jpg,"Score: 95, Severity: critical, Rules: 1",894017a7e95f96fb
2026-01-16T16:20:36.554443Z,Rule Firing,183764d.jpg,"Score: 95, Severity: critical, Rules: 1",5b93ce2b5fb5520c
2026-01-16T16:20:36.554443Z,Rule Firing,184b8e8.jpg,"Score: 95, Severity: critical, Rules: 1",85a8fbf610b71c7c
2026-01-16T16:20:36.554443Z,Rule Firing,184cf03.jpg,"Score: 95, Severity: critical, Rules: 1",5a98cc27bf6282ef
2026-01-16T16:20:36.554443Z,Rule Firing,1850fd5.jpg,"Score: 95, Severity: critical, Rules: 1",404e8c79dc2356b7
2026-01-16T16:20:36.558691Z,Rule Firing,185778d.jpg,"Score: 95, Severity: critical, Rules: 1",25ebdddc6b87e2bd
2026-01-16T16:20:36.558691Z,Rule Firing,1897125.jpg,"Score: 95, Severity: critical, Rules: 1",ace6b26f8e4bfc51
2026-01-16T16:20:36.558691Z,Rule Firing,189e43d.jpg,"Score: 95, Severity: critical, Rules: 1",bbaf078411dbc9e9
2026-01-16T16:20:36.558691Z,Rule Firing,18bd96b.jpg,"Score: 95, Severity: critical, Rules: 1",83782f222d8c17de
2026-01-16T16:20:36.584354Z,Rule Firing,18ce521.jpg,"Score: 95, Severity: critical, Rules: 1",8d441c2329d5ce6e
2026-01-16T16:20:36.584354Z,Rule Firing,18f23cb.jpg,"Score: 95, Severity: critical, Rules: 1",3eee2b7dff50c968
2026-01-16T16:20:36.589964Z,Rule Firing,18f4e60.jpg,"Score: 95, Severity: critical, Rules: 1",058003668419081a
2026-01-16T16:20:36.589964Z,Rule Firing,18f59f5.jpg,"Score: 95, Severity: critical, Rules: 1",4113f1f6b55477d9
2026-01-16T16:20:36.589964Z,Rule Firing,18f69aa.jpg,"Score: 95, Severity: critical, Rules: 1",00674eb49216ef9a
2026-01-16T16:20:36.589964Z,Rule Firing,18fcf27.jpg,"Score: 95, Severity: critical, Rules: 1",9cc192026d535a46
2026-01-16T16:20:36.589964Z,Rule Firing,196179d.jpg,"Score: 95, Severity: critical, Rules: 1",8bb0eca840c945eb
2026-01-16T16:20:36.589964Z,Rule Firing,196669a.jpg,"Score: 95, Severity: critical, Rules: 1",4c0ffb9357a0c29d
2026-01-16T16:20:36.589964Z,Rule Firing,196732e.jpg,"Score: 95, Severity: critical, Rules: 1",51c23d6cedf6e3ba
2026-01-16T16:20:36.589964Z,Rule Firing,1976203.jpg,"Score: 95, Severity: critical, Rules: 1",7258cbffc5355831
2026-01-16T16:20:36.618188Z,Rule Firing,19a7122.jpg,"Score: 95, Severity: critical, Rules: 1",f7bee618fd695783
2026-01-16T16:20:36.618188Z,Rule Firing,19a8621.jpg,"Score: 95, Severity: critical, Rules: 1",727bac9763fbb5c7
2026-01-16T16:20:36.620204Z,Rule Firing,19af7eb.jpg,"Score: 95, Severity: critical, Rules: 1",9406f24b82e940dc
2026-01-16T16:20:36.620204Z,Rule Firing,19d5acd.jpg,"Score: 95, Severity: critical, Rules: 1",880528e2b7444897
2026-01-16T16:20:36.621962Z,Rule Firing,19f53f9.jpg,"Score: 95, Severity: critical, Rules: 1",ff0cca6c956a080f
2026-01-16T16:20:36.621962Z,Rule Firing,19fc1.pdf,"Score: 95, Severity: critical, Rules: 1",30af11cb0cc3fe4f
2026-01-16T16:20:36.621962Z,Rule Firing,1a06d35.jpg,"Score: 95, Severity: critical, Rules: 1",fa70c8576f01d09c
2026-01-16T16:20:36.621962Z,Rule Firing,1a0ede9.jpg,"Score: 95, Severity: critical, Rules: 1",7578e294de6d88c1
2026-01-16T16:20:36.621962Z,Rule Firing,1a0f386.jpg,"Score: 95, Severity: critical, Rules: 1",f77050baf5058ac7
2026-01-16T16:20:36.624476Z,Rule Firing,1a0f779.jpg,"Score: 95, Severity: critical, Rules: 1",880faed3bf6deb9a
2026-01-16T16:20:36.652266Z,Rule Firing,1a2e6bd.jpg,"Score: 95, Severity: critical, Rules: 1",3524695d890fc7a3
2026-01-16T16:20:36.654277Z,Rule Firing,1a56dc5.jpg,"Score: 95, Severity: critical, Rules: 1",25dd733f8ef80c2c
2026-01-16T16:20:36.654277Z,Rule Firing,1a6735e.jpg,"Score: 95, Severity: critical, Rules: 1",f89bc44ed223c510
2026-01-16T16:20:36.654277Z,Rule Firing,1a75cf3.jpg,"Score: 95, Severity: critical, Rules: 1",827a675d4530a5aa
2026-01-16T16:20:36.654277Z,Rule Firing,1a9bc6d.jpg,"Score: 95, Severity: critical, Rules: 1",58387c74e054ea5c
2026-01-16T16:20:36.656312Z,Rule Firing,1aafadd.jpg,"Score: 95, Severity: critical, Rules: 1",6a27dc1efa506717
2026-01-16T16:20:36.656312Z,Rule Firing,1abe3ae.jpg,"Score: 95, Severity: critical, Rules: 1",8f709357b3f6717d
2026-01-16T16:20:36.656312Z,Rule Firing,1ac683b.jpg,"Score: 95, Severity: critical, Rules: 1",8c5c3f2a43acdb5b
2026-01-16T16:20:36.656312Z,Rule Firing,1acc523.jpg,"Score: 95, Severity: critical, Rules: 1",ff5b1ced0f8c79d6
2026-01-16T16:20:36.658318Z,Rule Firing,1acf743.jpg,"Score: 95, Severity: critical, Rules: 1",f92316695a13e72e
2026-01-16T16:20:36.685526Z,Rule Firing,1ae1f2b.jpg,"Score: 95, Severity: critical, Rules: 1",7d00226cca6c3f8c
2026-01-16T16:20:36.687533Z,Rule Firing,1ae7a8d.jpg,"Score: 95, Severity: critical, Rules: 1",cc64b5e151a87335
2026-01-16T16:20:36.687533Z,Rule Firing,1b139d7.jpg,"Score: 95, Severity: critical, Rules: 1",8fc7b00b78ea894a
2026-01-16T16:20:36.687533Z,Rule Firing,1b22217.jpg,"Score: 95, Severity: critical, Rules: 1",ed787c160ae80688
2026-01-16T16:20:36.687533Z,Rule Firing,1b61ec1.jpg,"Score: 95, Severity: critical, Rules: 1",8d690c14e5606f4c
2026-01-16T16:20:36.689538Z,Rule Firing,1b77d91.jpg,"Score: 95, Severity: critical, Rules: 1",b98d0be93c4a7b7f
2026-01-16T16:20:36.689538Z,Rule Firing,1b81a29.jpg,"Score: 95, Severity: critical, Rules: 1",7a18d4a712e5938d
2026-01-16T16:20:36.689538Z,Rule Firing,1b840eb.jpg,"Score: 95, Severity: critical, Rules: 1",943e9d91d22dfcbe
2026-01-16T16:20:36.689538Z,Rule Firing,1b8676b.jpg,"Score: 95, Severity: critical, Rules: 1",9e734d958cfd63fd
2026-01-16T16:20:36.691544Z,Rule Firing,1b87e81.jpg,"Score: 95, Severity: critical, Rules: 1",9537d4f8c6f1c5f5
2026-01-16T16:20:36.717714Z,Rule Firing,1b88e75.jpg,"Score: 95, Severity: critical, Rules: 1",aef2851800d5bdb1
2026-01-16T16:20:36.717714Z,Rule Firing,1b950ec.jpg,"Score: 95, Severity: critical, Rules: 1",b611367a430196e4
2026-01-16T16:20:36.719720Z,Rule Firing,1bc7b31.jpg,"Score: 95, Severity: critical, Rules: 1",7feb68188056f1c4
2026-01-16T16:20:36.719720Z,Rule Firing,1bd851d.jpg,"Score: 95, Severity: critical, Rules: 1",7efb03ca4a775c1c
2026-01-16T16:20:36.719720Z,Rule Firing,1be3871.jpg,"Score: 95, Severity: critical, Rules: 1",91afb32a4e0a31e3
2026-01-16T16:20:36.719720Z,Rule Firing,1bee985.jpg,"Score: 95, Severity: critical, Rules: 1",e085206ec2098baf
2026-01-16T16:20:36.719720Z,Rule Firing,1bf0095.jpg,"Score: 95, Severity: critical, Rules: 1",e696dd57e55cb7f8
2026-01-16T16:20:36.719720Z,Rule Firing,1bf2559.jpg,"Score: 95, Severity: critical, Rules: 1",0e9f44bbd24676b8
2026-01-16T16:20:36.719720Z,Rule Firing,1bfb3f3.jpg,"Score: 95, Severity: critical, Rules: 1",68ad0834702eebc3
2026-01-16T16:20:36.719720Z,Rule Firing,1c01241.jpg,"Score: 95, Severity: critical, Rules: 1",001f772a35170161
2026-01-16T16:20:36.749418Z,Rule Firing,1c0551d.jpg,"Score: 95, Severity: critical, Rules: 1",cdc05b170a774de0
2026-01-16T16:20:36.749418Z,Rule Firing,1c061c0.jpg,"Score: 95, Severity: critical, Rules: 1",25c3106770f8c888
2026-01-16T16:20:36.749418Z,Rule Firing,1c34365.jpg,"Score: 95, Severity: critical, Rules: 1",cc8dfa9f4ab683f7
2026-01-16T16:20:36.749418Z,Rule Firing,1c36495.jpg,"Score: 95, Severity: critical, Rules: 1",0a9cd3b354234113
2026-01-16T16:20:36.749418Z,Rule Firing,1c39475.jpg,"Score: 95, Severity: critical, Rules: 1",fbb2301a1172e438
2026-01-16T16:20:36.749418Z,Rule Firing,1c398e9.jpg,"Score: 95, Severity: critical, Rules: 1",ce37230f504e760a
2026-01-16T16:20:36.754379Z,Rule Firing,1c3abfd.jpg,"Score: 95, Severity: critical, Rules: 1",65003a994b15a728
2026-01-16T16:20:36.754379Z,Rule Firing,1c3b5d7.jpg,"Score: 95, Severity: critical, Rules: 1",a9b12226c5c5119a
2026-01-16T16:20:36.754379Z,Rule Firing,1c3b9e7.jpg,"Score: 95, Severity: critical, Rules: 1",b182c9eceee2f78c
2026-01-16T16:20:36.754379Z,Rule Firing,1c3bc21.jpg,"Score: 95, Severity: critical, Rules: 1",172344e3d57922d4
2026-01-16T16:20:36.781605Z,Rule Firing,1c3ca07.jpg,"Score: 95, Severity: critical, Rules: 1",b29f672161f8674b
2026-01-16T16:20:36.781605Z,Rule Firing,1c3df49.jpg,"Score: 95, Severity: critical, Rules: 1",820a3544efca91ce
2026-01-16T16:20:36.784485Z,Rule Firing,1c3e3c9.jpg,"Score: 95, Severity: critical, Rules: 1",c7176678f80e8feb
2026-01-16T16:20:36.784485Z,Rule Firing,1c5c64.jpg,"Score: 95, Severity: critical, Rules: 1",9f6ca90b26e94218
2026-01-16T16:20:36.784485Z,Rule Firing,1c63d.pdf,"Score: 95, Severity: critical, Rules: 1",2f40a308390e6f1f
2026-01-16T16:20:36.784485Z,Rule Firing,1c667bb.jpg,"Score: 95, Severity: critical, Rules: 1",39268d0f6eef9441
2026-01-16T16:20:36.784485Z,Rule Firing,1c7bfe7.jpg,"Score: 95, Severity: critical, Rules: 1",daa6e39091ff150f
2026-01-16T16:20:36.784485Z,Rule Firing,1c7c9f5.jpg,"Score: 95, Severity: critical, Rules: 1",b3854e39be745c63
2026-01-16T16:20:36.784485Z,Rule Firing,1c7de6a.jpg,"Score: 95, Severity: critical, Rules: 1",dff44409c505e2cd
2026-01-16T16:20:36.784485Z,Rule Firing,1c7e799.jpg,"Score: 95, Severity: critical, Rules: 1",9dcfc3d3e4f7c513
2026-01-16T16:20:36.816093Z,Rule Firing,1c7f74f.jpg,"Score: 95, Severity: critical, Rules: 1",412cd0285afc2071
2026-01-16T16:20:36.816093Z,Rule Firing,1c888a5.jpg,"Score: 95, Severity: critical, Rules: 1",c448ccff59131f48
2026-01-16T16:20:36.816093Z,Rule Firing,1c8ee37.jpg,"Score: 95, Severity: critical, Rules: 1",6509c28fe6158cc0
2026-01-16T16:20:36.816093Z,Rule Firing,1c96c75.jpg,"Score: 95, Severity: critical, Rules: 1",5a6fcf9e8c41c1fe
2026-01-16T16:20:36.816093Z,Rule Firing,1c9a425.jpg,"Score: 95, Severity: critical, Rules: 1",3043ee3052af37ba
2026-01-16T16:20:36.816093Z,Rule Firing,1c9a5a9.jpg,"Score: 95, Severity: critical, Rules: 1",25f96d171093dd6a
2026-01-16T16:20:36.816093Z,Rule Firing,1c9b4e9.jpg,"Score: 95, Severity: critical, Rules: 1",6fd9f4c999dde3fe
2026-01-16T16:20:36.816093Z,Rule Firing,1c9b811.jpg,"Score: 95, Severity: critical, Rules: 1",53d3a05ce59f8ea8
2026-01-16T16:20:36.816093Z,Rule Firing,1ce57b7.jpg,"Score: 95, Severity: critical, Rules: 1",4f4ce1d22bf33bbc
2026-01-16T16:20:36.816093Z,Rule Firing,1cf2f65.jpg,"Score: 95, Severity: critical, Rules: 1",d353ae7333ca7129
2026-01-16T16:20:36.845648Z,Rule Firing,1cf358b.jpg,"Score: 95, Severity: critical, Rules: 1",3164cdb0f9527a99
2026-01-16T16:20:36.845648Z,Rule Firing,1cf5ca7.jpg,"Score: 95, Severity: critical, Rules: 1",6d5e892f29f720d5
2026-01-16T16:20:36.845648Z,Rule Firing,1d0b8cf.jpg,"Score: 95, Severity: critical, Rules: 1",0453bdd2ca87ccc8
2026-01-16T16:20:36.854482Z,Rule Firing,1d67440.jpg,"Score: 95, Severity: critical, Rules: 1",0e810d0c27d574b0
2026-01-16T16:20:36.854482Z,Rule Firing,1d8bcb7.jpg,"Score: 95, Severity: critical, Rules: 1",b1e49a17bb0afbd3
2026-01-16T16:20:36.854482Z,Rule Firing,1db3e5c.jpg,"Score: 95, Severity: critical, Rules: 1",31c546eec8743c7a
2026-01-16T16:20:36.854482Z,Rule Firing,1dbf345.jpg,"Score: 95, Severity: critical, Rules: 1",0af360a04b0cc39c
2026-01-16T16:20:36.854482Z,Rule Firing,1dc2bbf.jpg,"Score: 95, Severity: critical, Rules: 1",c4717816ae0f2ec8
2026-01-16T16:20:36.854482Z,Rule Firing,1dd666a.jpg,"Score: 95, Severity: critical, Rules: 1",0fbf5719074d8e6c
2026-01-16T16:20:36.854482Z,Rule Firing,1dd957c.jpg,"Score: 95, Severity: critical, Rules: 1",841db99f71e177e2
2026-01-16T16:20:36.884540Z,Rule Firing,1de6462.jpg,"Score: 95, Severity: critical, Rules: 1",0d03df3294d5f5a2
2026-01-16T16:20:36.884540Z,Rule Firing,1dfa52d.jpg,"Score: 95, Severity: critical, Rules: 1",6505c44522cec21b
2026-01-16T16:20:36.884540Z,Rule Firing,1dfc05d.jpg,"Score: 95, Severity: critical, Rules: 1",a9067d0de8b503f6
2026-01-16T16:20:36.884540Z,Rule Firing,1dfc705.jpg,"Score: 95, Severity: critical, Rules: 1",6c3faf082e52fb75
2026-01-16T16:20:36.884540Z,Rule Firing,1dfca05.jpg,"Score: 95, Severity: critical, Rules: 1",d00ffd634126a84d
2026-01-16T16:20:36.884540Z,Rule Firing,1dfca81.jpg,"Score: 95, Severity: critical, Rules: 1",3b08ed4026cd98ce
2026-01-16T16:20:36.884540Z,Rule Firing,1dfe5d7.jpg,"Score: 95, Severity: critical, Rules: 1",6fb80ea93cb4f929
2026-01-16T16:20:36.884540Z,Rule Firing,1e04fd7.jpg,"Score: 95, Severity: critical, Rules: 1",dc689afef67fc0bf
2026-01-16T16:20:36.884540Z,Rule Firing,1e055a7.jpg,"Score: 95, Severity: critical, Rules: 1",dcd8b2d90074850e
2026-01-16T16:20:36.884540Z,Rule Firing,1e272e1.jpg,"Score: 95, Severity: critical, Rules: 1",f350a5dcb001a445
2026-01-16T16:20:36.914402Z,Rule Firing,1e4a965.jpg,"Score: 95, Severity: critical, Rules: 1",f14d8ee7e659e79c
2026-01-16T16:20:36.914402Z,Rule Firing,1e50914.jpg,"Score: 95, Severity: critical, Rules: 1",d7f284debcf9f785
2026-01-16T16:20:36.914402Z,Rule Firing,1e52987.jpg,"Score: 95, Severity: critical, Rules: 1",5a2f5049f7f3e4ca
2026-01-16T16:20:36.914402Z,Rule Firing,1e54967.jpg,"Score: 95, Severity: critical, Rules: 1",e8ebabefd00ef90a
2026-01-16T16:20:36.914402Z,Rule Firing,1e5f111.jpg,"Score: 95, Severity: critical, Rules: 1",95a6c94ae3608fbf
2026-01-16T16:20:36.914402Z,Rule Firing,1e7080b.jpg,"Score: 95, Severity: critical, Rules: 1",cfb02297626bcdc5
2026-01-16T16:20:36.914402Z,Rule Firing,1e74977.jpg,"Score: 95, Severity: critical, Rules: 1",34e5b54fd112d6f6
2026-01-16T16:20:36.914402Z,Rule Firing,1e99963.jpg,"Score: 95, Severity: critical, Rules: 1",29b891dd6f5d3006
2026-01-16T16:20:36.914402Z,Rule Firing,1ea99bb.jpg,"Score: 95, Severity: critical, Rules: 1",f210605839d1bec4
2026-01-16T16:20:36.924791Z,Rule Firing,1eadeab.jpg,"Score: 95, Severity: critical, Rules: 1",2573b3c258dccdc5
2026-01-16T16:20:36.958473Z,Rule Firing,1ec1985.jpg,"Score: 95, Severity: critical, Rules: 1",40d9cf64ed1a9a3e
2026-01-16T16:20:36.961590Z,Rule Firing,1ef06c9.jpg,"Score: 95, Severity: critical, Rules: 1",7754c10318af40fa
2026-01-16T16:20:36.961590Z,Rule Firing,1f14a8f.jpg,"Score: 95, Severity: critical, Rules: 1",b21608ace79f0453
2026-01-16T16:20:36.961590Z,Rule Firing,1f170e3.jpg,"Score: 95, Severity: critical, Rules: 1",65262bc6c0bab20e
2026-01-16T16:20:36.964507Z,Rule Firing,1f18447.jpg,"Score: 95, Severity: critical, Rules: 1",f762a7c590f8c3d6
2026-01-16T16:20:36.964507Z,Rule Firing,1f28a49.jpg,"Score: 95, Severity: critical, Rules: 1",14b9731683905263
2026-01-16T16:20:36.964507Z,Rule Firing,1f312a3.jpg,"Score: 95, Severity: critical, Rules: 1",ca0c4710ef5ed985
2026-01-16T16:20:36.964507Z,Rule Firing,1f40c1e.jpg,"Score: 95, Severity: critical, Rules: 1",c6ad0a17c8d759ac
2026-01-16T16:20:36.964507Z,Rule Firing,1f494ab.jpg,"Score: 95, Severity: critical, Rules: 1",83d91146c66de675
2026-01-16T16:20:36.964507Z,Rule Firing,1f54a0d.jpg,"Score: 95, Severity: critical, Rules: 1",57e5d96531d53f45
2026-01-16T16:20:37.010293Z,Rule Firing,1f56cea.jpg,"Score: 95, Severity: critical, Rules: 1",e640ad08c15ee7a9
2026-01-16T16:20:37.010293Z,Rule Firing,1f65f0f.jpg,"Score: 95, Severity: critical, Rules: 1",65a172182aed6e6b
2026-01-16T16:20:37.012298Z,Rule Firing,1f6c283.jpg,"Score: 95, Severity: critical, Rules: 1",3dc7d031169f4888
2026-01-16T16:20:37.012298Z,Rule Firing,1f6f687.jpg,"Score: 95, Severity: critical, Rules: 1",bf1b7548c243871f
2026-01-16T16:20:37.014305Z,Rule Firing,1f759a9.jpg,"Score: 95, Severity: critical, Rules: 1",9475007622488a55
2026-01-16T16:20:37.014305Z,Rule Firing,1f77243.jpg,"Score: 95, Severity: critical, Rules: 1",69b1bc0f3c8db572
2026-01-16T16:20:37.016166Z,Rule Firing,1f81b4f.jpg,"Score: 95, Severity: critical, Rules: 1",7d37a1b4f7c679cb
2026-01-16T16:20:37.017207Z,Rule Firing,1f86c81.jpg,"Score: 95, Severity: critical, Rules: 1",69c890b39a03ccfc
2026-01-16T16:20:37.017207Z,Rule Firing,1f9d4ad.jpg,"Score: 95, Severity: critical, Rules: 1",fdc07dc15cb14158
2026-01-16T16:20:37.019015Z,Rule Firing,1fa9cc0.jpg,"Score: 95, Severity: critical, Rules: 1",f07d87b43b195572
2026-01-16T16:20:37.054679Z,Rule Firing,1fba846.jpg,"Score: 95, Severity: critical, Rules: 1",b5189ffa57e5d71f
2026-01-16T16:20:37.054679Z,Rule Firing,1fc294f.jpg,"Score: 95, Severity: critical, Rules: 1",5cb196c6c9f63f4f
2026-01-16T16:20:37.054679Z,Rule Firing,1fc3a51.jpg,"Score: 95, Severity: critical, Rules: 1",b33325d99ed7dfc7
2026-01-16T16:20:37.054679Z,Rule Firing,1fcc5d1.jpg,"Score: 95, Severity: critical, Rules: 1",beebc0a047784363
2026-01-16T16:20:37.054679Z,Rule Firing,20047b8.jpg,"Score: 95, Severity: critical, Rules: 1",456a288b3f2f6a61
2026-01-16T16:20:37.054679Z,Rule Firing,200ecd7.jpg,"Score: 95, Severity: critical, Rules: 1",eba0b6f8edb1baaa
2026-01-16T16:20:37.054679Z,Rule Firing,201c5af.jpg,"Score: 95, Severity: critical, Rules: 1",60fd2e3e8f409ef1
2026-01-16T16:20:37.064414Z,Rule Firing,2020779.jpg,"Score: 95, Severity: critical, Rules: 1",fabcea35c41cb1d1
2026-01-16T16:20:37.064414Z,Rule Firing,20266f0.jpg,"Score: 95, Severity: critical, Rules: 1",a4db5df403ba90e4
2026-01-16T16:20:37.064414Z,Rule Firing,202801b.jpg,"Score: 95, Severity: critical, Rules: 1",be79c147a7f8c665
2026-01-16T16:20:37.097781Z,Rule Firing,206dce2.jpg,"Score: 95, Severity: critical, Rules: 1",231cb350fd30e32b
2026-01-16T16:20:37.097781Z,Rule Firing,206eef2.jpg,"Score: 95, Severity: critical, Rules: 1",277f30eeb47ac49c
2026-01-16T16:20:37.097781Z,Rule Firing,2078735.jpg,"Score: 95, Severity: critical, Rules: 1",c45e81266352e854
2026-01-16T16:20:37.097781Z,Rule Firing,207caf7.jpg,"Score: 95, Severity: critical, Rules: 1",0a4daa7378942755
2026-01-16T16:20:37.097781Z,Rule Firing,2082cd7.jpg,"Score: 95, Severity: critical, Rules: 1",98e07717cdb4407b
2026-01-16T16:20:37.097781Z,Rule Firing,2083b81.jpg,"Score: 95, Severity: critical, Rules: 1",0c97ca7752ed5413
2026-01-16T16:20:37.097781Z,Rule Firing,20922a9.jpg,"Score: 95, Severity: critical, Rules: 1",24addcf72336ec2c
2026-01-16T16:20:37.097781Z,Rule Firing,209d6b2.jpg,"Score: 95, Severity: critical, Rules: 1",8915c5ac1035ebcf
2026-01-16T16:20:37.097781Z,Rule Firing,209f2f6.jpg,"Score: 95, Severity: critical, Rules: 1",38db0b90ae59fc20
2026-01-16T16:20:37.104446Z,Rule Firing,20be4f5.jpg,"Score: 95, Severity: critical, Rules: 1",4f813ab059bd04d1
2026-01-16T16:20:37.134337Z,Rule Firing,20c23ed.jpg,"Score: 95, Severity: critical, Rules: 1",f8bfb306042079b7
2026-01-16T16:20:37.134337Z,Rule Firing,20c3216.jpg,"Score: 95, Severity: critical, Rules: 1",fe63db4830720510
2026-01-16T16:20:37.134337Z,Rule Firing,20ca5a7.jpg,"Score: 95, Severity: critical, Rules: 1",0d34134fdef34541
2026-01-16T16:20:37.134337Z,Rule Firing,20cba1f.jpg,"Score: 95, Severity: critical, Rules: 1",1ee1b067df2138e3
2026-01-16T16:20:37.134337Z,Rule Firing,20d1454.jpg,"Score: 95, Severity: critical, Rules: 1",bd47cfc480b863a2
2026-01-16T16:20:37.134337Z,Rule Firing,20d47c3.jpg,"Score: 95, Severity: critical, Rules: 1",b784f221e99eb3c2
2026-01-16T16:20:37.134337Z,Rule Firing,20d935a.jpg,"Score: 95, Severity: critical, Rules: 1",020b34acfeb86a5b
2026-01-16T16:20:37.134337Z,Rule Firing,20dc3d8.jpg,"Score: 95, Severity: critical, Rules: 1",99f68a1802663115
2026-01-16T16:20:37.134337Z,Rule Firing,20df6b5.jpg,"Score: 95, Severity: critical, Rules: 1",f7afe0b61c0337d3
2026-01-16T16:20:37.134337Z,Rule Firing,20e1973.jpg,"Score: 95, Severity: critical, Rules: 1",a946c9b407ed35b0
2026-01-16T16:20:37.164630Z,Rule Firing,20ebad5.jpg,"Score: 95, Severity: critical, Rules: 1",cd5b38974c340fbd
2026-01-16T16:20:37.164630Z,Rule Firing,20f38f2.jpg,"Score: 95, Severity: critical, Rules: 1",83f609533919dba1
2026-01-16T16:20:37.174256Z,Rule Firing,20fbab4.jpg,"Score: 95, Severity: critical, Rules: 1",67a8d9846850b195
2026-01-16T16:20:37.174256Z,Rule Firing,20fde0.jpg,"Score: 95, Severity: critical, Rules: 1",e0d137d4b47d88bd
2026-01-16T16:20:37.174256Z,Rule Firing,21061a7.jpg,"Score: 95, Severity: critical, Rules: 1",13523a6cfae881c4
2026-01-16T16:20:37.174256Z,Rule Firing,21076ad.jpg,"Score: 95, Severity: critical, Rules: 1",5273136a2866984d
2026-01-16T16:20:37.176289Z,Rule Firing,2108dc4.jpg,"Score: 95, Severity: critical, Rules: 1",ddf04378dde72799
2026-01-16T16:20:37.176289Z,Rule Firing,211deb3.jpg,"Score: 95, Severity: critical, Rules: 1",5d09eaf5dd98f419
2026-01-16T16:20:37.176289Z,Rule Firing,2121438.jpg,"Score: 95, Severity: critical, Rules: 1",baf28d51416e227a
2026-01-16T16:20:37.176289Z,Rule Firing,213cc43.jpg,"Score: 95, Severity: critical, Rules: 1",c7e05ab9c66d4bd4
2026-01-16T16:20:37.208411Z,Rule Firing,213fadc.jpg,"Score: 95, Severity: critical, Rules: 1",673d83b7633b3742
2026-01-16T16:20:37.208411Z,Rule Firing,2141dcb.jpg,"Score: 95, Severity: critical, Rules: 1",86e6d9df05b9d65c
2026-01-16T16:20:37.208411Z,Rule Firing,21491df.jpg,"Score: 95, Severity: critical, Rules: 1",27d9bbf2633a04fe
2026-01-16T16:20:37.211888Z,Rule Firing,214c13a.jpg,"Score: 95, Severity: critical, Rules: 1",e163eee753aa3255
2026-01-16T16:20:37.211888Z,Rule Firing,214f147.jpg,"Score: 95, Severity: critical, Rules: 1",77d156ccc931dbf7
2026-01-16T16:20:37.211888Z,Rule Firing,2155528.jpg,"Score: 95, Severity: critical, Rules: 1",4c90d05548a82c6a
2026-01-16T16:20:37.214380Z,Rule Firing,21585d9.jpg,"Score: 95, Severity: critical, Rules: 1",c969bc7c93e56d2d
2026-01-16T16:20:37.214380Z,Rule Firing,215a3ae.jpg,"Score: 95, Severity: critical, Rules: 1",f143714069c74070
2026-01-16T16:20:37.214380Z,Rule Firing,2161370.jpg,"Score: 95, Severity: critical, Rules: 1",cf4c87e9cbcc8592
2026-01-16T16:20:37.214380Z,Rule Firing,2163629.jpg,"Score: 95, Severity: critical, Rules: 1",7efef9c7421d186a
2026-01-16T16:20:37.248461Z,Rule Firing,216562c.jpg,"Score: 95, Severity: critical, Rules: 1",8e4bf1e26940e250
2026-01-16T16:20:37.250475Z,Rule Firing,216b68c.jpg,"Score: 95, Severity: critical, Rules: 1",f0657897084483cc
2026-01-16T16:20:37.250475Z,Rule Firing,21779aa.jpg,"Score: 95, Severity: critical, Rules: 1",6b448d38b3b9755a
2026-01-16T16:20:37.252488Z,Rule Firing,218c989.jpg,"Score: 95, Severity: critical, Rules: 1",d73c28893e7d6967
2026-01-16T16:20:37.252488Z,Rule Firing,218f921.jpg,"Score: 95, Severity: critical, Rules: 1",99e3e2acb292e9b9
2026-01-16T16:20:37.252488Z,Rule Firing,2191ab9.jpg,"Score: 95, Severity: critical, Rules: 1",4127e39dfa260cf1
2026-01-16T16:20:37.254511Z,Rule Firing,219d0c0.jpg,"Score: 95, Severity: critical, Rules: 1",a339b67bfe536f29
2026-01-16T16:20:37.254511Z,Rule Firing,21b3cef.jpg,"Score: 95, Severity: critical, Rules: 1",bd5fd376a11954db
2026-01-16T16:20:37.256276Z,Rule Firing,21d6016.jpg,"Score: 95, Severity: critical, Rules: 1",5cbe5331d64534ac
2026-01-16T16:20:37.256276Z,Rule Firing,21f44a2.jpg,"Score: 95, Severity: critical, Rules: 1",7c6fc4beffba034b
2026-01-16T16:20:37.288266Z,Rule Firing,2209c9c.jpg,"Score: 95, Severity: critical, Rules: 1",19f74a5327501634
2026-01-16T16:20:37.288266Z,Rule Firing,221108.jpg,"Score: 95, Severity: critical, Rules: 1",ea20b2e6cd965640
2026-01-16T16:20:37.291011Z,Rule Firing,222fca8.jpg,"Score: 95, Severity: critical, Rules: 1",1cd80fdbc8d5eb84
2026-01-16T16:20:37.291011Z,Rule Firing,2239beb.jpg,"Score: 95, Severity: critical, Rules: 1",f705473cf7cb956d
2026-01-16T16:20:37.291011Z,Rule Firing,223b3c5.jpg,"Score: 95, Severity: critical, Rules: 1",c7cc0a8a49016320
2026-01-16T16:20:37.293018Z,Rule Firing,22403c9.jpg,"Score: 95, Severity: critical, Rules: 1",fdc1d721c47cfa7e
2026-01-16T16:20:37.293018Z,Rule Firing,2240af5.jpg,"Score: 95, Severity: critical, Rules: 1",637795d74781eddb
2026-01-16T16:20:37.294525Z,Rule Firing,2240e53.jpg,"Score: 95, Severity: critical, Rules: 1",4ab90821f9e58f7a
2026-01-16T16:20:37.294525Z,Rule Firing,2241208.jpg,"Score: 95, Severity: critical, Rules: 1",4c90167bfb149559
2026-01-16T16:20:37.294525Z,Rule Firing,2244ee1.jpg,"Score: 95, Severity: critical, Rules: 1",aecb9cea8d09a184
2026-01-16T16:20:37.326500Z,Rule Firing,22455dc.jpg,"Score: 95, Severity: critical, Rules: 1",fb9939c4e53e0b0b
2026-01-16T16:20:37.326500Z,Rule Firing,2245c95.jpg,"Score: 95, Severity: critical, Rules: 1",502247951732e56a
2026-01-16T16:20:37.326500Z,Rule Firing,22485ab.jpg,"Score: 95, Severity: critical, Rules: 1",c6e48bd2774b80d5
2026-01-16T16:20:37.326500Z,Rule Firing,224a8ac.jpg,"Score: 95, Severity: critical, Rules: 1",8c9e3f2f3e58602c
2026-01-16T16:20:37.326500Z,Rule Firing,2254fdb.jpg,"Score: 95, Severity: critical, Rules: 1",b1f858e69efa8fcd
2026-01-16T16:20:37.332059Z,Rule Firing,2258c7e.jpg,"Score: 95, Severity: critical, Rules: 1",707f8102b6837613
2026-01-16T16:20:37.332059Z,Rule Firing,225f0a3.jpg,"Score: 95, Severity: critical, Rules: 1",96d2d0f12a159c83
2026-01-16T16:20:37.332059Z,Rule Firing,227dadb.jpg,"Score: 95, Severity: critical, Rules: 1",63ebea1c76aaaef8
2026-01-16T16:20:37.332059Z,Rule Firing,2288d7e.jpg,"Score: 95, Severity: critical, Rules: 1",8cce797b18b593b2
2026-01-16T16:20:37.334580Z,Rule Firing,22a5686.jpg,"Score: 95, Severity: critical, Rules: 1",969e7962d9ae7f38
2026-01-16T16:20:37.368227Z,Rule Firing,22aed3d.jpg,"Score: 95, Severity: critical, Rules: 1",6b6afc85883154cb
2026-01-16T16:20:37.368227Z,Rule Firing,22affa7.jpg,"Score: 95, Severity: critical, Rules: 1",9bf65b1c311a4f5d
2026-01-16T16:20:37.368227Z,Rule Firing,22ca733.jpg,"Score: 95, Severity: critical, Rules: 1",cee50ac4f18762fd
2026-01-16T16:20:37.368227Z,Rule Firing,22cd364.jpg,"Score: 95, Severity: critical, Rules: 1",1213920a550c3d7d
2026-01-16T16:20:37.368227Z,Rule Firing,22fb609.jpg,"Score: 95, Severity: critical, Rules: 1",c1ba764a9edd5aa0
2026-01-16T16:20:37.368227Z,Rule Firing,23066f5.jpg,"Score: 95, Severity: critical, Rules: 1",e15329054cdfcb2e
2026-01-16T16:20:37.374402Z,Rule Firing,230e839.jpg,"Score: 95, Severity: critical, Rules: 1",b705f416fc34f8fb
2026-01-16T16:20:37.374402Z,Rule Firing,231ddc8.jpg,"Score: 95, Severity: critical, Rules: 1",63bc1cc54a04d552
2026-01-16T16:20:37.374402Z,Rule Firing,2327665.jpg,"Score: 95, Severity: critical, Rules: 1",a7f76839fe747b49
2026-01-16T16:20:37.374402Z,Rule Firing,235f1c8.jpg,"Score: 95, Severity: critical, Rules: 1",f96f8cbb0e54eb49
2026-01-16T16:20:37.408623Z,Rule Firing,236c2d2.jpg,"Score: 95, Severity: critical, Rules: 1",a1fabf0f3d2d2eae
2026-01-16T16:20:37.408623Z,Rule Firing,237264d.jpg,"Score: 95, Severity: critical, Rules: 1",caabb621e9681cc2
2026-01-16T16:20:37.408623Z,Rule Firing,2392267.jpg,"Score: 95, Severity: critical, Rules: 1",b79af315d6221498
2026-01-16T16:20:37.408623Z,Rule Firing,239d2c5.jpg,"Score: 95, Severity: critical, Rules: 1",0da520d28987fcc4
2026-01-16T16:20:37.414443Z,Rule Firing,239eb4c.jpg,"Score: 95, Severity: critical, Rules: 1",70539c080550db6d
2026-01-16T16:20:37.414443Z,Rule Firing,23a13e0.jpg,"Score: 95, Severity: critical, Rules: 1",e9242db9a79e9bf6
2026-01-16T16:20:37.416011Z,Rule Firing,23aab44.jpg,"Score: 95, Severity: critical, Rules: 1",c1e9eb1b435a959f
2026-01-16T16:20:37.416011Z,Rule Firing,23d1c65.jpg,"Score: 95, Severity: critical, Rules: 1",b22af030467d6376
2026-01-16T16:20:37.418216Z,Rule Firing,23d8eb0.jpg,"Score: 95, Severity: critical, Rules: 1",eabd6296e8bb8ce1
2026-01-16T16:20:37.418216Z,Rule Firing,23f5949.jpg,"Score: 95, Severity: critical, Rules: 1",a49881dc5f24fccc
2026-01-16T16:20:37.450271Z,Rule Firing,23f6201.jpg,"Score: 95, Severity: critical, Rules: 1",5db65952be56ec4c
2026-01-16T16:20:37.450271Z,Rule Firing,240227b.jpg,"Score: 95, Severity: critical, Rules: 1",0c9983a7ba2a3966
2026-01-16T16:20:37.450271Z,Rule Firing,241f282.jpg,"Score: 95, Severity: critical, Rules: 1",2ccb386f655d3ba6
2026-01-16T16:20:37.454523Z,Rule Firing,24229c0.jpg,"Score: 95, Severity: critical, Rules: 1",5d86722a495d11df
2026-01-16T16:20:37.454523Z,Rule Firing,2432538.jpg,"Score: 95, Severity: critical, Rules: 1",74149cd557e9f003
2026-01-16T16:20:37.454523Z,Rule Firing,247bc49.jpg,"Score: 95, Severity: critical, Rules: 1",ea1ad01820d03bcf
2026-01-16T16:20:37.454523Z,Rule Firing,24976a9.jpg,"Score: 95, Severity: critical, Rules: 1",5267bcff43cbd980
2026-01-16T16:20:37.454523Z,Rule Firing,249a659.jpg,"Score: 95, Severity: critical, Rules: 1",a9c52cf4e5b89ac6
2026-01-16T16:20:37.454523Z,Rule Firing,24a0e1f.jpg,"Score: 95, Severity: critical, Rules: 1",93f0f366684a1eea
2026-01-16T16:20:37.460737Z,Rule Firing,24a8f07.pdf,"Score: 95, Severity: critical, Rules: 1",e5d463a70ed51d9d
2026-01-16T16:20:37.494359Z,Rule Firing,24bd19d.jpg,"Score: 95, Severity: critical, Rules: 1",73eec88e087dfbcd
2026-01-16T16:20:37.494359Z,Rule Firing,24d8864.jpg,"Score: 95, Severity: critical, Rules: 1",2da22b430dbe442e
2026-01-16T16:20:37.496115Z,Rule Firing,24f44dc.jpg,"Score: 95, Severity: critical, Rules: 1",639a276c1bf04e80
2026-01-16T16:20:37.496115Z,Rule Firing,252de40.jpg,"Score: 95, Severity: critical, Rules: 1",a3ceba75bbbf40df
2026-01-16T16:20:37.496115Z,Rule Firing,253006b.jpg,"Score: 95, Severity: critical, Rules: 1",6d425035c7cc2ab6
2026-01-16T16:20:37.496115Z,Rule Firing,2543dab.jpg,"Score: 95, Severity: critical, Rules: 1",c11c8835cdf6a190
2026-01-16T16:20:37.496115Z,Rule Firing,257c73b.jpg,"Score: 95, Severity: critical, Rules: 1",3f9dc6fa9bd53ea9
2026-01-16T16:20:37.496115Z,Rule Firing,257ed60.jpg,"Score: 95, Severity: critical, Rules: 1",2d56f4fc0d7f3304
2026-01-16T16:20:37.496115Z,Rule Firing,257f397.jpg,"Score: 95, Severity: critical, Rules: 1",6162361ebd37abd3
2026-01-16T16:20:37.496115Z,Rule Firing,257fc15.jpg,"Score: 95, Severity: critical, Rules: 1",6be737fdf029d72a
2026-01-16T16:20:37.527888Z,Rule Firing,25813a.jpg,"Score: 95, Severity: critical, Rules: 1",0843ff6d0c8bdb9c
2026-01-16T16:20:37.527888Z,Rule Firing,25850e2.jpg,"Score: 95, Severity: critical, Rules: 1",b93336f719b49589
2026-01-16T16:20:37.532455Z,Rule Firing,259be49.jpg,"Score: 95, Severity: critical, Rules: 1",fa5c73d26c438e05
2026-01-16T16:20:37.532455Z,Rule Firing,259d411.jpg,"Score: 95, Severity: critical, Rules: 1",e45ce8701c87b0ff
2026-01-16T16:20:37.532455Z,Rule Firing,259f537.jpg,"Score: 95, Severity: critical, Rules: 1",454192c33b8ffe6c
2026-01-16T16:20:37.532455Z,Rule Firing,25a6ee.jpg,"Score: 95, Severity: critical, Rules: 1",ef994748a42d1083
2026-01-16T16:20:37.534531Z,Rule Firing,25ac582.jpg,"Score: 95, Severity: critical, Rules: 1",3facfec981de322d
2026-01-16T16:20:37.534531Z,Rule Firing,25adc5f.jpg,"Score: 95, Severity: critical, Rules: 1",c4855c2fdc009b08
2026-01-16T16:20:37.534531Z,Rule Firing,25bcac4.jpg,"Score: 95, Severity: critical, Rules: 1",24dabf11c8904762
2026-01-16T16:20:37.534531Z,Rule Firing,25d64.jpg,"Score: 95, Severity: critical, Rules: 1",834906be92e813a4
2026-01-16T16:20:37.564682Z,Rule Firing,25d742f.jpg,"Score: 95, Severity: critical, Rules: 1",71964a082a5983ed
2026-01-16T16:20:37.564682Z,Rule Firing,25d9e0d.jpg,"Score: 95, Severity: critical, Rules: 1",93a90547f7fac461
2026-01-16T16:20:37.564682Z,Rule Firing,25dbc8d.jpg,"Score: 95, Severity: critical, Rules: 1",a2ec26d785c32d50
2026-01-16T16:20:37.564682Z,Rule Firing,25e2e23.jpg,"Score: 95, Severity: critical, Rules: 1",67ed7548a2594e44
2026-01-16T16:20:37.564682Z,Rule Firing,25e32fb.jpg,"Score: 95, Severity: critical, Rules: 1",61b05da2491a3c21
2026-01-16T16:20:37.574574Z,Rule Firing,25e3e43.jpg,"Score: 95, Severity: critical, Rules: 1",7d015b4535244487
2026-01-16T16:20:37.575646Z,Rule Firing,25e57bf.jpg,"Score: 95, Severity: critical, Rules: 1",9f58a317d6e62771
2026-01-16T16:20:37.575646Z,Rule Firing,25e5abb.jpg,"Score: 95, Severity: critical, Rules: 1",83cdc0d4819b262d
2026-01-16T16:20:37.575646Z,Rule Firing,25e5c53.jpg,"Score: 95, Severity: critical, Rules: 1",5ae93b77b5e1b043
2026-01-16T16:20:37.575646Z,Rule Firing,25e5f39.jpg,"Score: 95, Severity: critical, Rules: 1",d3d6af1bb3d80e05
2026-01-16T16:20:37.607512Z,Rule Firing,25e61d3.jpg,"Score: 95, Severity: critical, Rules: 1",524fbbea3d2938fb
2026-01-16T16:20:37.607512Z,Rule Firing,25e6623.jpg,"Score: 95, Severity: critical, Rules: 1",e96c8a2ad2c5f18e
2026-01-16T16:20:37.607512Z,Rule Firing,25e66a7.jpg,"Score: 95, Severity: critical, Rules: 1",7a6dcb2c089b36c4
2026-01-16T16:20:37.614620Z,Rule Firing,25e6b67.jpg,"Score: 95, Severity: critical, Rules: 1",ae00515170fbb87d
2026-01-16T16:20:37.614620Z,Rule Firing,25e6cd1.jpg,"Score: 95, Severity: critical, Rules: 1",dec5b9b0ee4283d2
2026-01-16T16:20:37.614620Z,Rule Firing,25e6fa7.jpg,"Score: 95, Severity: critical, Rules: 1",58f18fad5230ab27
2026-01-16T16:20:37.614620Z,Rule Firing,25ea73f.jpg,"Score: 95, Severity: critical, Rules: 1",7f8922f101b32991
2026-01-16T16:20:37.614620Z,Rule Firing,25f5ff.jpg,"Score: 95, Severity: critical, Rules: 1",d784ee9842bc8866
2026-01-16T16:20:37.614620Z,Rule Firing,260db2b.jpg,"Score: 95, Severity: critical, Rules: 1",c2eab66f0450e7ce
2026-01-16T16:20:37.614620Z,Rule Firing,2632d7b.jpg,"Score: 95, Severity: critical, Rules: 1",88aeef2952e87bf1
2026-01-16T16:20:37.654502Z,Rule Firing,2634563.jpg,"Score: 95, Severity: critical, Rules: 1",8fbc61ea728180b3
2026-01-16T16:20:37.654502Z,Rule Firing,26379e3.jpg,"Score: 95, Severity: critical, Rules: 1",ba8a5b1c62b45be7
2026-01-16T16:20:37.659633Z,Rule Firing,26409ab.jpg,"Score: 95, Severity: critical, Rules: 1",dddd576657a5177a
2026-01-16T16:20:37.659633Z,Rule Firing,26411bf.jpg,"Score: 95, Severity: critical, Rules: 1",69fe99a1f2a92795
2026-01-16T16:20:37.659633Z,Rule Firing,2641235.jpg,"Score: 95, Severity: critical, Rules: 1",d7eb0a9d8e8d2a39
2026-01-16T16:20:37.659633Z,Rule Firing,2641377.jpg,"Score: 95, Severity: critical, Rules: 1",a12528d660e4cd57
2026-01-16T16:20:37.659633Z,Rule Firing,264151b.jpg,"Score: 95, Severity: critical, Rules: 1",f10db11b75ab2e8d
2026-01-16T16:20:37.659633Z,Rule Firing,2641655.jpg,"Score: 95, Severity: critical, Rules: 1",a7b9e35ddc2cf0e4
2026-01-16T16:20:37.659633Z,Rule Firing,26417d7.jpg,"Score: 95, Severity: critical, Rules: 1",8808a2a832f953c0
2026-01-16T16:20:37.664448Z,Rule Firing,2641875.jpg,"Score: 95, Severity: critical, Rules: 1",4b1a8ee6e4f9da6e
2026-01-16T16:20:37.694371Z,Rule Firing,26419b1.jpg,"Score: 95, Severity: critical, Rules: 1",fea6df1049c8f007
2026-01-16T16:20:37.694371Z,Rule Firing,2654159.jpg,"Score: 95, Severity: critical, Rules: 1",aaaa3fa6a52c8cfb
2026-01-16T16:20:37.694371Z,Rule Firing,2655317.jpg,"Score: 95, Severity: critical, Rules: 1",13dd6af8ba7eeb37
2026-01-16T16:20:37.694371Z,Rule Firing,2658525.jpg,"Score: 95, Severity: critical, Rules: 1",617186ff35dd4399
2026-01-16T16:20:37.694371Z,Rule Firing,265859d.jpg,"Score: 95, Severity: critical, Rules: 1",b673acd644fc3ab2
2026-01-16T16:20:37.694371Z,Rule Firing,2658b03.jpg,"Score: 95, Severity: critical, Rules: 1",dd92c77807e6bc25
2026-01-16T16:20:37.694371Z,Rule Firing,265968d.jpg,"Score: 95, Severity: critical, Rules: 1",1fbe9e4e5e281c0e
2026-01-16T16:20:37.694371Z,Rule Firing,26599ad.jpg,"Score: 95, Severity: critical, Rules: 1",4d1dd8c57b1b046a
2026-01-16T16:20:37.694371Z,Rule Firing,2659ed3.jpg,"Score: 95, Severity: critical, Rules: 1",34b7e63a587e8306
2026-01-16T16:20:37.694371Z,Rule Firing,2662b59.jpg,"Score: 95, Severity: critical, Rules: 1",536ea4ede02b3dd3
2026-01-16T16:20:37.734845Z,Rule Firing,2673840.jpg,"Score: 95, Severity: critical, Rules: 1",774891ad05146f3b
2026-01-16T16:20:37.734845Z,Rule Firing,267fa43.jpg,"Score: 95, Severity: critical, Rules: 1",62bb2fabec7acf9a
2026-01-16T16:20:37.738639Z,Rule Firing,268feb5.jpg,"Score: 95, Severity: critical, Rules: 1",ac74de165180a56d
2026-01-16T16:20:37.738639Z,Rule Firing,269996b.jpg,"Score: 95, Severity: critical, Rules: 1",a9772305ef9fe8d6
2026-01-16T16:20:37.738639Z,Rule Firing,269bb9f.jpg,"Score: 95, Severity: critical, Rules: 1",87df4b1f1ed14e26
2026-01-16T16:20:37.743049Z,Rule Firing,269c3bb.jpg,"Score: 95, Severity: critical, Rules: 1",7b3ad7153031566a
2026-01-16T16:20:37.744657Z,Rule Firing,269c6b9.jpg,"Score: 95, Severity: critical, Rules: 1",d58c7e3f7d66b1e5
2026-01-16T16:20:37.744657Z,Rule Firing,269c707.jpg,"Score: 95, Severity: critical, Rules: 1",aaa4b103417b41ef
2026-01-16T16:20:37.744657Z,Rule Firing,269cc0b.jpg,"Score: 95, Severity: critical, Rules: 1",e6a6a166b502ad09
2026-01-16T16:20:37.744657Z,Rule Firing,269cc75.jpg,"Score: 95, Severity: critical, Rules: 1",cd73ea67778b106f
2026-01-16T16:20:37.774579Z,Rule Firing,269ccc9.jpg,"Score: 95, Severity: critical, Rules: 1",86d7242b985bb0d5
2026-01-16T16:20:37.774579Z,Rule Firing,269ccf9.jpg,"Score: 95, Severity: critical, Rules: 1",cf60ab0b68f95857
2026-01-16T16:20:37.774579Z,Rule Firing,269cd49.jpg,"Score: 95, Severity: critical, Rules: 1",32fa9af5bb476d75
2026-01-16T16:20:37.774579Z,Rule Firing,269ce13.jpg,"Score: 95, Severity: critical, Rules: 1",a09840b4b735c69d
2026-01-16T16:20:37.784551Z,Rule Firing,269ce35.jpg,"Score: 95, Severity: critical, Rules: 1",0710b2e49a675804
2026-01-16T16:20:37.784551Z,Rule Firing,269ceeb.jpg,"Score: 95, Severity: critical, Rules: 1",a3949ebb42bf8053
2026-01-16T16:20:37.784551Z,Rule Firing,269d015.jpg,"Score: 95, Severity: critical, Rules: 1",cf4b4a5387ab9c96
2026-01-16T16:20:37.784551Z,Rule Firing,269d023.jpg,"Score: 95, Severity: critical, Rules: 1",d0cfaa3af1555f03
2026-01-16T16:20:37.786316Z,Rule Firing,269d0b5.jpg,"Score: 95, Severity: critical, Rules: 1",043f2ec8a2b3a982
2026-01-16T16:20:37.786316Z,Rule Firing,269d14b.jpg,"Score: 95, Severity: critical, Rules: 1",9f3d81b04872f3a6
2026-01-16T16:20:37.814748Z,Rule Firing,269d181.jpg,"Score: 95, Severity: critical, Rules: 1",4ca369e8b4a4880f
2026-01-16T16:20:37.814748Z,Rule Firing,269d1fd.jpg,"Score: 95, Severity: critical, Rules: 1",41db3a2aafb191f1
2026-01-16T16:20:37.814748Z,Rule Firing,269d257.jpg,"Score: 95, Severity: critical, Rules: 1",34c95ee4eb4e6d4c
2026-01-16T16:20:37.818070Z,Rule Firing,269d287.jpg,"Score: 95, Severity: critical, Rules: 1",d0d1faa0619c53b2
2026-01-16T16:20:37.818070Z,Rule Firing,269d35f.jpg,"Score: 95, Severity: critical, Rules: 1",debabd7b6946b71f
2026-01-16T16:20:37.818070Z,Rule Firing,269d3e1.jpg,"Score: 95, Severity: critical, Rules: 1",6e32a1b3d5367302
2026-01-16T16:20:37.818070Z,Rule Firing,269d423.jpg,"Score: 95, Severity: critical, Rules: 1",883885aee25a2510
2026-01-16T16:20:37.818070Z,Rule Firing,269d4b3.jpg,"Score: 95, Severity: critical, Rules: 1",e47d8703ad5a28b1
2026-01-16T16:20:37.818070Z,Rule Firing,269d5ab.jpg,"Score: 95, Severity: critical, Rules: 1",e3ddedf90c673746
2026-01-16T16:20:37.818070Z,Rule Firing,26a77b9.jpg,"Score: 95, Severity: critical, Rules: 1",351c6668f3def730
2026-01-16T16:20:37.849654Z,Rule Firing,26c0248.jpg,"Score: 95, Severity: critical, Rules: 1",b7f815f15af87dd0
2026-01-16T16:20:37.849654Z,Rule Firing,26d2e54.jpg,"Score: 95, Severity: critical, Rules: 1",3a2fbe0bc630da16
2026-01-16T16:20:37.849654Z,Rule Firing,26d362c.jpg,"Score: 95, Severity: critical, Rules: 1",f4752e129c641e26
2026-01-16T16:20:37.849654Z,Rule Firing,26d3dea.jpg,"Score: 95, Severity: critical, Rules: 1",8632e63cca4f64ca
2026-01-16T16:20:37.854385Z,Rule Firing,26d503b.jpg,"Score: 95, Severity: critical, Rules: 1",b56ede707a7333a3
2026-01-16T16:20:37.854385Z,Rule Firing,26d6cb1.jpg,"Score: 95, Severity: critical, Rules: 1",ee0a821c173bdad9
2026-01-16T16:20:37.854385Z,Rule Firing,26d7496.jpg,"Score: 95, Severity: critical, Rules: 1",50ebbd381ffdf442
2026-01-16T16:20:37.854385Z,Rule Firing,26d8134.jpg,"Score: 95, Severity: critical, Rules: 1",620c330d8d08f966
2026-01-16T16:20:37.854385Z,Rule Firing,26d9f58.jpg,"Score: 95, Severity: critical, Rules: 1",bb66773989d73a07
2026-01-16T16:20:37.854385Z,Rule Firing,26db40d.jpg,"Score: 95, Severity: critical, Rules: 1",d172d1c4bdbf3a34
2026-01-16T16:20:37.884396Z,Rule Firing,26dc209.jpg,"Score: 95, Severity: critical, Rules: 1",0c13d7fccf25493f
2026-01-16T16:20:37.884396Z,Rule Firing,26dcbe3.jpg,"Score: 95, Severity: critical, Rules: 1",c5ec3028cd5ce756
2026-01-16T16:20:37.884396Z,Rule Firing,26dd8d2.jpg,"Score: 95, Severity: critical, Rules: 1",a1c2896ba1ebf68b
2026-01-16T16:20:37.884396Z,Rule Firing,26deaac.jpg,"Score: 95, Severity: critical, Rules: 1",5d44fd245d19dbfd
2026-01-16T16:20:37.884396Z,Rule Firing,26df6f0.jpg,"Score: 95, Severity: critical, Rules: 1",2e20897123a54d07
2026-01-16T16:20:37.884396Z,Rule Firing,26e0483.jpg,"Score: 95, Severity: critical, Rules: 1",07e74fb4d85a31b7
2026-01-16T16:20:37.884396Z,Rule Firing,26e0f6b.jpg,"Score: 95, Severity: critical, Rules: 1",6d0317b26c54154d
2026-01-16T16:20:37.884396Z,Rule Firing,26e1e5e.jpg,"Score: 95, Severity: critical, Rules: 1",9b1f61889fb4f102
2026-01-16T16:20:37.884396Z,Rule Firing,26e2b15.jpg,"Score: 95, Severity: critical, Rules: 1",2fb1cc15402e9d58
2026-01-16T16:20:37.884396Z,Rule Firing,26e3740.jpg,"Score: 95, Severity: critical, Rules: 1",ef2020c974193e14
2026-01-16T16:20:37.914303Z,Rule Firing,26e420e.jpg,"Score: 95, Severity: critical, Rules: 1",4ca8b7709ddaa170
2026-01-16T16:20:37.914303Z,Rule Firing,26e4db8.jpg,"Score: 95, Severity: critical, Rules: 1",ea5f0f4596cbf12b
2026-01-16T16:20:37.914303Z,Rule Firing,26e8996.jpg,"Score: 95, Severity: critical, Rules: 1",3fd4d6897eb8d290
2026-01-16T16:20:37.914303Z,Rule Firing,26e977c.jpg,"Score: 95, Severity: critical, Rules: 1",ec2e3c40caefa274
2026-01-16T16:20:37.914303Z,Rule Firing,26e9d31.jpg,"Score: 95, Severity: critical, Rules: 1",c42f225c82a9fb8a
2026-01-16T16:20:37.914303Z,Rule Firing,26ea814.jpg,"Score: 95, Severity: critical, Rules: 1",e7525590b67d1807
2026-01-16T16:20:37.914303Z,Rule Firing,26eb2d9.jpg,"Score: 95, Severity: critical, Rules: 1",e8e8debae80b0e2e
2026-01-16T16:20:37.914303Z,Rule Firing,26ebd13.jpg,"Score: 95, Severity: critical, Rules: 1",5d83acb773152054
2026-01-16T16:20:37.924380Z,Rule Firing,26ec2c3.jpg,"Score: 95, Severity: critical, Rules: 1",2acf1bf6f9801d42
2026-01-16T16:20:37.924380Z,Rule Firing,26eccd1.jpg,"Score: 95, Severity: critical, Rules: 1",9a2b4df6a5a7805c
2026-01-16T16:20:37.949663Z,Rule Firing,26ecd30.jpg,"Score: 95, Severity: critical, Rules: 1",d3cc1a18c6d230b4
2026-01-16T16:20:37.954737Z,Rule Firing,26ece52.jpg,"Score: 95, Severity: critical, Rules: 1",65db0c6a033d0689
2026-01-16T16:20:37.954737Z,Rule Firing,26ed821.jpg,"Score: 95, Severity: critical, Rules: 1",a306f1fc8fbfaaea
2026-01-16T16:20:37.954737Z,Rule Firing,26ee63c.jpg,"Score: 95, Severity: critical, Rules: 1",1de020c75dedfdea
2026-01-16T16:20:37.954737Z,Rule Firing,26eeffb.jpg,"Score: 95, Severity: critical, Rules: 1",eb50ba2e8bfcfea4
2026-01-16T16:20:37.954737Z,Rule Firing,26f0611.jpg,"Score: 95, Severity: critical, Rules: 1",5d0d8055d0834f7a
2026-01-16T16:20:37.954737Z,Rule Firing,26f166a.jpg,"Score: 95, Severity: critical, Rules: 1",e44d635c00af5902
2026-01-16T16:20:37.954737Z,Rule Firing,26f2521.jpg,"Score: 95, Severity: critical, Rules: 1",13b7f5048c610d1c
2026-01-16T16:20:37.954737Z,Rule Firing,26f2d84.jpg,"Score: 95, Severity: critical, Rules: 1",dc5ee99f23695806
2026-01-16T16:20:37.954737Z,Rule Firing,26f37fa.jpg,"Score: 95, Severity: critical, Rules: 1",0477aaf313280319
2026-01-16T16:20:37.984548Z,Rule Firing,26f39d3.jpg,"Score: 95, Severity: critical, Rules: 1",eb628b3505cc77a4
2026-01-16T16:20:37.984548Z,Rule Firing,26f58cf.jpg,"Score: 95, Severity: critical, Rules: 1",5803298f9941d620
2026-01-16T16:20:37.984548Z,Rule Firing,26f60d2.jpg,"Score: 95, Severity: critical, Rules: 1",43f4d255a7287994
2026-01-16T16:20:37.984548Z,Rule Firing,26f75c1.jpg,"Score: 95, Severity: critical, Rules: 1",0379667ddd641eb6
2026-01-16T16:20:37.984548Z,Rule Firing,26f7f63.jpg,"Score: 95, Severity: critical, Rules: 1",02ed6ce44f61e338
2026-01-16T16:20:37.992306Z,Rule Firing,26f876a.jpg,"Score: 95, Severity: critical, Rules: 1",1b1c866651ad0deb
2026-01-16T16:20:37.992306Z,Rule Firing,26fcc44.jpg,"Score: 95, Severity: critical, Rules: 1",a78994a4fcaac95f
2026-01-16T16:20:37.992306Z,Rule Firing,26fecb8.jpg,"Score: 95, Severity: critical, Rules: 1",ccd58240befb3f74
2026-01-16T16:20:37.992306Z,Rule Firing,27028ab.jpg,"Score: 95, Severity: critical, Rules: 1",41818f63b851bc1b
2026-01-16T16:20:37.994322Z,Rule Firing,2704623.jpg,"Score: 95, Severity: critical, Rules: 1",877c51f9724893ec
2026-01-16T16:20:38.024279Z,Rule Firing,27047d8.jpg,"Score: 95, Severity: critical, Rules: 1",20842d9fd78f5f52
2026-01-16T16:20:38.024279Z,Rule Firing,2706004.jpg,"Score: 95, Severity: critical, Rules: 1",36b343203248c6fe
2026-01-16T16:20:38.024279Z,Rule Firing,2706007.jpg,"Score: 95, Severity: critical, Rules: 1",9e6385c278a9485b
2026-01-16T16:20:38.024279Z,Rule Firing,2706b0b.jpg,"Score: 95, Severity: critical, Rules: 1",329d6be033211c02
2026-01-16T16:20:38.024279Z,Rule Firing,27075e7.jpg,"Score: 95, Severity: critical, Rules: 1",ef6f758da66ec65e
2026-01-16T16:20:38.024279Z,Rule Firing,2708257.jpg,"Score: 95, Severity: critical, Rules: 1",56f2b85afb960816
2026-01-16T16:20:38.024279Z,Rule Firing,2708c51.jpg,"Score: 95, Severity: critical, Rules: 1",66a4bbd20653d350
2026-01-16T16:20:38.024279Z,Rule Firing,2709cc7.jpg,"Score: 95, Severity: critical, Rules: 1",d5120da8ad088e60
2026-01-16T16:20:38.024279Z,Rule Firing,270afb0.jpg,"Score: 95, Severity: critical, Rules: 1",9881c0c99ab1314c
2026-01-16T16:20:38.032785Z,Rule Firing,270bc3c.jpg,"Score: 95, Severity: critical, Rules: 1",3b6da6629394b498
2026-01-16T16:20:38.072256Z,Rule Firing,270beb3.jpg,"Score: 95, Severity: critical, Rules: 1",c9e060efee9d453f
2026-01-16T16:20:38.074214Z,Rule Firing,270c74e.jpg,"Score: 95, Severity: critical, Rules: 1",4aaeba91b8dce102
2026-01-16T16:20:38.074214Z,Rule Firing,270d256.jpg,"Score: 95, Severity: critical, Rules: 1",8ab9e52f74253c7c
2026-01-16T16:20:38.076273Z,Rule Firing,270df59.jpg,"Score: 95, Severity: critical, Rules: 1",8b81d857bad3eca1
2026-01-16T16:20:38.077606Z,Rule Firing,270ee44.jpg,"Score: 95, Severity: critical, Rules: 1",2d14613e17d3f94b
2026-01-16T16:20:38.077606Z,Rule Firing,270fbcf.jpg,"Score: 95, Severity: critical, Rules: 1",d8b47d94674a445a
2026-01-16T16:20:38.079614Z,Rule Firing,2710980.jpg,"Score: 95, Severity: critical, Rules: 1",297dc2c17f5d75f3
2026-01-16T16:20:38.080541Z,Rule Firing,2711866.jpg,"Score: 95, Severity: critical, Rules: 1",5cf0b295ea90baa8
2026-01-16T16:20:38.081379Z,Rule Firing,2712140.jpg,"Score: 95, Severity: critical, Rules: 1",2262b5974f54781f
2026-01-16T16:20:38.082349Z,Rule Firing,2712a95.jpg,"Score: 95, Severity: critical, Rules: 1",2fe9fa70e0f508c8
2026-01-16T16:20:38.142850Z,Rule Firing,2713b38.jpg,"Score: 95, Severity: critical, Rules: 1",dc2e71604b422c06
2026-01-16T16:20:38.142850Z,Rule Firing,271454b.jpg,"Score: 95, Severity: critical, Rules: 1",424ac407ee5df55c
2026-01-16T16:20:38.144897Z,Rule Firing,27153f8.jpg,"Score: 95, Severity: critical, Rules: 1",2f37d29067373eb6
2026-01-16T16:20:38.146224Z,Rule Firing,2715ec1.jpg,"Score: 95, Severity: critical, Rules: 1",d64a43012db1723d
2026-01-16T16:20:38.146224Z,Rule Firing,2718005.jpg,"Score: 95, Severity: critical, Rules: 1",68ca2cf6bf1873eb
2026-01-16T16:20:38.147973Z,Rule Firing,271a0bd.jpg,"Score: 95, Severity: critical, Rules: 1",391496c23af05c0e
2026-01-16T16:20:38.147973Z,Rule Firing,271b60d.jpg,"Score: 95, Severity: critical, Rules: 1",d4759d6c2cb5bda8
2026-01-16T16:20:38.149989Z,Rule Firing,271cfe5.jpg,"Score: 95, Severity: critical, Rules: 1",beda5809bd756e0e
2026-01-16T16:20:38.151344Z,Rule Firing,2726d24.jpg,"Score: 95, Severity: critical, Rules: 1",9aa2380339a2d6a2
2026-01-16T16:20:38.152559Z,Rule Firing,2731585.jpg,"Score: 95, Severity: critical, Rules: 1",2ace544e4853dac3
2026-01-16T16:20:38.202917Z,Rule Firing,2734ba6.jpg,"Score: 95, Severity: critical, Rules: 1",a513997db415ae7c
2026-01-16T16:20:38.204436Z,Rule Firing,27383b1.jpg,"Score: 95, Severity: critical, Rules: 1",381b3e4d188e4928
2026-01-16T16:20:38.204436Z,Rule Firing,2741173.jpg,"Score: 95, Severity: critical, Rules: 1",af32bfb335661dbf
2026-01-16T16:20:38.204436Z,Rule Firing,27455a1.jpg,"Score: 95, Severity: critical, Rules: 1",e2bef8aedc1b0311
2026-01-16T16:20:38.204436Z,Rule Firing,274ed1b.jpg,"Score: 95, Severity: critical, Rules: 1",f6250dfdd3919e8b
2026-01-16T16:20:38.208390Z,Rule Firing,275f590.jpg,"Score: 95, Severity: critical, Rules: 1",7ce57240b6fd7b82
2026-01-16T16:20:38.208390Z,Rule Firing,27602b7.jpg,"Score: 95, Severity: critical, Rules: 1",c5953dd64b4d9c75
2026-01-16T16:20:38.210402Z,Rule Firing,2761146.jpg,"Score: 95, Severity: critical, Rules: 1",0fcc615def8e9119
2026-01-16T16:20:38.211287Z,Rule Firing,2762117.jpg,"Score: 95, Severity: critical, Rules: 1",41b95f6d98272f0f
2026-01-16T16:20:38.212510Z,Rule Firing,276308d.jpg,"Score: 95, Severity: critical, Rules: 1",3bd012658e180c63
2026-01-16T16:20:38.254578Z,Rule Firing,2765348.jpg,"Score: 95, Severity: critical, Rules: 1",2924c58416647d57
2026-01-16T16:20:38.256652Z,Rule Firing,2770725.jpg,"Score: 95, Severity: critical, Rules: 1",3337a25a9cd413d2
2026-01-16T16:20:38.256652Z,Rule Firing,27771df.jpg,"Score: 95, Severity: critical, Rules: 1",6c32651e7f74afb8
2026-01-16T16:20:38.256652Z,Rule Firing,2777f3e.jpg,"Score: 95, Severity: critical, Rules: 1",b58ccfce9857dfc6
2026-01-16T16:20:38.256652Z,Rule Firing,2778e95.jpg,"Score: 95, Severity: critical, Rules: 1",87f70da0518e32c4
2026-01-16T16:20:38.256652Z,Rule Firing,2779f8f.jpg,"Score: 95, Severity: critical, Rules: 1",3daf00f949c92318
2026-01-16T16:20:38.260362Z,Rule Firing,277a28f.jpg,"Score: 95, Severity: critical, Rules: 1",996ada320458e3f9
2026-01-16T16:20:38.260362Z,Rule Firing,277ad0a.jpg,"Score: 95, Severity: critical, Rules: 1",c01b80c43f93dbcb
2026-01-16T16:20:38.260362Z,Rule Firing,277bb2d.jpg,"Score: 95, Severity: critical, Rules: 1",e65e701fd13a6256
2026-01-16T16:20:38.262100Z,Rule Firing,277c7ed.jpg,"Score: 95, Severity: critical, Rules: 1",615ea5eae41bbc31
2026-01-16T16:20:38.294430Z,Rule Firing,277d7a9.jpg,"Score: 95, Severity: critical, Rules: 1",e5243a78c4248c0a
2026-01-16T16:20:38.294430Z,Rule Firing,277f0e7.jpg,"Score: 95, Severity: critical, Rules: 1",1fc5378c13a0b2c4
2026-01-16T16:20:38.294430Z,Rule Firing,277ffc5.jpg,"Score: 95, Severity: critical, Rules: 1",2986c157457494ea
2026-01-16T16:20:38.294430Z,Rule Firing,27810e2.jpg,"Score: 95, Severity: critical, Rules: 1",159b4a6c6641bb67
2026-01-16T16:20:38.304347Z,Rule Firing,2781f2d.jpg,"Score: 95, Severity: critical, Rules: 1",b86acd8874d101c2
2026-01-16T16:20:38.304347Z,Rule Firing,2784129.jpg,"Score: 95, Severity: critical, Rules: 1",04f6d61ddefe23b7
2026-01-16T16:20:38.304347Z,Rule Firing,2784e4b.jpg,"Score: 95, Severity: critical, Rules: 1",fa1888bc0d363d15
2026-01-16T16:20:38.306832Z,Rule Firing,2785d26.jpg,"Score: 95, Severity: critical, Rules: 1",f12802a0d262aa4d
2026-01-16T16:20:38.306832Z,Rule Firing,2786a58.jpg,"Score: 95, Severity: critical, Rules: 1",07c02d5d92f5c5a4
2026-01-16T16:20:38.306832Z,Rule Firing,27879b5.jpg,"Score: 95, Severity: critical, Rules: 1",040896e0edf6408d
2026-01-16T16:20:38.344459Z,Rule Firing,2789157.jpg,"Score: 95, Severity: critical, Rules: 1",410b036364a0d790
2026-01-16T16:20:38.344459Z,Rule Firing,278a0f6.jpg,"Score: 95, Severity: critical, Rules: 1",9528989330cab59a
2026-01-16T16:20:38.344459Z,Rule Firing,278b1e2.jpg,"Score: 95, Severity: critical, Rules: 1",1c5181be83fa57c2
2026-01-16T16:20:38.344459Z,Rule Firing,278c2e4.jpg,"Score: 95, Severity: critical, Rules: 1",b282ba880ab62f4d
2026-01-16T16:20:38.350306Z,Rule Firing,278d05f.jpg,"Score: 95, Severity: critical, Rules: 1",99e10a4ffae10c2f
2026-01-16T16:20:38.350306Z,Rule Firing,278df3f.jpg,"Score: 95, Severity: critical, Rules: 1",19001d99e09e054a
2026-01-16T16:20:38.350306Z,Rule Firing,278f012.jpg,"Score: 95, Severity: critical, Rules: 1",c3ff4e779106dd5e
2026-01-16T16:20:38.352873Z,Rule Firing,27908ff.jpg,"Score: 95, Severity: critical, Rules: 1",660f42eab339e3d1
2026-01-16T16:20:38.354380Z,Rule Firing,2791b04.jpg,"Score: 95, Severity: critical, Rules: 1",2ae6a754fb5d4253
2026-01-16T16:20:38.354380Z,Rule Firing,27930bc.jpg,"Score: 95, Severity: critical, Rules: 1",37e7b99485d6b0bf
2026-01-16T16:20:38.392409Z,Rule Firing,279400b.jpg,"Score: 95, Severity: critical, Rules: 1",6a69e9d0bad5c04b
2026-01-16T16:20:38.394422Z,Rule Firing,2794ffb.jpg,"Score: 95, Severity: critical, Rules: 1",13d11d6d91bff4df
2026-01-16T16:20:38.394422Z,Rule Firing,279618d.jpg,"Score: 95, Severity: critical, Rules: 1",92837a6fcd789b37
2026-01-16T16:20:38.394422Z,Rule Firing,27973c0.jpg,"Score: 95, Severity: critical, Rules: 1",b76eafb9eaa97c86
2026-01-16T16:20:38.397274Z,Rule Firing,27996d1.jpg,"Score: 95, Severity: critical, Rules: 1",856004052c711021
2026-01-16T16:20:38.397274Z,Rule Firing,279fc89.jpg,"Score: 95, Severity: critical, Rules: 1",6ec1b3641f157eb1
2026-01-16T16:20:38.397274Z,Rule Firing,27a4c1f.jpg,"Score: 95, Severity: critical, Rules: 1",c74561ff879a4bbd
2026-01-16T16:20:38.397274Z,Rule Firing,27a69ee.jpg,"Score: 95, Severity: critical, Rules: 1",8d249a759b36c5ab
2026-01-16T16:20:38.399289Z,Rule Firing,27aa233.jpg,"Score: 95, Severity: critical, Rules: 1",9c91ecd679fed8c3
2026-01-16T16:20:38.399289Z,Rule Firing,27ab08b.jpg,"Score: 95, Severity: critical, Rules: 1",20a09f536dd4373f
2026-01-16T16:20:38.434488Z,Rule Firing,27abfcc.jpg,"Score: 95, Severity: critical, Rules: 1",b98d5b3aa91ccc92
2026-01-16T16:20:38.436246Z,Rule Firing,27ac5a5.jpg,"Score: 95, Severity: critical, Rules: 1",9989b15d35e9ea74
2026-01-16T16:20:38.436246Z,Rule Firing,27acecf.jpg,"Score: 95, Severity: critical, Rules: 1",3de9c33b9ec4a08b
2026-01-16T16:20:38.436246Z,Rule Firing,27adb52.jpg,"Score: 95, Severity: critical, Rules: 1",fa47f2e9c3fcddb7
2026-01-16T16:20:38.436246Z,Rule Firing,27ae9ac.jpg,"Score: 95, Severity: critical, Rules: 1",ddfec6b94f066e7a
2026-01-16T16:20:38.436246Z,Rule Firing,27b14bc.jpg,"Score: 95, Severity: critical, Rules: 1",6cd16b108820c218
2026-01-16T16:20:38.441156Z,Rule Firing,27b2126.jpg,"Score: 95, Severity: critical, Rules: 1",6f1ee767c90b33c3
2026-01-16T16:20:38.441156Z,Rule Firing,27b2c48.jpg,"Score: 95, Severity: critical, Rules: 1",ec91ea9a73b8cb89
2026-01-16T16:20:38.441156Z,Rule Firing,27b39e8.jpg,"Score: 95, Severity: critical, Rules: 1",fb2a10fe31922a1b
2026-01-16T16:20:38.443164Z,Rule Firing,27b466d.jpg,"Score: 95, Severity: critical, Rules: 1",25c3e98c800c4775
2026-01-16T16:20:38.482679Z,Rule Firing,27b53fb.jpg,"Score: 95, Severity: critical, Rules: 1",1a2f1b945efd2a10
2026-01-16T16:20:38.484186Z,Rule Firing,27b6b25.jpg,"Score: 95, Severity: critical, Rules: 1",443a18ad75ab31d8
2026-01-16T16:20:38.484186Z,Rule Firing,27b985c.jpg,"Score: 95, Severity: critical, Rules: 1",6d8defb84f99209c
2026-01-16T16:20:38.484186Z,Rule Firing,27ba71a.jpg,"Score: 95, Severity: critical, Rules: 1",25a31bf6be2176c8
2026-01-16T16:20:38.484186Z,Rule Firing,27bb750.jpg,"Score: 95, Severity: critical, Rules: 1",f00343bea8bc636b
2026-01-16T16:20:38.484186Z,Rule Firing,27bc2f3.jpg,"Score: 95, Severity: critical, Rules: 1",b29509514949abd4
2026-01-16T16:20:38.484186Z,Rule Firing,27bcf7c.jpg,"Score: 95, Severity: critical, Rules: 1",66105531f693ae4b
2026-01-16T16:20:38.484186Z,Rule Firing,27bdb27.jpg,"Score: 95, Severity: critical, Rules: 1",44dbb96c6c0768e8
2026-01-16T16:20:38.484186Z,Rule Firing,27be89d.jpg,"Score: 95, Severity: critical, Rules: 1",60c50b5cede44715
2026-01-16T16:20:38.484186Z,Rule Firing,27bf702.jpg,"Score: 95, Severity: critical, Rules: 1",6b71a02e2eeec0e6
2026-01-16T16:20:38.528434Z,Rule Firing,27c1250.jpg,"Score: 95, Severity: critical, Rules: 1",1bbb3cdea05c2996
2026-01-16T16:20:38.530448Z,Rule Firing,27c3e71.jpg,"Score: 95, Severity: critical, Rules: 1",6c336fd04075b70a
2026-01-16T16:20:38.530448Z,Rule Firing,27c4fac.jpg,"Score: 95, Severity: critical, Rules: 1",93f46c8a412667fe
2026-01-16T16:20:38.531463Z,Rule Firing,27c5986.jpg,"Score: 95, Severity: critical, Rules: 1",280a6391542ee0a1
2026-01-16T16:20:38.531463Z,Rule Firing,27cb79e.jpg,"Score: 95, Severity: critical, Rules: 1",e2236d1b80b2ab20
2026-01-16T16:20:38.531463Z,Rule Firing,27cc1ab.jpg,"Score: 95, Severity: critical, Rules: 1",dcd68f2b4a8f9703
2026-01-16T16:20:38.533489Z,Rule Firing,27cc96c.jpg,"Score: 95, Severity: critical, Rules: 1",fd46bfe826d301b8
2026-01-16T16:20:38.533489Z,Rule Firing,27cd4e8.jpg,"Score: 95, Severity: critical, Rules: 1",d87c262c3a3bcacf
2026-01-16T16:20:38.534567Z,Rule Firing,27ce080.jpg,"Score: 95, Severity: critical, Rules: 1",552bee475320e9e5
2026-01-16T16:20:38.534567Z,Rule Firing,27ced1e.jpg,"Score: 95, Severity: critical, Rules: 1",37412921f587c097
2026-01-16T16:20:38.570607Z,Rule Firing,27cfff5.jpg,"Score: 95, Severity: critical, Rules: 1",03e80e8ba5bf323f
2026-01-16T16:20:38.570607Z,Rule Firing,27e9c7b.jpg,"Score: 95, Severity: critical, Rules: 1",f8716c52ad43df3c
2026-01-16T16:20:38.572624Z,Rule Firing,27ec5d7.jpg,"Score: 95, Severity: critical, Rules: 1",c6ccbc9dcc2ab035
2026-01-16T16:20:38.572624Z,Rule Firing,27f646d.jpg,"Score: 95, Severity: critical, Rules: 1",91020646e3ed0dc0
2026-01-16T16:20:38.572624Z,Rule Firing,27f66f9.jpg,"Score: 95, Severity: critical, Rules: 1",e2736214977dc1c4
2026-01-16T16:20:38.572624Z,Rule Firing,27f8fdc.jpg,"Score: 95, Severity: critical, Rules: 1",681fd42491c09d22
2026-01-16T16:20:38.574638Z,Rule Firing,27fd14b.jpg,"Score: 95, Severity: critical, Rules: 1",cfb03ad275a22141
2026-01-16T16:20:38.574638Z,Rule Firing,27fff6e.jpg,"Score: 95, Severity: critical, Rules: 1",a35364b31683ad32
2026-01-16T16:20:38.574638Z,Rule Firing,28033a7.jpg,"Score: 95, Severity: critical, Rules: 1",e31003ffb9b089d8
2026-01-16T16:20:38.574638Z,Rule Firing,28045ab.jpg,"Score: 95, Severity: critical, Rules: 1",694306a13efb4fe4
2026-01-16T16:20:38.613237Z,Rule Firing,2805d13.jpg,"Score: 95, Severity: critical, Rules: 1",f643afb74130ca20
2026-01-16T16:20:38.614251Z,Rule Firing,28069e9.jpg,"Score: 95, Severity: critical, Rules: 1",c0060a1b98de8baa
2026-01-16T16:20:38.614251Z,Rule Firing,2807af1.jpg,"Score: 95, Severity: critical, Rules: 1",331286ed3e4c0391
2026-01-16T16:20:38.614251Z,Rule Firing,280806d.jpg,"Score: 95, Severity: critical, Rules: 1",ced46b2e978aa4a8
2026-01-16T16:20:38.614251Z,Rule Firing,280880b.jpg,"Score: 95, Severity: critical, Rules: 1",61841fff6a1dd25c
2026-01-16T16:20:38.614251Z,Rule Firing,2809636.jpg,"Score: 95, Severity: critical, Rules: 1",0b9e87c66fe11b27
2026-01-16T16:20:38.614251Z,Rule Firing,280a716.jpg,"Score: 95, Severity: critical, Rules: 1",a02c72e9f4c0edf7
2026-01-16T16:20:38.614251Z,Rule Firing,280c567.jpg,"Score: 95, Severity: critical, Rules: 1",56fca247eb764927
2026-01-16T16:20:38.618909Z,Rule Firing,280d15f.jpg,"Score: 95, Severity: critical, Rules: 1",6406dac86ce2ce79
2026-01-16T16:20:38.618909Z,Rule Firing,280e00e.jpg,"Score: 95, Severity: critical, Rules: 1",ba571432527d7033
2026-01-16T16:20:38.657770Z,Rule Firing,280ef32.jpg,"Score: 95, Severity: critical, Rules: 1",1e191cd8233baa5b
2026-01-16T16:20:38.657770Z,Rule Firing,280fca6.jpg,"Score: 95, Severity: critical, Rules: 1",035cae0a505f9504
2026-01-16T16:20:38.657770Z,Rule Firing,28107e7.jpg,"Score: 95, Severity: critical, Rules: 1",40e99dfb46e49911
2026-01-16T16:20:38.662337Z,Rule Firing,28117eb.jpg,"Score: 95, Severity: critical, Rules: 1",bb60ed2691c172a0
2026-01-16T16:20:38.662337Z,Rule Firing,28126c4.jpg,"Score: 95, Severity: critical, Rules: 1",02e3ab5f4d072826
2026-01-16T16:20:38.664354Z,Rule Firing,2813383.jpg,"Score: 95, Severity: critical, Rules: 1",b43b2bfadd15774e
2026-01-16T16:20:38.666417Z,Rule Firing,2814174.jpg,"Score: 95, Severity: critical, Rules: 1",fa0472a3fbeef489
2026-01-16T16:20:38.668430Z,Rule Firing,2814f83.jpg,"Score: 95, Severity: critical, Rules: 1",ed1ed2a6e660621b
2026-01-16T16:20:38.668430Z,Rule Firing,28171ae.jpg,"Score: 95, Severity: critical, Rules: 1",69864a33c7d8fb66
2026-01-16T16:20:38.670445Z,Rule Firing,281813a.jpg,"Score: 95, Severity: critical, Rules: 1",f498c8d95ac536b0
2026-01-16T16:20:38.709353Z,Rule Firing,2818a3a.jpg,"Score: 95, Severity: critical, Rules: 1",675bae746f77c2d5
2026-01-16T16:20:38.709353Z,Rule Firing,2819304.jpg,"Score: 95, Severity: critical, Rules: 1",efcecb19d65903e9
2026-01-16T16:20:38.712979Z,Rule Firing,2819eec.jpg,"Score: 95, Severity: critical, Rules: 1",757720f82eb50ef6
2026-01-16T16:20:38.712979Z,Rule Firing,281a924.jpg,"Score: 95, Severity: critical, Rules: 1",312728ef4bbdd01d
2026-01-16T16:20:38.714485Z,Rule Firing,281b42c.jpg,"Score: 95, Severity: critical, Rules: 1",d8bfcac78b465962
2026-01-16T16:20:38.714485Z,Rule Firing,281b6e6.jpg,"Score: 95, Severity: critical, Rules: 1",efac148140420221
2026-01-16T16:20:38.716342Z,Rule Firing,281bf02.jpg,"Score: 95, Severity: critical, Rules: 1",25b7439036f6933d
2026-01-16T16:20:38.716342Z,Rule Firing,281c61c.jpg,"Score: 95, Severity: critical, Rules: 1",90a0ad485dcb1d10
2026-01-16T16:20:38.716342Z,Rule Firing,281c8c1.jpg,"Score: 95, Severity: critical, Rules: 1",1c6bb1df21f429a7
2026-01-16T16:20:38.716342Z,Rule Firing,281d3f3.jpg,"Score: 95, Severity: critical, Rules: 1",1e32b08efb5a5e0f
2026-01-16T16:20:38.761807Z,Rule Firing,281e09a.jpg,"Score: 95, Severity: critical, Rules: 1",d9feaf8a38eb9d31
2026-01-16T16:20:38.761807Z,Rule Firing,281ead6.jpg,"Score: 95, Severity: critical, Rules: 1",e8c69bfac21b7dcd
2026-01-16T16:20:38.761807Z,Rule Firing,281f5e3.jpg,"Score: 95, Severity: critical, Rules: 1",4727ce839dfc6765
2026-01-16T16:20:38.763818Z,Rule Firing,282babc.jpg,"Score: 95, Severity: critical, Rules: 1",212558d4d0613c54
2026-01-16T16:20:38.764330Z,Rule Firing,283bae8.jpg,"Score: 95, Severity: critical, Rules: 1",e4cbef31935b3367
2026-01-16T16:20:38.764330Z,Rule Firing,283c6cf.jpg,"Score: 95, Severity: critical, Rules: 1",00ad9e94dba74b16
2026-01-16T16:20:38.764330Z,Rule Firing,283d55c.jpg,"Score: 95, Severity: critical, Rules: 1",f9a92d6ccac4e2dc
2026-01-16T16:20:38.764330Z,Rule Firing,283e193.jpg,"Score: 95, Severity: critical, Rules: 1",2943d8c0cdff00b1
2026-01-16T16:20:38.766399Z,Rule Firing,283eee9.jpg,"Score: 95, Severity: critical, Rules: 1",e44ecaebdb1a0b79
2026-01-16T16:20:38.766399Z,Rule Firing,283fcf6.jpg,"Score: 95, Severity: critical, Rules: 1",30827fee7d073e26
2026-01-16T16:20:38.805089Z,Rule Firing,2840a7f.jpg,"Score: 95, Severity: critical, Rules: 1",e631ba473d70c509
2026-01-16T16:20:38.805089Z,Rule Firing,284173b.jpg,"Score: 95, Severity: critical, Rules: 1",3dd7c6adbedc077f
2026-01-16T16:20:38.805089Z,Rule Firing,284266b.jpg,"Score: 95, Severity: critical, Rules: 1",2596f98280eea240
2026-01-16T16:20:38.805089Z,Rule Firing,28436e7.jpg,"Score: 95, Severity: critical, Rules: 1",70701e68aa83390a
2026-01-16T16:20:38.805089Z,Rule Firing,284448d.jpg,"Score: 95, Severity: critical, Rules: 1",e9eaf4855bee509f
2026-01-16T16:20:38.805089Z,Rule Firing,2845166.jpg,"Score: 95, Severity: critical, Rules: 1",31acf744b1a0f653
2026-01-16T16:20:38.805089Z,Rule Firing,2845bb3.jpg,"Score: 95, Severity: critical, Rules: 1",2d670b6037e18f66
2026-01-16T16:20:38.805089Z,Rule Firing,284628f.jpg,"Score: 95, Severity: critical, Rules: 1",de1810ac3f57091e
2026-01-16T16:20:38.805089Z,Rule Firing,28552c5.jpg,"Score: 95, Severity: critical, Rules: 1",31273a4f1cdcd8f9
2026-01-16T16:20:38.805089Z,Rule Firing,2855e91.jpg,"Score: 95, Severity: critical, Rules: 1",a0017b5b6a6be23e
2026-01-16T16:20:38.854426Z,Rule Firing,2856cd9.jpg,"Score: 95, Severity: critical, Rules: 1",c4dc7d80c4925329
2026-01-16T16:20:38.854426Z,Rule Firing,2857c7c.jpg,"Score: 95, Severity: critical, Rules: 1",4508767cbb8103b0
2026-01-16T16:20:38.854426Z,Rule Firing,285898b.jpg,"Score: 95, Severity: critical, Rules: 1",03ea678926666fff
2026-01-16T16:20:38.854426Z,Rule Firing,2859878.jpg,"Score: 95, Severity: critical, Rules: 1",37adf8fca9f93a6b
2026-01-16T16:20:38.854426Z,Rule Firing,285be17.jpg,"Score: 95, Severity: critical, Rules: 1",840543946350a6a1
2026-01-16T16:20:38.854426Z,Rule Firing,285cc33.jpg,"Score: 95, Severity: critical, Rules: 1",b8b14f9d5c642d51
2026-01-16T16:20:38.854426Z,Rule Firing,285db38.jpg,"Score: 95, Severity: critical, Rules: 1",f54461c9377a9560
2026-01-16T16:20:38.854426Z,Rule Firing,285ebad.jpg,"Score: 95, Severity: critical, Rules: 1",a9791412cd29ecd6
2026-01-16T16:20:38.854426Z,Rule Firing,285f1be.jpg,"Score: 95, Severity: critical, Rules: 1",13c36eb0281d6a7e
2026-01-16T16:20:38.854426Z,Rule Firing,285fb39.jpg,"Score: 95, Severity: critical, Rules: 1",46db5695dff3e21f
2026-01-16T16:20:38.894712Z,Rule Firing,2860a41.jpg,"Score: 95, Severity: critical, Rules: 1",8ad3d2b069f115ce
2026-01-16T16:20:38.894712Z,Rule Firing,2861c5e.jpg,"Score: 95, Severity: critical, Rules: 1",7219be6ba28c3797
2026-01-16T16:20:38.894712Z,Rule Firing,286253d.jpg,"Score: 95, Severity: critical, Rules: 1",6817cb4f7a7bae4c
2026-01-16T16:20:38.894712Z,Rule Firing,28655c7.jpg,"Score: 95, Severity: critical, Rules: 1",2ed05b5423330347
2026-01-16T16:20:38.894712Z,Rule Firing,2866aac.jpg,"Score: 95, Severity: critical, Rules: 1",e22c6f85208db833
2026-01-16T16:20:38.894712Z,Rule Firing,28672ea.jpg,"Score: 95, Severity: critical, Rules: 1",3cb879565ca2fdf2
2026-01-16T16:20:38.894712Z,Rule Firing,286870a.jpg,"Score: 95, Severity: critical, Rules: 1",71ac487af3e105d7
2026-01-16T16:20:38.900098Z,Rule Firing,286969a.jpg,"Score: 95, Severity: critical, Rules: 1",ba9ea31a2bb6ae82
2026-01-16T16:20:38.900098Z,Rule Firing,286a508.jpg,"Score: 95, Severity: critical, Rules: 1",a85e996d8e58efd7
2026-01-16T16:20:38.900098Z,Rule Firing,286bc7c.jpg,"Score: 95, Severity: critical, Rules: 1",08e6580e28aebede
2026-01-16T16:20:38.932277Z,Rule Firing,286d175.jpg,"Score: 95, Severity: critical, Rules: 1",953a9ce081fa7b6d
2026-01-16T16:20:38.933859Z,Rule Firing,286e2bb.jpg,"Score: 95, Severity: critical, Rules: 1",f584d8200d95f948
2026-01-16T16:20:38.934577Z,Rule Firing,286f85c.jpg,"Score: 95, Severity: critical, Rules: 1",6bcb80a87d358446
2026-01-16T16:20:38.934577Z,Rule Firing,28756a1.pdf,"Score: 95, Severity: critical, Rules: 1",657481cd8f7f5795
2026-01-16T16:20:38.934577Z,Rule Firing,28783b3.jpg,"Score: 95, Severity: critical, Rules: 1",da4b4ebff5efe315
2026-01-16T16:20:38.934577Z,Rule Firing,287875b.jpg,"Score: 95, Severity: critical, Rules: 1",9c4a494e090c6619
2026-01-16T16:20:38.934577Z,Rule Firing,2879571.jpg,"Score: 95, Severity: critical, Rules: 1",96189067002f1ba5
2026-01-16T16:20:38.934577Z,Rule Firing,287a433.jpg,"Score: 95, Severity: critical, Rules: 1",40d66fcf580ecf27
2026-01-16T16:20:38.934577Z,Rule Firing,287aaab.jpg,"Score: 95, Severity: critical, Rules: 1",52fe6f27ef2efa5c
2026-01-16T16:20:38.934577Z,Rule Firing,287b15d.jpg,"Score: 95, Severity: critical, Rules: 1",cd99449a75974a62
2026-01-16T16:20:38.964296Z,Rule Firing,287cfb7.jpg,"Score: 95, Severity: critical, Rules: 1",b4f63af1b37791ac
2026-01-16T16:20:38.964296Z,Rule Firing,287deff.jpg,"Score: 95, Severity: critical, Rules: 1",b8307444c6fdf206
2026-01-16T16:20:38.964296Z,Rule Firing,287df6e.jpg,"Score: 95, Severity: critical, Rules: 1",2e508adc0a4c2d6e
2026-01-16T16:20:38.964296Z,Rule Firing,287edeb.jpg,"Score: 95, Severity: critical, Rules: 1",c3739e4e933fd32f
2026-01-16T16:20:38.964296Z,Rule Firing,2881721.jpg,"Score: 95, Severity: critical, Rules: 1",8475615a552c944c
2026-01-16T16:20:38.964296Z,Rule Firing,28845d0.jpg,"Score: 95, Severity: critical, Rules: 1",16089e2e501fc1fa
2026-01-16T16:20:38.964296Z,Rule Firing,2884a1d.jpg,"Score: 95, Severity: critical, Rules: 1",b7979c358990dac0
2026-01-16T16:20:38.974508Z,Rule Firing,2886e7e.jpg,"Score: 95, Severity: critical, Rules: 1",21f0480c65d876d5
2026-01-16T16:20:38.974508Z,Rule Firing,2888016.jpg,"Score: 95, Severity: critical, Rules: 1",52beae0a811b0723
2026-01-16T16:20:38.974508Z,Rule Firing,2888d3b.jpg,"Score: 95, Severity: critical, Rules: 1",873c03570333e7e9
2026-01-16T16:20:39.004632Z,Rule Firing,2889de9.jpg,"Score: 95, Severity: critical, Rules: 1",cb78264c2a7f3c15
2026-01-16T16:20:39.004632Z,Rule Firing,288b726.jpg,"Score: 95, Severity: critical, Rules: 1",c4d3085f8ac8f190
2026-01-16T16:20:39.004632Z,Rule Firing,288c3ec.jpg,"Score: 95, Severity: critical, Rules: 1",951f059d995a7f7b
2026-01-16T16:20:39.012129Z,Rule Firing,288f1a1.jpg,"Score: 95, Severity: critical, Rules: 1",e45c5c391f36204d
2026-01-16T16:20:39.012129Z,Rule Firing,289ac6f.jpg,"Score: 95, Severity: critical, Rules: 1",093092ff06867f64
2026-01-16T16:20:39.012129Z,Rule Firing,289bb67.jpg,"Score: 95, Severity: critical, Rules: 1",bac913714a7d5714
2026-01-16T16:20:39.012129Z,Rule Firing,289cb37.jpg,"Score: 95, Severity: critical, Rules: 1",b59d75cc8a42011d
2026-01-16T16:20:39.012129Z,Rule Firing,289d1dd.jpg,"Score: 95, Severity: critical, Rules: 1",ab5bd2d6ce95d9f8
2026-01-16T16:20:39.014640Z,Rule Firing,289d655.jpg,"Score: 95, Severity: critical, Rules: 1",1cb05ea9da6b75c0
2026-01-16T16:20:39.014640Z,Rule Firing,289da24.jpg,"Score: 95, Severity: critical, Rules: 1",7b31667c37471cda
2026-01-16T16:20:39.044705Z,Rule Firing,289eb81.jpg,"Score: 95, Severity: critical, Rules: 1",b3260bc50eae9a1c
2026-01-16T16:20:39.044705Z,Rule Firing,289fbc9.jpg,"Score: 95, Severity: critical, Rules: 1",373dbd4f3b996311
2026-01-16T16:20:39.044705Z,Rule Firing,28a0b98.jpg,"Score: 95, Severity: critical, Rules: 1",9bfbae077970db4d
2026-01-16T16:20:39.044705Z,Rule Firing,28a2131.jpg,"Score: 95, Severity: critical, Rules: 1",4e480262efdd4dd6
2026-01-16T16:20:39.044705Z,Rule Firing,28a3d74.jpg,"Score: 95, Severity: critical, Rules: 1",cc4c539bbaba9bd1
2026-01-16T16:20:39.044705Z,Rule Firing,28a4e83.jpg,"Score: 95, Severity: critical, Rules: 1",ad0433831c912ad1
2026-01-16T16:20:39.044705Z,Rule Firing,28a5b83.jpg,"Score: 95, Severity: critical, Rules: 1",1cd572e20eeba526
2026-01-16T16:20:39.054666Z,Rule Firing,28a6c20.jpg,"Score: 95, Severity: critical, Rules: 1",c0ad11d10cf7dfa4
2026-01-16T16:20:39.054666Z,Rule Firing,28a7a13.jpg,"Score: 95, Severity: critical, Rules: 1",edd65af3aedd3719
2026-01-16T16:20:39.054666Z,Rule Firing,28a876d.jpg,"Score: 95, Severity: critical, Rules: 1",6d2db61538a08fec
2026-01-16T16:20:39.084712Z,Rule Firing,28a930b.jpg,"Score: 95, Severity: critical, Rules: 1",9ad88a4eb88652e8
2026-01-16T16:20:39.089597Z,Rule Firing,28a968d.jpg,"Score: 95, Severity: critical, Rules: 1",e1262f0970820f66
2026-01-16T16:20:39.089597Z,Rule Firing,28ab2aa.jpg,"Score: 95, Severity: critical, Rules: 1",54e9e616f551fc42
2026-01-16T16:20:39.091428Z,Rule Firing,28ac1a0.jpg,"Score: 95, Severity: critical, Rules: 1",c2c989e56cb77901
2026-01-16T16:20:39.091428Z,Rule Firing,28ad26c.jpg,"Score: 95, Severity: critical, Rules: 1",f9bcba56e2f74137
2026-01-16T16:20:39.091428Z,Rule Firing,28ae0a9.jpg,"Score: 95, Severity: critical, Rules: 1",ce4385099ecafbe9
2026-01-16T16:20:39.091428Z,Rule Firing,28af056.jpg,"Score: 95, Severity: critical, Rules: 1",ea05afc70aca3bb9
2026-01-16T16:20:39.091428Z,Rule Firing,28ba2fc.jpg,"Score: 95, Severity: critical, Rules: 1",f7d2d6d078b27935
2026-01-16T16:20:39.091428Z,Rule Firing,28bb76c.jpg,"Score: 95, Severity: critical, Rules: 1",cbb5699112fa89ce
2026-01-16T16:20:39.094472Z,Rule Firing,28bc549.jpg,"Score: 95, Severity: critical, Rules: 1",a22a2051e64cc64e
2026-01-16T16:20:39.124506Z,Rule Firing,28bd25f.jpg,"Score: 95, Severity: critical, Rules: 1",925e73cc13f3a407
2026-01-16T16:20:39.124506Z,Rule Firing,28be1cb.jpg,"Score: 95, Severity: critical, Rules: 1",8742c414ad7b609b
2026-01-16T16:20:39.124506Z,Rule Firing,28be2f0.jpg,"Score: 95, Severity: critical, Rules: 1",c6f5550b3158f150
2026-01-16T16:20:39.124506Z,Rule Firing,28bf32d.jpg,"Score: 95, Severity: critical, Rules: 1",96d9a3cce1c86c60
2026-01-16T16:20:39.124506Z,Rule Firing,28c027f.jpg,"Score: 95, Severity: critical, Rules: 1",9f5a496f2571b2db
2026-01-16T16:20:39.124506Z,Rule Firing,28c0ef8.jpg,"Score: 95, Severity: critical, Rules: 1",813bd60fc868fcf0
2026-01-16T16:20:39.124506Z,Rule Firing,28c1135.jpg,"Score: 95, Severity: critical, Rules: 1",da76f7ced6e261f1
2026-01-16T16:20:39.124506Z,Rule Firing,28c309b.jpg,"Score: 95, Severity: critical, Rules: 1",29cb5809e008c0fa
2026-01-16T16:20:39.124506Z,Rule Firing,28c442a.jpg,"Score: 95, Severity: critical, Rules: 1",c7747b344d1fc6cb
2026-01-16T16:20:39.124506Z,Rule Firing,28c5c45.jpg,"Score: 95, Severity: critical, Rules: 1",5d1e13f63036ae0f
2026-01-16T16:20:39.164657Z,Rule Firing,28c6cf1.jpg,"Score: 95, Severity: critical, Rules: 1",fb3a620d75f75491
2026-01-16T16:20:39.164657Z,Rule Firing,28c856a.jpg,"Score: 95, Severity: critical, Rules: 1",19a0c86a732f3617
2026-01-16T16:20:39.166803Z,Rule Firing,28c94eb.jpg,"Score: 95, Severity: critical, Rules: 1",90601f322628a944
2026-01-16T16:20:39.166803Z,Rule Firing,28caac3.jpg,"Score: 95, Severity: critical, Rules: 1",7d2f926668983551
2026-01-16T16:20:39.166803Z,Rule Firing,28cba5c.jpg,"Score: 95, Severity: critical, Rules: 1",4dc462cd06dcba01
2026-01-16T16:20:39.166803Z,Rule Firing,28cc706.jpg,"Score: 95, Severity: critical, Rules: 1",5a1067bd3e0f771b
2026-01-16T16:20:39.168814Z,Rule Firing,28ccbd0.jpg,"Score: 95, Severity: critical, Rules: 1",93decff27217f210
2026-01-16T16:20:39.168814Z,Rule Firing,28cd9cf.jpg,"Score: 95, Severity: critical, Rules: 1",871ad7c49ab1b4d6
2026-01-16T16:20:39.168814Z,Rule Firing,28ce794.jpg,"Score: 95, Severity: critical, Rules: 1",707e1a995a4b27bd
2026-01-16T16:20:39.168814Z,Rule Firing,28d913b.jpg,"Score: 95, Severity: critical, Rules: 1",72a3f2bbf46ccc64
2026-01-16T16:20:39.202677Z,Rule Firing,28dd61c.jpg,"Score: 95, Severity: critical, Rules: 1",0600e0dbdb473660
2026-01-16T16:20:39.202677Z,Rule Firing,28e0b5b.jpg,"Score: 95, Severity: critical, Rules: 1",3b77e75ba8f90e48
2026-01-16T16:20:39.204746Z,Rule Firing,28e1a03.jpg,"Score: 95, Severity: critical, Rules: 1",c64b02f46ee39a61
2026-01-16T16:20:39.204746Z,Rule Firing,28e2c9a.jpg,"Score: 95, Severity: critical, Rules: 1",b02ce9b66533ccae
2026-01-16T16:20:39.204746Z,Rule Firing,28e398f.jpg,"Score: 95, Severity: critical, Rules: 1",5a24bf0593d639bd
2026-01-16T16:20:39.204746Z,Rule Firing,28e602a.jpg,"Score: 95, Severity: critical, Rules: 1",94a0b91472a1a191
2026-01-16T16:20:39.204746Z,Rule Firing,28e6db6.jpg,"Score: 95, Severity: critical, Rules: 1",b29cdca97e173668
2026-01-16T16:20:39.204746Z,Rule Firing,28eb69c.jpg,"Score: 95, Severity: critical, Rules: 1",3ba7d3c97fa27cfd
2026-01-16T16:20:39.204746Z,Rule Firing,28ebb3a.jpg,"Score: 95, Severity: critical, Rules: 1",a5f461995d0e64e2
2026-01-16T16:20:39.204746Z,Rule Firing,2902004.jpg,"Score: 95, Severity: critical, Rules: 1",39653ea0855d142c
2026-01-16T16:20:39.242333Z,Rule Firing,2916e27.jpg,"Score: 95, Severity: critical, Rules: 1",3c234fd41db29d77
2026-01-16T16:20:39.242333Z,Rule Firing,291d039.jpg,"Score: 95, Severity: critical, Rules: 1",39bf30e4122a1306
2026-01-16T16:20:39.242333Z,Rule Firing,291d205.jpg,"Score: 95, Severity: critical, Rules: 1",28b8fed0898a7b79
2026-01-16T16:20:39.242333Z,Rule Firing,291d6f3.jpg,"Score: 95, Severity: critical, Rules: 1",477e15426e77db5b
2026-01-16T16:20:39.244344Z,Rule Firing,291d809.jpg,"Score: 95, Severity: critical, Rules: 1",5f380ba66e2f9560
2026-01-16T16:20:39.244344Z,Rule Firing,291da9d.jpg,"Score: 95, Severity: critical, Rules: 1",c3a944e6a1f8d6c9
2026-01-16T16:20:39.244344Z,Rule Firing,291dc53.jpg,"Score: 95, Severity: critical, Rules: 1",5636dfb5929e1f2c
2026-01-16T16:20:39.246383Z,Rule Firing,291ddf9.jpg,"Score: 95, Severity: critical, Rules: 1",45a89953f9aec61c
2026-01-16T16:20:39.246383Z,Rule Firing,291e437.jpg,"Score: 95, Severity: critical, Rules: 1",69b9ed0fdb5b6d5d
2026-01-16T16:20:39.246383Z,Rule Firing,291e5a9.jpg,"Score: 95, Severity: critical, Rules: 1",88855d7fc2124600
2026-01-16T16:20:39.284283Z,Rule Firing,291eded.jpg,"Score: 95, Severity: critical, Rules: 1",724f15017001eaa8
2026-01-16T16:20:39.284283Z,Rule Firing,292ca27.jpg,"Score: 95, Severity: critical, Rules: 1",1956297aa6c2167a
2026-01-16T16:20:39.284283Z,Rule Firing,292ee9b.jpg,"Score: 95, Severity: critical, Rules: 1",d40ad4a70bbfd83f
2026-01-16T16:20:39.284283Z,Rule Firing,292f08b.jpg,"Score: 95, Severity: critical, Rules: 1",64bd2c62a3c72312
2026-01-16T16:20:39.284283Z,Rule Firing,292ff99.jpg,"Score: 95, Severity: critical, Rules: 1",8638cec57b182fa0
2026-01-16T16:20:39.284283Z,Rule Firing,2930913.jpg,"Score: 95, Severity: critical, Rules: 1",24c26bbd97803028
2026-01-16T16:20:39.284283Z,Rule Firing,29316bb.jpg,"Score: 95, Severity: critical, Rules: 1",e2463a4aa9f49275
2026-01-16T16:20:39.284283Z,Rule Firing,2932e94.jpg,"Score: 95, Severity: critical, Rules: 1",e345d14a73713b57
2026-01-16T16:20:39.284283Z,Rule Firing,2933d53.jpg,"Score: 95, Severity: critical, Rules: 1",226054e050c88daf
2026-01-16T16:20:39.284283Z,Rule Firing,29347af.jpg,"Score: 95, Severity: critical, Rules: 1",d0877adb60c6e8d1
2026-01-16T16:20:39.332181Z,Rule Firing,2935417.jpg,"Score: 95, Severity: critical, Rules: 1",3241174b464277d9
2026-01-16T16:20:39.332181Z,Rule Firing,293c07a.jpg,"Score: 95, Severity: critical, Rules: 1",5da354cdc36f20bd
2026-01-16T16:20:39.332181Z,Rule Firing,293f559.jpg,"Score: 95, Severity: critical, Rules: 1",dcf0df6f7078580f
2026-01-16T16:20:39.334187Z,Rule Firing,294d54f.jpg,"Score: 95, Severity: critical, Rules: 1",608db49e718d6003
2026-01-16T16:20:39.334187Z,Rule Firing,29524b5.jpg,"Score: 95, Severity: critical, Rules: 1",13199df32720f4da
2026-01-16T16:20:39.334187Z,Rule Firing,2952bbd.jpg,"Score: 95, Severity: critical, Rules: 1",12fa80d0a2e745c4
2026-01-16T16:20:39.334187Z,Rule Firing,296759c.jpg,"Score: 95, Severity: critical, Rules: 1",de847dc945567d99
2026-01-16T16:20:39.334187Z,Rule Firing,2974524.jpg,"Score: 95, Severity: critical, Rules: 1",40edf2de688ac4d5
2026-01-16T16:20:39.334187Z,Rule Firing,2977395.jpg,"Score: 95, Severity: critical, Rules: 1",d78868cdc66b8e39
2026-01-16T16:20:39.334187Z,Rule Firing,29780ff.jpg,"Score: 95, Severity: critical, Rules: 1",5b35535ce901b616
2026-01-16T16:20:39.374418Z,Rule Firing,297d729.jpg,"Score: 95, Severity: critical, Rules: 1",d63a1d0e79f01587
2026-01-16T16:20:39.374418Z,Rule Firing,2985fd1.jpg,"Score: 95, Severity: critical, Rules: 1",fc209f3e2b40f0e6
2026-01-16T16:20:39.374418Z,Rule Firing,29898a0.jpg,"Score: 95, Severity: critical, Rules: 1",a5878c3a9bd81382
2026-01-16T16:20:39.377985Z,Rule Firing,298c338.jpg,"Score: 95, Severity: critical, Rules: 1",8b7fab6a667bf83f
2026-01-16T16:20:39.377985Z,Rule Firing,2992691.jpg,"Score: 95, Severity: critical, Rules: 1",4a5027def3495e09
2026-01-16T16:20:39.377985Z,Rule Firing,29a3ac2.jpg,"Score: 95, Severity: critical, Rules: 1",539d12d3a2f0dbde
2026-01-16T16:20:39.377985Z,Rule Firing,29c6419.jpg,"Score: 95, Severity: critical, Rules: 1",94e6c8bf6094871d
2026-01-16T16:20:39.377985Z,Rule Firing,29c86f2.jpg,"Score: 95, Severity: critical, Rules: 1",93b4c9bcb7db3711
2026-01-16T16:20:39.377985Z,Rule Firing,29d0b29.jpg,"Score: 95, Severity: critical, Rules: 1",a8fdaaff63f36fe8
2026-01-16T16:20:39.377985Z,Rule Firing,29d2b35.jpg,"Score: 95, Severity: critical, Rules: 1",4cdb7f362a220b05
2026-01-16T16:20:39.414587Z,Rule Firing,29d3c95.jpg,"Score: 95, Severity: critical, Rules: 1",28528422c10437f2
2026-01-16T16:20:39.414587Z,Rule Firing,29d4941.jpg,"Score: 95, Severity: critical, Rules: 1",5572ad65d0453302
2026-01-16T16:20:39.414587Z,Rule Firing,29e0cab.jpg,"Score: 95, Severity: critical, Rules: 1",5c24a3cd77647b8f
2026-01-16T16:20:39.414587Z,Rule Firing,29e17a0.jpg,"Score: 95, Severity: critical, Rules: 1",a238cdaff25e33b7
2026-01-16T16:20:39.414587Z,Rule Firing,29e193.jpg,"Score: 95, Severity: critical, Rules: 1",fb9f8401b42f1721
2026-01-16T16:20:39.414587Z,Rule Firing,29e26d2.jpg,"Score: 95, Severity: critical, Rules: 1",c8671fe3c138cffd
2026-01-16T16:20:39.414587Z,Rule Firing,29e3711.jpg,"Score: 95, Severity: critical, Rules: 1",05505e05f02e4cda
2026-01-16T16:20:39.414587Z,Rule Firing,29e4457.jpg,"Score: 95, Severity: critical, Rules: 1",870d9d01c095cf3b
2026-01-16T16:20:39.414587Z,Rule Firing,29e50a8.jpg,"Score: 95, Severity: critical, Rules: 1",1b6734a451d9a0dd
2026-01-16T16:20:39.414587Z,Rule Firing,29e5c5c.jpg,"Score: 95, Severity: critical, Rules: 1",cf13effbf21b941b
2026-01-16T16:20:39.457513Z,Rule Firing,29e6bf0.jpg,"Score: 95, Severity: critical, Rules: 1",688e4063c6607fed
2026-01-16T16:20:39.457513Z,Rule Firing,29e765f.jpg,"Score: 95, Severity: critical, Rules: 1",0ef5037bc2bfd844
2026-01-16T16:20:39.457513Z,Rule Firing,29e8a4a.jpg,"Score: 95, Severity: critical, Rules: 1",50cde80875c01a81
2026-01-16T16:20:39.457513Z,Rule Firing,29e9548.jpg,"Score: 95, Severity: critical, Rules: 1",0fbeca3e9d98bde9
2026-01-16T16:20:39.457513Z,Rule Firing,29e9879.jpg,"Score: 95, Severity: critical, Rules: 1",d531253336421470
2026-01-16T16:20:39.457513Z,Rule Firing,29ea5e0.jpg,"Score: 95, Severity: critical, Rules: 1",dcd7b8dbfa9bace9
2026-01-16T16:20:39.457513Z,Rule Firing,29eba21.jpg,"Score: 95, Severity: critical, Rules: 1",32adfa7cd28b5914
2026-01-16T16:20:39.457513Z,Rule Firing,29ec6af.jpg,"Score: 95, Severity: critical, Rules: 1",631d37b45b83623b
2026-01-16T16:20:39.457513Z,Rule Firing,29ed4e4.jpg,"Score: 95, Severity: critical, Rules: 1",e2761dcf8f3365af
2026-01-16T16:20:39.464305Z,Rule Firing,29ee1af.jpg,"Score: 95, Severity: critical, Rules: 1",40e616106ee4d6fb
2026-01-16T16:20:39.498432Z,Rule Firing,29eed5c.jpg,"Score: 95, Severity: critical, Rules: 1",8ead8d73395355c2
2026-01-16T16:20:39.498432Z,Rule Firing,29f3c31.jpg,"Score: 95, Severity: critical, Rules: 1",8b52023b62ece845
2026-01-16T16:20:39.500443Z,Rule Firing,2a201dd.jpg,"Score: 95, Severity: critical, Rules: 1",ff6e68b29a97314c
2026-01-16T16:20:39.500443Z,Rule Firing,2a2111d.jpg,"Score: 95, Severity: critical, Rules: 1",8d519757ab0d0d67
2026-01-16T16:20:39.500443Z,Rule Firing,2a22111.jpg,"Score: 95, Severity: critical, Rules: 1",b57eeec884c76e2d
2026-01-16T16:20:39.502454Z,Rule Firing,2a23b63.jpg,"Score: 95, Severity: critical, Rules: 1",e6913b80d20e33a5
2026-01-16T16:20:39.502454Z,Rule Firing,2a27daf.jpg,"Score: 95, Severity: critical, Rules: 1",cb0987b27d5ffb48
2026-01-16T16:20:39.502454Z,Rule Firing,2a2b2b7.jpg,"Score: 95, Severity: critical, Rules: 1",5caf8ed99e54119d
2026-01-16T16:20:39.502454Z,Rule Firing,2a2cbbb.jpg,"Score: 95, Severity: critical, Rules: 1",9874b42bac7b212a
2026-01-16T16:20:39.504468Z,Rule Firing,2a2d3c1.jpg,"Score: 95, Severity: critical, Rules: 1",e328f04e841761ea
2026-01-16T16:20:39.541946Z,Rule Firing,2a2e089.jpg,"Score: 95, Severity: critical, Rules: 1",dc63ad8f3e0f39dc
2026-01-16T16:20:39.541946Z,Rule Firing,2a2fba7.jpg,"Score: 95, Severity: critical, Rules: 1",46c2acec5193e244
2026-01-16T16:20:39.544457Z,Rule Firing,2a30b81.jpg,"Score: 95, Severity: critical, Rules: 1",c0ddbf567bc09750
2026-01-16T16:20:39.544457Z,Rule Firing,2a361c.jpg,"Score: 95, Severity: critical, Rules: 1",cf4ade97c024d92f
2026-01-16T16:20:39.544457Z,Rule Firing,2a41f0.jpg,"Score: 95, Severity: critical, Rules: 1",292caa8209495df8
2026-01-16T16:20:39.544457Z,Rule Firing,2a5dd26.jpg,"Score: 95, Severity: critical, Rules: 1",ffb8f0aa66daf27b
2026-01-16T16:20:39.544457Z,Rule Firing,2a71606.jpg,"Score: 95, Severity: critical, Rules: 1",844ca4b05579f186
2026-01-16T16:20:39.544457Z,Rule Firing,2a7fdf9.jpg,"Score: 95, Severity: critical, Rules: 1",66d93c80e3212e5a
2026-01-16T16:20:39.544457Z,Rule Firing,2a80337.jpg,"Score: 95, Severity: critical, Rules: 1",05379ed5b6cb45aa
2026-01-16T16:20:39.544457Z,Rule Firing,2a814ab.jpg,"Score: 95, Severity: critical, Rules: 1",090ce0f1605f78fb
2026-01-16T16:20:39.584634Z,Rule Firing,2a814bb.jpg,"Score: 95, Severity: critical, Rules: 1",1461db000cf21ea2
2026-01-16T16:20:39.584634Z,Rule Firing,2a818ab.jpg,"Score: 95, Severity: critical, Rules: 1",6a36bad3e9efcc35
2026-01-16T16:20:39.584634Z,Rule Firing,2a88983.jpg,"Score: 95, Severity: critical, Rules: 1",3692dd38f0c3f2ef
2026-01-16T16:20:39.584634Z,Rule Firing,2a88d25.jpg,"Score: 95, Severity: critical, Rules: 1",e6275c9c20d11101
2026-01-16T16:20:39.584634Z,Rule Firing,2a88e05.jpg,"Score: 95, Severity: critical, Rules: 1",e2203ed7fa489352
2026-01-16T16:20:39.584634Z,Rule Firing,2a89879.jpg,"Score: 95, Severity: critical, Rules: 1",72030ffb1c60842d
2026-01-16T16:20:39.584634Z,Rule Firing,2a8a2bb.jpg,"Score: 95, Severity: critical, Rules: 1",059de9304f6f4414
2026-01-16T16:20:39.584634Z,Rule Firing,2aa51fd.jpg,"Score: 95, Severity: critical, Rules: 1",27eb2c553233824e
2026-01-16T16:20:39.584634Z,Rule Firing,2ab72a.jpg,"Score: 95, Severity: critical, Rules: 1",40bcb30dacb93c03
2026-01-16T16:20:39.584634Z,Rule Firing,2ac4d09.jpg,"Score: 95, Severity: critical, Rules: 1",c59342006d900270
2026-01-16T16:20:39.624308Z,Rule Firing,2ac655e.jpg,"Score: 95, Severity: critical, Rules: 1",01498535ad9beec3
2026-01-16T16:20:39.624308Z,Rule Firing,2ac7c0.jpg,"Score: 95, Severity: critical, Rules: 1",ddc69fb1de07553b
2026-01-16T16:20:39.624308Z,Rule Firing,2acd55e.jpg,"Score: 95, Severity: critical, Rules: 1",34455d870d70940d
2026-01-16T16:20:39.624308Z,Rule Firing,2ad48b.jpg,"Score: 95, Severity: critical, Rules: 1",0fddd3d1323c4197
2026-01-16T16:20:39.624308Z,Rule Firing,2adbf3d.jpg,"Score: 95, Severity: critical, Rules: 1",f01d0f4768add7e7
2026-01-16T16:20:39.624308Z,Rule Firing,2adc8e5.jpg,"Score: 95, Severity: critical, Rules: 1",41955b77bf5ef61c
2026-01-16T16:20:39.624308Z,Rule Firing,2adfb7.jpg,"Score: 95, Severity: critical, Rules: 1",20c6227253890ab7
2026-01-16T16:20:39.624308Z,Rule Firing,2ae3fc3.jpg,"Score: 95, Severity: critical, Rules: 1",21d6a98b14aabedb
2026-01-16T16:20:39.624308Z,Rule Firing,2ae46bf.jpg,"Score: 95, Severity: critical, Rules: 1",60d372d96d18aef1
2026-01-16T16:20:39.624308Z,Rule Firing,2ae5d4f.jpg,"Score: 95, Severity: critical, Rules: 1",12290ea75d34effb
2026-01-16T16:20:39.664601Z,Rule Firing,2ae6a29.jpg,"Score: 95, Severity: critical, Rules: 1",29942a58c1417f44
2026-01-16T16:20:39.664601Z,Rule Firing,2ae6e51.jpg,"Score: 95, Severity: critical, Rules: 1",4c3ed8869fa90746
2026-01-16T16:20:39.666644Z,Rule Firing,2ae7ad9.jpg,"Score: 95, Severity: critical, Rules: 1",fbbb85d4df733590
2026-01-16T16:20:39.666644Z,Rule Firing,2ae7bb9.jpg,"Score: 95, Severity: critical, Rules: 1",d77bdbd9f2497dad
2026-01-16T16:20:39.666644Z,Rule Firing,2aec78.jpg,"Score: 95, Severity: critical, Rules: 1",f0864b5039a1d2ae
2026-01-16T16:20:39.666644Z,Rule Firing,2af817.jpg,"Score: 95, Severity: critical, Rules: 1",1417c27664cc14e0
2026-01-16T16:20:39.666644Z,Rule Firing,2b0d11f.jpg,"Score: 95, Severity: critical, Rules: 1",9c715567aaf6319c
2026-01-16T16:20:39.666644Z,Rule Firing,2b3553.jpg,"Score: 95, Severity: critical, Rules: 1",9622c25d6c19fab6
2026-01-16T16:20:39.666644Z,Rule Firing,2b3d733.jpg,"Score: 95, Severity: critical, Rules: 1",2ce11a4716731b39
2026-01-16T16:20:39.666644Z,Rule Firing,2b3ff3.jpg,"Score: 95, Severity: critical, Rules: 1",f07a78665d90f587
2026-01-16T16:20:39.704572Z,Rule Firing,2b40e9b.jpg,"Score: 95, Severity: critical, Rules: 1",20804f8303d67b75
2026-01-16T16:20:39.704572Z,Rule Firing,2b56fb3.jpg,"Score: 95, Severity: critical, Rules: 1",deee2a4404eef08d
2026-01-16T16:20:39.704572Z,Rule Firing,2b58b21.jpg,"Score: 95, Severity: critical, Rules: 1",6cd7f034962a69df
2026-01-16T16:20:39.704572Z,Rule Firing,2b5a8eb.jpg,"Score: 95, Severity: critical, Rules: 1",93f06ce912922f27
2026-01-16T16:20:39.704572Z,Rule Firing,2b5cf5.jpg,"Score: 95, Severity: critical, Rules: 1",b87ed773d972f74c
2026-01-16T16:20:39.710562Z,Rule Firing,2b679a.jpg,"Score: 95, Severity: critical, Rules: 1",df0070a69964f801
2026-01-16T16:20:39.710562Z,Rule Firing,2b6a523.jpg,"Score: 95, Severity: critical, Rules: 1",23e8556a9459cad3
2026-01-16T16:20:39.710562Z,Rule Firing,2b71f7.jpg,"Score: 95, Severity: critical, Rules: 1",869b90eecff13ad0
2026-01-16T16:20:39.710562Z,Rule Firing,2b7e63.jpg,"Score: 95, Severity: critical, Rules: 1",1da1e7a3a825ef32
2026-01-16T16:20:39.710562Z,Rule Firing,2b8272c.jpg,"Score: 95, Severity: critical, Rules: 1",21cd86a278759852
2026-01-16T16:20:39.744778Z,Rule Firing,2b8504b.jpg,"Score: 95, Severity: critical, Rules: 1",43b9a9daa3953247
2026-01-16T16:20:39.744778Z,Rule Firing,2b882c6.jpg,"Score: 95, Severity: critical, Rules: 1",b2f450488aa89cee
2026-01-16T16:20:39.744778Z,Rule Firing,2b8c71.jpg,"Score: 95, Severity: critical, Rules: 1",7c3cad80dc6c3b40
2026-01-16T16:20:39.744778Z,Rule Firing,2b959da.jpg,"Score: 95, Severity: critical, Rules: 1",396eff930b847ab9
2026-01-16T16:20:39.744778Z,Rule Firing,2b9888.jpg,"Score: 95, Severity: critical, Rules: 1",e44d483396c356e4
2026-01-16T16:20:39.744778Z,Rule Firing,2b9d0c9.jpg,"Score: 95, Severity: critical, Rules: 1",9ce94c5b2d9d5063
2026-01-16T16:20:39.744778Z,Rule Firing,2ba457.jpg,"Score: 95, Severity: critical, Rules: 1",683749fe400d5116
2026-01-16T16:20:39.744778Z,Rule Firing,2ba5ec8.jpg,"Score: 95, Severity: critical, Rules: 1",cf70f9ea9a6ceef8
2026-01-16T16:20:39.744778Z,Rule Firing,2ba89ee.jpg,"Score: 95, Severity: critical, Rules: 1",2b3e367584b8aff0
2026-01-16T16:20:39.754455Z,Rule Firing,2bac8a1.jpg,"Score: 95, Severity: critical, Rules: 1",7c7d1f63399cef46
2026-01-16T16:20:39.789507Z,Rule Firing,2bb01b.jpg,"Score: 95, Severity: critical, Rules: 1",5d00726865a4e228
2026-01-16T16:20:39.789507Z,Rule Firing,2bb4b50.jpg,"Score: 95, Severity: critical, Rules: 1",b710e20d512e71b1
2026-01-16T16:20:39.790592Z,Rule Firing,2bbb97.jpg,"Score: 95, Severity: critical, Rules: 1",3a44ef20b2e6683a
2026-01-16T16:20:39.790592Z,Rule Firing,2bc0f01.jpg,"Score: 95, Severity: critical, Rules: 1",bc9e3d448738056e
2026-01-16T16:20:39.790592Z,Rule Firing,2bc12fb.jpg,"Score: 95, Severity: critical, Rules: 1",67cf64494f35b424
2026-01-16T16:20:39.790592Z,Rule Firing,2bc7ae.jpg,"Score: 95, Severity: critical, Rules: 1",2513d52ccba84fdb
2026-01-16T16:20:39.790592Z,Rule Firing,2bca681.jpg,"Score: 95, Severity: critical, Rules: 1",1dea229d05376695
2026-01-16T16:20:39.790592Z,Rule Firing,2bcc288.jpg,"Score: 95, Severity: critical, Rules: 1",15c99a1e6c3ba7f1
2026-01-16T16:20:39.790592Z,Rule Firing,2bd5cfb.jpg,"Score: 95, Severity: critical, Rules: 1",e2bafc5a2566e364
2026-01-16T16:20:39.794554Z,Rule Firing,2be1fab.jpg,"Score: 95, Severity: critical, Rules: 1",252b0be985fb27fe
2026-01-16T16:20:39.824464Z,Rule Firing,2beb5af.jpg,"Score: 95, Severity: critical, Rules: 1",830396597be06818
2026-01-16T16:20:39.824464Z,Rule Firing,2bf0b2e.jpg,"Score: 95, Severity: critical, Rules: 1",514c868a12d9650d
2026-01-16T16:20:39.824464Z,Rule Firing,2bf8afd.jpg,"Score: 95, Severity: critical, Rules: 1",e28dcc5c1989a9bd
2026-01-16T16:20:39.824464Z,Rule Firing,2bfa166.jpg,"Score: 95, Severity: critical, Rules: 1",a09d89c435490b36
2026-01-16T16:20:39.824464Z,Rule Firing,2c025a9.jpg,"Score: 95, Severity: critical, Rules: 1",e573ec88ddf67632
2026-01-16T16:20:39.834609Z,Rule Firing,2c07bd5.jpg,"Score: 95, Severity: critical, Rules: 1",e2e14b2ffb5c2a6c
2026-01-16T16:20:39.834609Z,Rule Firing,2c0d1b5.jpg,"Score: 95, Severity: critical, Rules: 1",880c43718ba576ff
2026-01-16T16:20:39.834609Z,Rule Firing,2c0db91.jpg,"Score: 95, Severity: critical, Rules: 1",1cbb410573064cda
2026-01-16T16:20:39.834609Z,Rule Firing,2c0f3db.jpg,"Score: 95, Severity: critical, Rules: 1",563656ff289f7d04
2026-01-16T16:20:39.834609Z,Rule Firing,2c116fb.jpg,"Score: 95, Severity: critical, Rules: 1",4975de34bcff6df9
2026-01-16T16:20:39.864383Z,Rule Firing,2c1181d.jpg,"Score: 95, Severity: critical, Rules: 1",137f65edd7d4a735
2026-01-16T16:20:39.864383Z,Rule Firing,2c1bd6c.jpg,"Score: 95, Severity: critical, Rules: 1",03eabf40e8502653
2026-01-16T16:20:39.864383Z,Rule Firing,2c30cf.jpg,"Score: 95, Severity: critical, Rules: 1",7ce4831e494bc66b
2026-01-16T16:20:39.875173Z,Rule Firing,2c54bcd.jpg,"Score: 95, Severity: critical, Rules: 1",1452d082ee3733d6
2026-01-16T16:20:39.875173Z,Rule Firing,2c558ff.jpg,"Score: 95, Severity: critical, Rules: 1",981d811a030f7e7b
2026-01-16T16:20:39.875173Z,Rule Firing,2c58fbd.jpg,"Score: 95, Severity: critical, Rules: 1",de47afaf57e21f08
2026-01-16T16:20:39.875173Z,Rule Firing,2c5cac3.jpg,"Score: 95, Severity: critical, Rules: 1",47120f4f2fe423a8
2026-01-16T16:20:39.877314Z,Rule Firing,2c5eecd.jpg,"Score: 95, Severity: critical, Rules: 1",36a9a7f94e53718b
2026-01-16T16:20:39.877314Z,Rule Firing,2c621e3.jpg,"Score: 95, Severity: critical, Rules: 1",9a16753f1030b489
2026-01-16T16:20:39.877314Z,Rule Firing,2c68f3f.jpg,"Score: 95, Severity: critical, Rules: 1",69453c5a1aa9888e
2026-01-16T16:20:39.914395Z,Rule Firing,2c6a4fd.jpg,"Score: 95, Severity: critical, Rules: 1",24316ea100312c0e
2026-01-16T16:20:39.914395Z,Rule Firing,2c6c309.jpg,"Score: 95, Severity: critical, Rules: 1",7186e90449f11394
2026-01-16T16:20:39.914395Z,Rule Firing,2c7ce0d.jpg,"Score: 95, Severity: critical, Rules: 1",dc9dbf6b4f80bb0a
2026-01-16T16:20:39.916447Z,Rule Firing,2c80b6d.jpg,"Score: 95, Severity: critical, Rules: 1",5ceb145175026863
2026-01-16T16:20:39.916447Z,Rule Firing,2c861ec.jpg,"Score: 95, Severity: critical, Rules: 1",5fa789cc06909e60
2026-01-16T16:20:39.916447Z,Rule Firing,2c87c51.jpg,"Score: 95, Severity: critical, Rules: 1",692c66a801c6c604
2026-01-16T16:20:39.916447Z,Rule Firing,2c902af.jpg,"Score: 95, Severity: critical, Rules: 1",be1ac5404e248d89
2026-01-16T16:20:39.918462Z,Rule Firing,2c90d74.jpg,"Score: 95, Severity: critical, Rules: 1",ee76913310d40957
2026-01-16T16:20:39.918462Z,Rule Firing,2c91eec.jpg,"Score: 95, Severity: critical, Rules: 1",f6f147ae3ffa1088
2026-01-16T16:20:39.918462Z,Rule Firing,2c92b86.jpg,"Score: 95, Severity: critical, Rules: 1",0c9845a3dc8143c1
2026-01-16T16:20:39.954698Z,Rule Firing,2c9663d.jpg,"Score: 95, Severity: critical, Rules: 1",0c368f62a19eb280
2026-01-16T16:20:39.954698Z,Rule Firing,2c9859f.jpg,"Score: 95, Severity: critical, Rules: 1",a121c2888d862a27
2026-01-16T16:20:39.954698Z,Rule Firing,2c9b081.jpg,"Score: 95, Severity: critical, Rules: 1",37b4407d968dc210
2026-01-16T16:20:39.954698Z,Rule Firing,2c9b6fd.jpg,"Score: 95, Severity: critical, Rules: 1",b0e3d7e8d517b5a4
2026-01-16T16:20:39.954698Z,Rule Firing,2c9bd4b.jpg,"Score: 95, Severity: critical, Rules: 1",56710aa7b46eb1be
2026-01-16T16:20:39.954698Z,Rule Firing,2c9c31b.jpg,"Score: 95, Severity: critical, Rules: 1",9d2d9198ee58d276
2026-01-16T16:20:39.954698Z,Rule Firing,2c9cd43.jpg,"Score: 95, Severity: critical, Rules: 1",bf329038bd5e9f76
2026-01-16T16:20:39.954698Z,Rule Firing,2c9da60.jpg,"Score: 95, Severity: critical, Rules: 1",5f187520cac8aeeb
2026-01-16T16:20:39.954698Z,Rule Firing,2c9f190.jpg,"Score: 95, Severity: critical, Rules: 1",0020f7f2219f599c
2026-01-16T16:20:39.954698Z,Rule Firing,2ca0065.jpg,"Score: 95, Severity: critical, Rules: 1",eeed0fb9c9ecbd7c
2026-01-16T16:20:39.994338Z,Rule Firing,2ca0396.jpg,"Score: 95, Severity: critical, Rules: 1",6b57b2747dc89f83
2026-01-16T16:20:39.994338Z,Rule Firing,2ca07f1.jpg,"Score: 95, Severity: critical, Rules: 1",a1a99011181d3446
2026-01-16T16:20:39.994338Z,Rule Firing,2ca0c93.jpg,"Score: 95, Severity: critical, Rules: 1",5ac167d555036e8e
2026-01-16T16:20:39.994338Z,Rule Firing,2ca104e.jpg,"Score: 95, Severity: critical, Rules: 1",43404b79da238d88
2026-01-16T16:20:39.994338Z,Rule Firing,2ca8764.jpg,"Score: 95, Severity: critical, Rules: 1",d4a5cbc3301febbd
2026-01-16T16:20:39.994338Z,Rule Firing,2ca8ae0.jpg,"Score: 95, Severity: critical, Rules: 1",c69a98a00eba1f13
2026-01-16T16:20:39.994338Z,Rule Firing,2ca8f37.jpg,"Score: 95, Severity: critical, Rules: 1",d0a5b22d931f4028
2026-01-16T16:20:39.994338Z,Rule Firing,2cab5bd.jpg,"Score: 95, Severity: critical, Rules: 1",a18bc35f9c1cbc26
2026-01-16T16:20:39.994338Z,Rule Firing,2cb1481.jpg,"Score: 95, Severity: critical, Rules: 1",7acbfd8dad0eadec
2026-01-16T16:20:39.994338Z,Rule Firing,2cbfb51.jpg,"Score: 95, Severity: critical, Rules: 1",9a570751c2e2f02e
2026-01-16T16:20:40.037879Z,Rule Firing,2cc088a.jpg,"Score: 95, Severity: critical, Rules: 1",ba83ccab5a8c380e
2026-01-16T16:20:40.037879Z,Rule Firing,2cc11f1.jpg,"Score: 95, Severity: critical, Rules: 1",8e11a00c3916f29a
2026-01-16T16:20:40.037879Z,Rule Firing,2cc305f.jpg,"Score: 95, Severity: critical, Rules: 1",194ffeb188773870
2026-01-16T16:20:40.037879Z,Rule Firing,2cc3a66.jpg,"Score: 95, Severity: critical, Rules: 1",f9d9307f4ecf8e95
2026-01-16T16:20:40.037879Z,Rule Firing,2cc59d7.jpg,"Score: 95, Severity: critical, Rules: 1",e057436b64c51b27
2026-01-16T16:20:40.044450Z,Rule Firing,2cc873b.jpg,"Score: 95, Severity: critical, Rules: 1",ef03d15a3cbe4c94
2026-01-16T16:20:40.044450Z,Rule Firing,2ccdd3d.jpg,"Score: 95, Severity: critical, Rules: 1",17f17c71081eb140
2026-01-16T16:20:40.044450Z,Rule Firing,2ccecdb.jpg,"Score: 95, Severity: critical, Rules: 1",1560aaf2fe428887
2026-01-16T16:20:40.044450Z,Rule Firing,2ccf713.jpg,"Score: 95, Severity: critical, Rules: 1",f42afeff733952cb
2026-01-16T16:20:40.044450Z,Rule Firing,2cd12c8.jpg,"Score: 95, Severity: critical, Rules: 1",5ee9ff3122ac7818
2026-01-16T16:20:40.084635Z,Rule Firing,2cd1d6d.jpg,"Score: 95, Severity: critical, Rules: 1",0e817d1657a242cc
2026-01-16T16:20:40.084635Z,Rule Firing,2cd47ef.jpg,"Score: 95, Severity: critical, Rules: 1",904d188c55db2358
2026-01-16T16:20:40.084635Z,Rule Firing,2cd9ce6.jpg,"Score: 95, Severity: critical, Rules: 1",36740ecd8048904e
2026-01-16T16:20:40.084635Z,Rule Firing,2ce1f14.jpg,"Score: 95, Severity: critical, Rules: 1",2793c20d053ad712
2026-01-16T16:20:40.084635Z,Rule Firing,2ce523e.jpg,"Score: 95, Severity: critical, Rules: 1",8f7f9f31fa0fdaa9
2026-01-16T16:20:40.084635Z,Rule Firing,2ce6093.jpg,"Score: 95, Severity: critical, Rules: 1",a1b4fa3444f1c1a2
2026-01-16T16:20:40.089817Z,Rule Firing,2ce632b.jpg,"Score: 95, Severity: critical, Rules: 1",a0e458663ad0740d
2026-01-16T16:20:40.089817Z,Rule Firing,2ce6736.jpg,"Score: 95, Severity: critical, Rules: 1",ba9874ea74db09de
2026-01-16T16:20:40.089817Z,Rule Firing,2cecb2d.jpg,"Score: 95, Severity: critical, Rules: 1",a6b5b36038a442fa
2026-01-16T16:20:40.089817Z,Rule Firing,2cee2ed.jpg,"Score: 95, Severity: critical, Rules: 1",b6c87aa81ae51e71
2026-01-16T16:20:40.124544Z,Rule Firing,2cee6db.jpg,"Score: 95, Severity: critical, Rules: 1",32c8bedde9d41c1b
2026-01-16T16:20:40.124544Z,Rule Firing,2ceeae6.jpg,"Score: 95, Severity: critical, Rules: 1",7c3f71cebf85d523
2026-01-16T16:20:40.124544Z,Rule Firing,2cf46f8.jpg,"Score: 95, Severity: critical, Rules: 1",2ebc624a8a3b52c8
2026-01-16T16:20:40.124544Z,Rule Firing,2cf56e9.jpg,"Score: 95, Severity: critical, Rules: 1",e28f0ea0b32cfe29
2026-01-16T16:20:40.124544Z,Rule Firing,2cf6391.jpg,"Score: 95, Severity: critical, Rules: 1",ec11207a2a0c5761
2026-01-16T16:20:40.124544Z,Rule Firing,2cf8955.jpg,"Score: 95, Severity: critical, Rules: 1",e4bc30020f1e4ac7
2026-01-16T16:20:40.124544Z,Rule Firing,2cf8cd7.jpg,"Score: 95, Severity: critical, Rules: 1",8800e084a6048ced
2026-01-16T16:20:40.124544Z,Rule Firing,2cf8f6f.jpg,"Score: 95, Severity: critical, Rules: 1",cabd16244e5d547a
2026-01-16T16:20:40.124544Z,Rule Firing,2cf937a.jpg,"Score: 95, Severity: critical, Rules: 1",e4bd16667bcb7f5d
2026-01-16T16:20:40.124544Z,Rule Firing,2cfc4e0.jpg,"Score: 95, Severity: critical, Rules: 1",f8af53433a3ace03
2026-01-16T16:20:40.164672Z,Rule Firing,2cfc862.jpg,"Score: 95, Severity: critical, Rules: 1",c1470b41daf81012
2026-01-16T16:20:40.169537Z,Rule Firing,2cfcafa.jpg,"Score: 95, Severity: critical, Rules: 1",368e4a09154b9cb2
2026-01-16T16:20:40.169537Z,Rule Firing,2cfcf05.jpg,"Score: 95, Severity: critical, Rules: 1",6eb61d2233d7f483
2026-01-16T16:20:40.169537Z,Rule Firing,2cfe5eb.jpg,"Score: 95, Severity: critical, Rules: 1",1b64a5ddb6339a54
2026-01-16T16:20:40.169537Z,Rule Firing,2d0c03d.jpg,"Score: 95, Severity: critical, Rules: 1",adc282793d4c8833
2026-01-16T16:20:40.169537Z,Rule Firing,2d0c3bf.jpg,"Score: 95, Severity: critical, Rules: 1",28b87bf77dfd9f90
2026-01-16T16:20:40.169537Z,Rule Firing,2d0c657.jpg,"Score: 95, Severity: critical, Rules: 1",58d0a8749749c27d
2026-01-16T16:20:40.169537Z,Rule Firing,2d0ca62.jpg,"Score: 95, Severity: critical, Rules: 1",ccafaebbad45b6bd
2026-01-16T16:20:40.169537Z,Rule Firing,2d0d7f9.jpg,"Score: 95, Severity: critical, Rules: 1",ffd01473db43b462
2026-01-16T16:20:40.169537Z,Rule Firing,2d1ac4c.jpg,"Score: 95, Severity: critical, Rules: 1",a8fa055ea342f1a8
2026-01-16T16:20:40.204630Z,Rule Firing,2d51d72.jpg,"Score: 95, Severity: critical, Rules: 1",c8f330446749d591
2026-01-16T16:20:40.214624Z,Rule Firing,2d592c1.jpg,"Score: 95, Severity: critical, Rules: 1",3f13ce075048dfc6
2026-01-16T16:20:40.214624Z,Rule Firing,2d5de0d.jpg,"Score: 95, Severity: critical, Rules: 1",172a4a61cb788fb0
2026-01-16T16:20:40.214624Z,Rule Firing,2d68a69.jpg,"Score: 95, Severity: critical, Rules: 1",73055c921fc2b7a6
2026-01-16T16:20:40.214624Z,Rule Firing,2d756fa.jpg,"Score: 95, Severity: critical, Rules: 1",61d20a02a33c759f
2026-01-16T16:20:40.216389Z,Rule Firing,2d7d8f9.jpg,"Score: 95, Severity: critical, Rules: 1",32cce4c955a18929
2026-01-16T16:20:40.216389Z,Rule Firing,2d85270.jpg,"Score: 95, Severity: critical, Rules: 1",5ee3a1d0432e952b
2026-01-16T16:20:40.216389Z,Rule Firing,2d95baf.jpg,"Score: 95, Severity: critical, Rules: 1",c902784567b09885
2026-01-16T16:20:40.216389Z,Rule Firing,2d969ca.jpg,"Score: 95, Severity: critical, Rules: 1",e7037f0c74e8f04f
2026-01-16T16:20:40.216389Z,Rule Firing,2d9c099.jpg,"Score: 95, Severity: critical, Rules: 1",b76e022506589604
2026-01-16T16:20:40.254363Z,Rule Firing,2d9eb04.jpg,"Score: 95, Severity: critical, Rules: 1",504ae411856a09eb
2026-01-16T16:20:40.254363Z,Rule Firing,2dae39b.jpg,"Score: 95, Severity: critical, Rules: 1",33ccb991129fb2fb
2026-01-16T16:20:40.254363Z,Rule Firing,2dc06e5.jpg,"Score: 95, Severity: critical, Rules: 1",690621026e0f9812
2026-01-16T16:20:40.254363Z,Rule Firing,2dcc045.jpg,"Score: 95, Severity: critical, Rules: 1",958e0df27f50da5b
2026-01-16T16:20:40.254363Z,Rule Firing,2dcda35.jpg,"Score: 95, Severity: critical, Rules: 1",2d9fc89f243c9c1e
2026-01-16T16:20:40.254363Z,Rule Firing,2dd0f06.jpg,"Score: 95, Severity: critical, Rules: 1",751a0ca2d2817986
2026-01-16T16:20:40.254363Z,Rule Firing,2dd1270.jpg,"Score: 95, Severity: critical, Rules: 1",39de1ce0f384aa31
2026-01-16T16:20:40.254363Z,Rule Firing,2dd22c6.jpg,"Score: 95, Severity: critical, Rules: 1",c4fc8cd51574830b
2026-01-16T16:20:40.254363Z,Rule Firing,2dd9e47.jpg,"Score: 95, Severity: critical, Rules: 1",1a42589ca6446c75
2026-01-16T16:20:40.254363Z,Rule Firing,2ddb710.jpg,"Score: 95, Severity: critical, Rules: 1",88bc57a3fc3599e0
2026-01-16T16:20:40.296481Z,Rule Firing,2de059d.jpg,"Score: 95, Severity: critical, Rules: 1",e158163159e1f859
2026-01-16T16:20:40.296481Z,Rule Firing,2df421d.jpg,"Score: 95, Severity: critical, Rules: 1",846005602401539a
2026-01-16T16:20:40.296481Z,Rule Firing,2df5227.jpg,"Score: 95, Severity: critical, Rules: 1",7f76b4aa9f1fe616
2026-01-16T16:20:40.296481Z,Rule Firing,2df5407.jpg,"Score: 95, Severity: critical, Rules: 1",34b563513d4c73d9
2026-01-16T16:20:40.296481Z,Rule Firing,2df54a2.jpg,"Score: 95, Severity: critical, Rules: 1",bc7e654e9ecdcf79
2026-01-16T16:20:40.296481Z,Rule Firing,2df6b6a.jpg,"Score: 95, Severity: critical, Rules: 1",af93febfc26c3920
2026-01-16T16:20:40.296481Z,Rule Firing,2df8424.jpg,"Score: 95, Severity: critical, Rules: 1",46cc82dd0382f4a7
2026-01-16T16:20:40.296481Z,Rule Firing,2df9c2c.jpg,"Score: 95, Severity: critical, Rules: 1",fe632ad252707abf
2026-01-16T16:20:40.296481Z,Rule Firing,2dfd822.jpg,"Score: 95, Severity: critical, Rules: 1",b2e7d96435c04a25
2026-01-16T16:20:40.296481Z,Rule Firing,2dfe913.jpg,"Score: 95, Severity: critical, Rules: 1",2266b9cd7cf95af2
2026-01-16T16:20:40.335555Z,Rule Firing,2e0188c.jpg,"Score: 95, Severity: critical, Rules: 1",15abc0f891b741bb
2026-01-16T16:20:40.335555Z,Rule Firing,2e25704.jpg,"Score: 95, Severity: critical, Rules: 1",96900cb8b7ff0ecb
2026-01-16T16:20:40.335555Z,Rule Firing,2e25a7a.jpg,"Score: 95, Severity: critical, Rules: 1",1d8d64ddffd9fcc2
2026-01-16T16:20:40.335555Z,Rule Firing,2e26153.jpg,"Score: 95, Severity: critical, Rules: 1",8b410c00c4cc10a6
2026-01-16T16:20:40.335555Z,Rule Firing,2e26478.jpg,"Score: 95, Severity: critical, Rules: 1",4f0a6ac457625242
2026-01-16T16:20:40.335555Z,Rule Firing,2e2670c.jpg,"Score: 95, Severity: critical, Rules: 1",553eeceb807cce88
2026-01-16T16:20:40.335555Z,Rule Firing,2e2a973.jpg,"Score: 95, Severity: critical, Rules: 1",68b5c1eca58ca68b
2026-01-16T16:20:40.335555Z,Rule Firing,2e2bf93.jpg,"Score: 95, Severity: critical, Rules: 1",b8c025c26886a962
2026-01-16T16:20:40.335555Z,Rule Firing,2e36277.jpg,"Score: 95, Severity: critical, Rules: 1",b8ca149a35af0a94
2026-01-16T16:20:40.335555Z,Rule Firing,2e4b592.jpg,"Score: 95, Severity: critical, Rules: 1",9a80c386b612dcde
2026-01-16T16:20:40.384451Z,Rule Firing,2e8c88a.jpg,"Score: 95, Severity: critical, Rules: 1",8c218e998d87f16c
2026-01-16T16:20:40.384451Z,Rule Firing,2eaea4f.jpg,"Score: 95, Severity: critical, Rules: 1",29cf792fe5831218
2026-01-16T16:20:40.384451Z,Rule Firing,2eb7869.jpg,"Score: 95, Severity: critical, Rules: 1",3cc95028fac2dbfb
2026-01-16T16:20:40.384451Z,Rule Firing,2ebc096.jpg,"Score: 95, Severity: critical, Rules: 1",8f5729a64245b8a8
2026-01-16T16:20:40.384451Z,Rule Firing,2ec557e.jpg,"Score: 95, Severity: critical, Rules: 1",5e5a2af436232bf2
2026-01-16T16:20:40.384451Z,Rule Firing,2ed2be2.jpg,"Score: 95, Severity: critical, Rules: 1",a9b4b7a9067f9a42
2026-01-16T16:20:40.384451Z,Rule Firing,2eeed25.jpg,"Score: 95, Severity: critical, Rules: 1",2e8cb550f7a5aa50
2026-01-16T16:20:40.384451Z,Rule Firing,2ef727e.jpg,"Score: 95, Severity: critical, Rules: 1",cf2e758101573013
2026-01-16T16:20:40.384451Z,Rule Firing,2f0174c.jpg,"Score: 95, Severity: critical, Rules: 1",bd32bd84ce3d9043
2026-01-16T16:20:40.384451Z,Rule Firing,2f03926.jpg,"Score: 95, Severity: critical, Rules: 1",5099095a91c93e05
2026-01-16T16:20:40.424398Z,Rule Firing,2f0ae9a.jpg,"Score: 95, Severity: critical, Rules: 1",0e035c3d4b58c113
2026-01-16T16:20:40.424398Z,Rule Firing,2f1f880.jpg,"Score: 95, Severity: critical, Rules: 1",e9189a312684743e
2026-01-16T16:20:40.424398Z,Rule Firing,2f5825.jpg,"Score: 95, Severity: critical, Rules: 1",50b89df1b6d75f2d
2026-01-16T16:20:40.424398Z,Rule Firing,2f90ca4.jpg,"Score: 95, Severity: critical, Rules: 1",61c73ac277f2f109
2026-01-16T16:20:40.434663Z,Rule Firing,2f933e2.jpg,"Score: 95, Severity: critical, Rules: 1",6b0a2974441f1f43
2026-01-16T16:20:40.434663Z,Rule Firing,2f93e04.jpg,"Score: 95, Severity: critical, Rules: 1",5e368c7dcdd70691
2026-01-16T16:20:40.435770Z,Rule Firing,2f9cf21.jpg,"Score: 95, Severity: critical, Rules: 1",a326d8132aa75422
2026-01-16T16:20:40.435770Z,Rule Firing,2f9d4cd.jpg,"Score: 95, Severity: critical, Rules: 1",360eb33cd6ab528e
2026-01-16T16:20:40.435770Z,Rule Firing,2f9f906.jpg,"Score: 95, Severity: critical, Rules: 1",f1dbcaeeb02a2b20
2026-01-16T16:20:40.435770Z,Rule Firing,2fa53ab.jpg,"Score: 95, Severity: critical, Rules: 1",1758234780ca2c03
2026-01-16T16:20:40.474487Z,Rule Firing,2fa6efe.jpg,"Score: 95, Severity: critical, Rules: 1",9fdfbdf8ce8a448f
2026-01-16T16:20:40.474487Z,Rule Firing,2fa8fa1.jpg,"Score: 95, Severity: critical, Rules: 1",f3eb2fe0577f8602
2026-01-16T16:20:40.474487Z,Rule Firing,2fab157.jpg,"Score: 95, Severity: critical, Rules: 1",1eeda89202d9d671
2026-01-16T16:20:40.474487Z,Rule Firing,2fab8d9.jpg,"Score: 95, Severity: critical, Rules: 1",6c8952a60f1f213d
2026-01-16T16:20:40.474487Z,Rule Firing,2facece.jpg,"Score: 95, Severity: critical, Rules: 1",ceb31ebb0c55cf75
2026-01-16T16:20:40.474487Z,Rule Firing,2fadcc0.jpg,"Score: 95, Severity: critical, Rules: 1",2560311770298096
2026-01-16T16:20:40.474487Z,Rule Firing,2fb221f.jpg,"Score: 95, Severity: critical, Rules: 1",61acdc6df7fa171b
2026-01-16T16:20:40.474487Z,Rule Firing,2fb3302.jpg,"Score: 95, Severity: critical, Rules: 1",52f867976a651dda
2026-01-16T16:20:40.474487Z,Rule Firing,2fb5938.jpg,"Score: 95, Severity: critical, Rules: 1",f14a5e1a6dc248b8
2026-01-16T16:20:40.474487Z,Rule Firing,2fb7a2e.jpg,"Score: 95, Severity: critical, Rules: 1",a43aee7b9e012f00
2026-01-16T16:20:40.514597Z,Rule Firing,2fb9443.jpg,"Score: 95, Severity: critical, Rules: 1",71f5e043b089a5c8
2026-01-16T16:20:40.524755Z,Rule Firing,2fbadf8.jpg,"Score: 95, Severity: critical, Rules: 1",cda5564edab65505
2026-01-16T16:20:40.524755Z,Rule Firing,2fbbff1.jpg,"Score: 95, Severity: critical, Rules: 1",4e04d4d1b28867c9
2026-01-16T16:20:40.524755Z,Rule Firing,2fbcf5e.jpg,"Score: 95, Severity: critical, Rules: 1",2a6747ef207fd616
2026-01-16T16:20:40.524755Z,Rule Firing,2fbe057.jpg,"Score: 95, Severity: critical, Rules: 1",8d6f08618866fd52
2026-01-16T16:20:40.524755Z,Rule Firing,2fbeead.jpg,"Score: 95, Severity: critical, Rules: 1",52738a97f8037c09
2026-01-16T16:20:40.524755Z,Rule Firing,2fc24ef.jpg,"Score: 95, Severity: critical, Rules: 1",bc7336d98d156958
2026-01-16T16:20:40.524755Z,Rule Firing,2fd3340.jpg,"Score: 95, Severity: critical, Rules: 1",a1ef9fbe4129f541
2026-01-16T16:20:40.524755Z,Rule Firing,305d04c.jpg,"Score: 95, Severity: critical, Rules: 1",14fda68976144812
2026-01-16T16:20:40.524755Z,Rule Firing,305df22.jpg,"Score: 95, Severity: critical, Rules: 1",65447a1c02b34398
2026-01-16T16:20:40.564520Z,Rule Firing,305e289.jpg,"Score: 95, Severity: critical, Rules: 1",761d49ef9cd027c8
2026-01-16T16:20:40.564520Z,Rule Firing,305e9f2.jpg,"Score: 95, Severity: critical, Rules: 1",a3baf305a7983f2c
2026-01-16T16:20:40.564520Z,Rule Firing,305ed62.jpg,"Score: 95, Severity: critical, Rules: 1",78142e8b1c7763fa
2026-01-16T16:20:40.564520Z,Rule Firing,305efec.jpg,"Score: 95, Severity: critical, Rules: 1",a8f9aa22c16b2b42
2026-01-16T16:20:40.564520Z,Rule Firing,3060dff.jpg,"Score: 95, Severity: critical, Rules: 1",8eb416bd8fd43fe4
2026-01-16T16:20:40.564520Z,Rule Firing,3069c0c.jpg,"Score: 95, Severity: critical, Rules: 1",595692bd1658e97b
2026-01-16T16:20:40.564520Z,Rule Firing,307cac7.jpg,"Score: 95, Severity: critical, Rules: 1",d488c7eada63650d
2026-01-16T16:20:40.572190Z,Rule Firing,307e1bb.jpg,"Score: 95, Severity: critical, Rules: 1",bed958a31759d6d2
2026-01-16T16:20:40.572190Z,Rule Firing,3081122.jpg,"Score: 95, Severity: critical, Rules: 1",957a5cb51bbd2311
2026-01-16T16:20:40.572190Z,Rule Firing,3081e95.jpg,"Score: 95, Severity: critical, Rules: 1",6f372a843fb5a91a
2026-01-16T16:20:40.618753Z,Rule Firing,3085b2a.jpg,"Score: 95, Severity: critical, Rules: 1",bf523014c097f3a3
2026-01-16T16:20:40.618753Z,Rule Firing,3086abe.jpg,"Score: 95, Severity: critical, Rules: 1",3d00ee8708b3ad8d
2026-01-16T16:20:40.618753Z,Rule Firing,3088113.jpg,"Score: 95, Severity: critical, Rules: 1",2539b16ee4281168
2026-01-16T16:20:40.620769Z,Rule Firing,3088bf9.jpg,"Score: 95, Severity: critical, Rules: 1",23019e57b94334c5
2026-01-16T16:20:40.620769Z,Rule Firing,30895ac.jpg,"Score: 95, Severity: critical, Rules: 1",d1a33de56df84a1f
2026-01-16T16:20:40.620769Z,Rule Firing,308b07c.jpg,"Score: 95, Severity: critical, Rules: 1",c4238a1203b176b6
2026-01-16T16:20:40.620769Z,Rule Firing,308bb3b.jpg,"Score: 95, Severity: critical, Rules: 1",999b2169c2ebf520
2026-01-16T16:20:40.622783Z,Rule Firing,308c606.jpg,"Score: 95, Severity: critical, Rules: 1",df5a315935c36f4b
2026-01-16T16:20:40.622783Z,Rule Firing,308d395.jpg,"Score: 95, Severity: critical, Rules: 1",886139afafcc0388
2026-01-16T16:20:40.624297Z,Rule Firing,309434a.jpg,"Score: 95, Severity: critical, Rules: 1",7d560611f79b5af7
2026-01-16T16:20:40.662719Z,Rule Firing,30953fb.jpg,"Score: 95, Severity: critical, Rules: 1",027c1f3c0646400d
2026-01-16T16:20:40.662719Z,Rule Firing,3095d51.jpg,"Score: 95, Severity: critical, Rules: 1",29c88166b50ca724
2026-01-16T16:20:40.662719Z,Rule Firing,3096e99.jpg,"Score: 95, Severity: critical, Rules: 1",98f799ea0adcf0ee
2026-01-16T16:20:40.664732Z,Rule Firing,30a8b66.jpg,"Score: 95, Severity: critical, Rules: 1",0dd1e56e6eff14e6
2026-01-16T16:20:40.664732Z,Rule Firing,30a8f1d.jpg,"Score: 95, Severity: critical, Rules: 1",2b85c5fad740f778
2026-01-16T16:20:40.664732Z,Rule Firing,30acefc.jpg,"Score: 95, Severity: critical, Rules: 1",16dd378b370ea8c0
2026-01-16T16:20:40.666487Z,Rule Firing,30adff9.jpg,"Score: 95, Severity: critical, Rules: 1",b955fd35cca3bb4f
2026-01-16T16:20:40.666487Z,Rule Firing,30bd524.jpg,"Score: 95, Severity: critical, Rules: 1",e4fe58c783a1655c
2026-01-16T16:20:40.666487Z,Rule Firing,30d5974.jpg,"Score: 95, Severity: critical, Rules: 1",e889c578616ebae8
2026-01-16T16:20:40.668509Z,Rule Firing,30e3f14.jpg,"Score: 95, Severity: critical, Rules: 1",740beb79b1cabb98
2026-01-16T16:20:40.704717Z,Rule Firing,310241f.jpg,"Score: 95, Severity: critical, Rules: 1",ec08de896252a09b
2026-01-16T16:20:40.704717Z,Rule Firing,313dbdb.jpg,"Score: 95, Severity: critical, Rules: 1",cbbadc25f7c8c958
2026-01-16T16:20:40.704717Z,Rule Firing,3155a37.jpg,"Score: 95, Severity: critical, Rules: 1",73521c72d351b265
2026-01-16T16:20:40.704717Z,Rule Firing,31650f5.jpg,"Score: 95, Severity: critical, Rules: 1",5949cd1da47b9fd4
2026-01-16T16:20:40.704717Z,Rule Firing,316625f.jpg,"Score: 95, Severity: critical, Rules: 1",541a0e4dc8eb905f
2026-01-16T16:20:40.704717Z,Rule Firing,3171223.jpg,"Score: 95, Severity: critical, Rules: 1",32bc26fc1f550352
2026-01-16T16:20:40.704717Z,Rule Firing,317a975.jpg,"Score: 95, Severity: critical, Rules: 1",3ad91fb52689cf1c
2026-01-16T16:20:40.704717Z,Rule Firing,3182fd3.jpg,"Score: 95, Severity: critical, Rules: 1",3a30607664290b6f
2026-01-16T16:20:40.704717Z,Rule Firing,31c6945.jpg,"Score: 95, Severity: critical, Rules: 1",56029363bc9caa3c
2026-01-16T16:20:40.704717Z,Rule Firing,31ec14b.jpg,"Score: 95, Severity: critical, Rules: 1",f990501203171c2d
2026-01-16T16:20:40.746022Z,Rule Firing,31f1ee0.jpg,"Score: 95, Severity: critical, Rules: 1",88fd2013ee81a349
2026-01-16T16:20:40.746022Z,Rule Firing,31f294c.jpg,"Score: 95, Severity: critical, Rules: 1",fa832ee83324607c
2026-01-16T16:20:40.746022Z,Rule Firing,31f6753.jpg,"Score: 95, Severity: critical, Rules: 1",e6c7642c4267e9b1
2026-01-16T16:20:40.746022Z,Rule Firing,322dc3d.jpg,"Score: 95, Severity: critical, Rules: 1",62aa1d999aca4802
2026-01-16T16:20:40.746022Z,Rule Firing,3232b86.jpg,"Score: 95, Severity: critical, Rules: 1",e2ebe80399a19fd5
2026-01-16T16:20:40.746022Z,Rule Firing,3241d66.jpg,"Score: 95, Severity: critical, Rules: 1",9773003ee4c994c7
2026-01-16T16:20:40.746022Z,Rule Firing,3255431.jpg,"Score: 95, Severity: critical, Rules: 1",8a7dee1d3d50a6d1
2026-01-16T16:20:40.746022Z,Rule Firing,3276357.jpg,"Score: 95, Severity: critical, Rules: 1",68fecd2665b81346
2026-01-16T16:20:40.746022Z,Rule Firing,329ea94.jpg,"Score: 95, Severity: critical, Rules: 1",5fb78de5a77c9ca1
2026-01-16T16:20:40.754390Z,Rule Firing,32a0bc6.jpg,"Score: 95, Severity: critical, Rules: 1",841ea581b55a8e25
2026-01-16T16:20:40.784743Z,Rule Firing,32b3bb5.jpg,"Score: 95, Severity: critical, Rules: 1",ae2a7d1c02c22b82
2026-01-16T16:20:40.784743Z,Rule Firing,32c597.jpg,"Score: 95, Severity: critical, Rules: 1",fbf1f43ea20cc17e
2026-01-16T16:20:40.784743Z,Rule Firing,32c988e.jpg,"Score: 95, Severity: critical, Rules: 1",2491bad1b736fdd5
2026-01-16T16:20:40.784743Z,Rule Firing,32e042.jpg,"Score: 95, Severity: critical, Rules: 1",e1687e58c33ed799
2026-01-16T16:20:40.793609Z,Rule Firing,32e1be7.jpg,"Score: 95, Severity: critical, Rules: 1",5e9b510811bb844d
2026-01-16T16:20:40.793609Z,Rule Firing,330c39c.jpg,"Score: 95, Severity: critical, Rules: 1",401d5d8b2d80648b
2026-01-16T16:20:40.794617Z,Rule Firing,330c473.jpg,"Score: 95, Severity: critical, Rules: 1",ce211d4ccbf0f673
2026-01-16T16:20:40.794617Z,Rule Firing,3317820.jpg,"Score: 95, Severity: critical, Rules: 1",b5f18df36967baf2
2026-01-16T16:20:40.794617Z,Rule Firing,332bcaf.jpg,"Score: 95, Severity: critical, Rules: 1",8c9e78cbb491aa6f
2026-01-16T16:20:40.794617Z,Rule Firing,3358516.jpg,"Score: 95, Severity: critical, Rules: 1",2365152a4cacd0ae
2026-01-16T16:20:40.825598Z,Rule Firing,336cc5.jpg,"Score: 95, Severity: critical, Rules: 1",9dc836a34b164840
2026-01-16T16:20:40.825598Z,Rule Firing,33777c1.jpg,"Score: 95, Severity: critical, Rules: 1",7bdabe01a881ef2a
2026-01-16T16:20:40.834495Z,Rule Firing,33ace5f.jpg,"Score: 95, Severity: critical, Rules: 1",61a87bf0a237e03f
2026-01-16T16:20:40.834495Z,Rule Firing,33d0f79.jpg,"Score: 95, Severity: critical, Rules: 1",5365153e559ad74d
2026-01-16T16:20:40.834495Z,Rule Firing,33e36e3.jpg,"Score: 95, Severity: critical, Rules: 1",d0725e3c1cdd44b8
2026-01-16T16:20:40.834495Z,Rule Firing,33f568e.jpg,"Score: 95, Severity: critical, Rules: 1",6065a572cda2563e
2026-01-16T16:20:40.834495Z,Rule Firing,33fde31.jpg,"Score: 95, Severity: critical, Rules: 1",5ef72ef8e113598e
2026-01-16T16:20:40.837133Z,Rule Firing,3417a7f.jpg,"Score: 95, Severity: critical, Rules: 1",a818cfa9b9fc1d7c
2026-01-16T16:20:40.837133Z,Rule Firing,341937f.jpg,"Score: 95, Severity: critical, Rules: 1",0d74f75c456e5949
2026-01-16T16:20:40.837133Z,Rule Firing,34340d6.jpg,"Score: 95, Severity: critical, Rules: 1",18cf25d6a91a4dfc
2026-01-16T16:20:40.874412Z,Rule Firing,3458cec.jpg,"Score: 95, Severity: critical, Rules: 1",bda696aa8f324b2f
2026-01-16T16:20:40.874412Z,Rule Firing,3467861.jpg,"Score: 95, Severity: critical, Rules: 1",92f1246c6cfb8bd7
2026-01-16T16:20:40.874412Z,Rule Firing,3491f23.jpg,"Score: 95, Severity: critical, Rules: 1",2af6f5c8fea19f32
2026-01-16T16:20:40.874412Z,Rule Firing,34c274b.jpg,"Score: 95, Severity: critical, Rules: 1",a95dfdcea8627f9d
2026-01-16T16:20:40.874412Z,Rule Firing,34c595b.jpg,"Score: 95, Severity: critical, Rules: 1",c7bd100a68bbe5e7
2026-01-16T16:20:40.874412Z,Rule Firing,34c5cd1.jpg,"Score: 95, Severity: critical, Rules: 1",825644bc9bc62d18
2026-01-16T16:20:40.874412Z,Rule Firing,34c6604.jpg,"Score: 95, Severity: critical, Rules: 1",ff51656a4d9e0769
2026-01-16T16:20:40.874412Z,Rule Firing,34c6929.jpg,"Score: 95, Severity: critical, Rules: 1",5672e3da5723b104
2026-01-16T16:20:40.874412Z,Rule Firing,34c6bbd.jpg,"Score: 95, Severity: critical, Rules: 1",c51868904e1dd521
2026-01-16T16:20:40.874412Z,Rule Firing,353d3e9.jpg,"Score: 95, Severity: critical, Rules: 1",2bd2ed3fbec47b3a
2026-01-16T16:20:40.914728Z,Rule Firing,3540675.jpg,"Score: 95, Severity: critical, Rules: 1",ae29d2b0c3dc25d1
2026-01-16T16:20:40.914728Z,Rule Firing,354559d.jpg,"Score: 95, Severity: critical, Rules: 1",26f16470234ac321
2026-01-16T16:20:40.914728Z,Rule Firing,3587872.jpg,"Score: 95, Severity: critical, Rules: 1",cb186e5309f2d502
2026-01-16T16:20:40.914728Z,Rule Firing,358b185.jpg,"Score: 95, Severity: critical, Rules: 1",28ad07ee994bf963
2026-01-16T16:20:40.921684Z,Rule Firing,3596bff.jpg,"Score: 95, Severity: critical, Rules: 1",20eddfe1f5dc30e6
2026-01-16T16:20:40.921684Z,Rule Firing,35c5873.jpg,"Score: 95, Severity: critical, Rules: 1",2fb4be347c882ecc
2026-01-16T16:20:40.921684Z,Rule Firing,35ecba5.jpg,"Score: 95, Severity: critical, Rules: 1",5b4c457f2462a9ed
2026-01-16T16:20:40.921684Z,Rule Firing,35f0e3f.jpg,"Score: 95, Severity: critical, Rules: 1",526ac071fc82e655
2026-01-16T16:20:40.921684Z,Rule Firing,35f21ad.jpg,"Score: 95, Severity: critical, Rules: 1",f4f72ed602bcae04
2026-01-16T16:20:40.924561Z,Rule Firing,35f2565.jpg,"Score: 95, Severity: critical, Rules: 1",af2e87e766a0867e
2026-01-16T16:20:40.954654Z,Rule Firing,35f5c7f.jpg,"Score: 95, Severity: critical, Rules: 1",047224afc3d5d613
2026-01-16T16:20:40.954654Z,Rule Firing,35f7851.jpg,"Score: 95, Severity: critical, Rules: 1",9c1dad827caff1ad
2026-01-16T16:20:40.954654Z,Rule Firing,35f9449.jpg,"Score: 95, Severity: critical, Rules: 1",cd7a506006df978d
2026-01-16T16:20:40.954654Z,Rule Firing,35fbc87.jpg,"Score: 95, Severity: critical, Rules: 1",fb5d6e9cbd21f8ce
2026-01-16T16:20:40.964535Z,Rule Firing,35fd52d.jpg,"Score: 95, Severity: critical, Rules: 1",7f6b913a4cff828f
2026-01-16T16:20:40.964535Z,Rule Firing,360aed5.jpg,"Score: 95, Severity: critical, Rules: 1",0e92a33668a4ae37
2026-01-16T16:20:40.964535Z,Rule Firing,36254e1.jpg,"Score: 95, Severity: critical, Rules: 1",d65f06b4e1b835eb
2026-01-16T16:20:40.964535Z,Rule Firing,3626b67.jpg,"Score: 95, Severity: critical, Rules: 1",495389801654ddf0
2026-01-16T16:20:40.964535Z,Rule Firing,3627ea4.jpg,"Score: 95, Severity: critical, Rules: 1",0a8ba394effa3e86
2026-01-16T16:20:40.964535Z,Rule Firing,362927d.jpg,"Score: 95, Severity: critical, Rules: 1",808329835247a741
2026-01-16T16:20:41.006625Z,Rule Firing,3632e57.jpg,"Score: 95, Severity: critical, Rules: 1",28040e99eb90b6b8
2026-01-16T16:20:41.006625Z,Rule Firing,364b8d1.jpg,"Score: 95, Severity: critical, Rules: 1",8b8dfe742d5498e0
2026-01-16T16:20:41.008630Z,Rule Firing,364c071.jpg,"Score: 95, Severity: critical, Rules: 1",73864167709cb191
2026-01-16T16:20:41.008630Z,Rule Firing,364ca05.jpg,"Score: 95, Severity: critical, Rules: 1",e5b6720c94fddf00
2026-01-16T16:20:41.008630Z,Rule Firing,364ce09.jpg,"Score: 95, Severity: critical, Rules: 1",ed3115d3aef7e613
2026-01-16T16:20:41.010636Z,Rule Firing,364da31.jpg,"Score: 95, Severity: critical, Rules: 1",03006f2d79177c68
2026-01-16T16:20:41.010636Z,Rule Firing,36535bf.jpg,"Score: 95, Severity: critical, Rules: 1",44a855af2f9489fd
2026-01-16T16:20:41.010636Z,Rule Firing,36536b3.jpg,"Score: 95, Severity: critical, Rules: 1",30aeefbe7a36382e
2026-01-16T16:20:41.010636Z,Rule Firing,365502b.jpg,"Score: 95, Severity: critical, Rules: 1",fb85e83220fb55e4
2026-01-16T16:20:41.010636Z,Rule Firing,36560f3.jpg,"Score: 95, Severity: critical, Rules: 1",6a0b7b66f515526b
2026-01-16T16:20:41.048496Z,Rule Firing,3657439.jpg,"Score: 95, Severity: critical, Rules: 1",eae68ed6b27dd8b1
2026-01-16T16:20:41.048496Z,Rule Firing,36576f7.jpg,"Score: 95, Severity: critical, Rules: 1",7c2f02a7477b0cb0
2026-01-16T16:20:41.048496Z,Rule Firing,3657759.jpg,"Score: 95, Severity: critical, Rules: 1",14116eb579e6f187
2026-01-16T16:20:41.048496Z,Rule Firing,3657863.jpg,"Score: 95, Severity: critical, Rules: 1",fd4b461ea0a145f0
2026-01-16T16:20:41.048496Z,Rule Firing,365800d.jpg,"Score: 95, Severity: critical, Rules: 1",1fd3bcf49e9bc001
2026-01-16T16:20:41.054579Z,Rule Firing,36584c1.jpg,"Score: 95, Severity: critical, Rules: 1",a8b24110629df550
2026-01-16T16:20:41.054579Z,Rule Firing,368943e.jpg,"Score: 95, Severity: critical, Rules: 1",160d9ea212092e46
2026-01-16T16:20:41.054579Z,Rule Firing,36a5885.jpg,"Score: 95, Severity: critical, Rules: 1",1d9d9f2b9b9dc0b1
2026-01-16T16:20:41.054579Z,Rule Firing,36a78f5.jpg,"Score: 95, Severity: critical, Rules: 1",5e0a2e1668831134
2026-01-16T16:20:41.056660Z,Rule Firing,36a80b9.jpg,"Score: 95, Severity: critical, Rules: 1",f7ff4ffe4d3e70f2
2026-01-16T16:20:41.094692Z,Rule Firing,36a91d5.jpg,"Score: 95, Severity: critical, Rules: 1",ac791c87f1f94f81
2026-01-16T16:20:41.096477Z,Rule Firing,36a9835.jpg,"Score: 95, Severity: critical, Rules: 1",d020cd31411d9ee9
2026-01-16T16:20:41.096477Z,Rule Firing,36b05b7.jpg,"Score: 95, Severity: critical, Rules: 1",1ce8648dc54f8939
2026-01-16T16:20:41.096477Z,Rule Firing,36b0f45.jpg,"Score: 95, Severity: critical, Rules: 1",f1f8fbdf931e271e
2026-01-16T16:20:41.096477Z,Rule Firing,36b1b07.jpg,"Score: 95, Severity: critical, Rules: 1",7684d24f65ca7172
2026-01-16T16:20:41.096477Z,Rule Firing,36b7085.jpg,"Score: 95, Severity: critical, Rules: 1",db36ec449ac4e7d9
2026-01-16T16:20:41.096477Z,Rule Firing,36c0245.jpg,"Score: 95, Severity: critical, Rules: 1",9432d99d203c4ebe
2026-01-16T16:20:41.096477Z,Rule Firing,36c90eb.jpg,"Score: 95, Severity: critical, Rules: 1",faaa94b21c90a9b3
2026-01-16T16:20:41.096477Z,Rule Firing,36cf5b8.jpg,"Score: 95, Severity: critical, Rules: 1",370b41af03f88fdc
2026-01-16T16:20:41.096477Z,Rule Firing,37042e1.jpg,"Score: 95, Severity: critical, Rules: 1",b9c4c6a016383041
2026-01-16T16:20:41.137656Z,Rule Firing,370df6f.jpg,"Score: 95, Severity: critical, Rules: 1",1f76f90da47df93a
2026-01-16T16:20:41.137656Z,Rule Firing,370e741.jpg,"Score: 95, Severity: critical, Rules: 1",5bcc2204189fa2f4
2026-01-16T16:20:41.137656Z,Rule Firing,370e805.jpg,"Score: 95, Severity: critical, Rules: 1",beae6ae7a8c17f55
2026-01-16T16:20:41.137656Z,Rule Firing,370edeb.jpg,"Score: 95, Severity: critical, Rules: 1",55c2a3e43131305f
2026-01-16T16:20:41.137656Z,Rule Firing,370f02b.jpg,"Score: 95, Severity: critical, Rules: 1",49367e027156898a
2026-01-16T16:20:41.137656Z,Rule Firing,3710517.jpg,"Score: 95, Severity: critical, Rules: 1",908c476b95542c34
2026-01-16T16:20:41.137656Z,Rule Firing,3719f01.jpg,"Score: 95, Severity: critical, Rules: 1",5a7dc18b33fdf8b8
2026-01-16T16:20:41.137656Z,Rule Firing,372c9cd.jpg,"Score: 95, Severity: critical, Rules: 1",32784b77013ea684
2026-01-16T16:20:41.144519Z,Rule Firing,37378f1.jpg,"Score: 95, Severity: critical, Rules: 1",546264f8a0de570f
2026-01-16T16:20:41.144519Z,Rule Firing,3749c11.jpg,"Score: 95, Severity: critical, Rules: 1",f52d7da42f924516
2026-01-16T16:20:41.179601Z,Rule Firing,374d76e.jpg,"Score: 95, Severity: critical, Rules: 1",dfccd9a0a76633a8
2026-01-16T16:20:41.184680Z,Rule Firing,374db27.jpg,"Score: 95, Severity: critical, Rules: 1",9995b984b19f8220
2026-01-16T16:20:41.184680Z,Rule Firing,374e1f5.jpg,"Score: 95, Severity: critical, Rules: 1",42e52a58e5ee2fec
2026-01-16T16:20:41.184680Z,Rule Firing,374e4be.jpg,"Score: 95, Severity: critical, Rules: 1",755b9df34fd0e824
2026-01-16T16:20:41.184680Z,Rule Firing,374e79a.jpg,"Score: 95, Severity: critical, Rules: 1",0d8d63f1d6f3dd6d
2026-01-16T16:20:41.184680Z,Rule Firing,375046b.jpg,"Score: 95, Severity: critical, Rules: 1",e8f4225f3ba1f794
2026-01-16T16:20:41.184680Z,Rule Firing,375f4dd.jpg,"Score: 95, Severity: critical, Rules: 1",99dddcf8b4e21f29
2026-01-16T16:20:41.184680Z,Rule Firing,3760e1d.jpg,"Score: 95, Severity: critical, Rules: 1",73e380e3a8604abd
2026-01-16T16:20:41.184680Z,Rule Firing,37650bf.jpg,"Score: 95, Severity: critical, Rules: 1",2d9fa63b835fb315
2026-01-16T16:20:41.191392Z,Rule Firing,3769e0f.jpg,"Score: 95, Severity: critical, Rules: 1",91cbacd9f49e7e7e
2026-01-16T16:20:41.229628Z,Rule Firing,376a0f7.jpg,"Score: 95, Severity: critical, Rules: 1",7d0a06df5176a141
2026-01-16T16:20:41.229628Z,Rule Firing,376a47d.jpg,"Score: 95, Severity: critical, Rules: 1",4f47cf86c0d11ae4
2026-01-16T16:20:41.229628Z,Rule Firing,376a511.jpg,"Score: 95, Severity: critical, Rules: 1",e0b0e34830ad8309
2026-01-16T16:20:41.229628Z,Rule Firing,376a903.jpg,"Score: 95, Severity: critical, Rules: 1",d8a98e0386ac9b78
2026-01-16T16:20:41.229628Z,Rule Firing,377e4a5.jpg,"Score: 95, Severity: critical, Rules: 1",c01fa929b0025418
2026-01-16T16:20:41.229628Z,Rule Firing,377e4bd.jpg,"Score: 95, Severity: critical, Rules: 1",c81159b25e228584
2026-01-16T16:20:41.229628Z,Rule Firing,3780f85.jpg,"Score: 95, Severity: critical, Rules: 1",f6e06437e2499b8c
2026-01-16T16:20:41.229628Z,Rule Firing,37a8ff4.jpg,"Score: 95, Severity: critical, Rules: 1",bd680357514e8a5b
2026-01-16T16:20:41.234734Z,Rule Firing,37ba287.jpg,"Score: 95, Severity: critical, Rules: 1",a793ac107a1d48dc
2026-01-16T16:20:41.234734Z,Rule Firing,37bbcd9.jpg,"Score: 95, Severity: critical, Rules: 1",5590c60ca9fec7cb
2026-01-16T16:20:41.274827Z,Rule Firing,37bc1ad.jpg,"Score: 95, Severity: critical, Rules: 1",be5c3129deba0c95
2026-01-16T16:20:41.274827Z,Rule Firing,37c070a.jpg,"Score: 95, Severity: critical, Rules: 1",a56fa457a5b59af7
2026-01-16T16:20:41.274827Z,Rule Firing,37c350b.jpg,"Score: 95, Severity: critical, Rules: 1",fe0beb07433b3554
2026-01-16T16:20:41.274827Z,Rule Firing,37c5253.jpg,"Score: 95, Severity: critical, Rules: 1",3b7c91a3848074f5
2026-01-16T16:20:41.278586Z,Rule Firing,37c597d.jpg,"Score: 95, Severity: critical, Rules: 1",aa41846030123845
2026-01-16T16:20:41.278586Z,Rule Firing,37c5b25.jpg,"Score: 95, Severity: critical, Rules: 1",c5d1af85ba852dfe
2026-01-16T16:20:41.280598Z,Rule Firing,37c5b99.jpg,"Score: 95, Severity: critical, Rules: 1",75386d9ac6a21834
2026-01-16T16:20:41.280598Z,Rule Firing,37c5bef.jpg,"Score: 95, Severity: critical, Rules: 1",f385c0279b78e006
2026-01-16T16:20:41.280598Z,Rule Firing,37c5e97.jpg,"Score: 95, Severity: critical, Rules: 1",518a0ddf23e5b84d
2026-01-16T16:20:41.280598Z,Rule Firing,37c6003.jpg,"Score: 95, Severity: critical, Rules: 1",99437c1eac97925b
2026-01-16T16:20:41.322267Z,Rule Firing,37c6095.jpg,"Score: 95, Severity: critical, Rules: 1",8d1c9a49320c7777
2026-01-16T16:20:41.322267Z,Rule Firing,37c62f1.jpg,"Score: 95, Severity: critical, Rules: 1",1bf35c84ff36d989
2026-01-16T16:20:41.324274Z,Rule Firing,37c63a1.jpg,"Score: 95, Severity: critical, Rules: 1",93ab63f061d7372b
2026-01-16T16:20:41.324274Z,Rule Firing,37c6875.jpg,"Score: 95, Severity: critical, Rules: 1",4cf8ef68ca47a1b1
2026-01-16T16:20:41.324274Z,Rule Firing,37c6955.jpg,"Score: 95, Severity: critical, Rules: 1",c568130e61eaffd0
2026-01-16T16:20:41.324274Z,Rule Firing,37c70ff.jpg,"Score: 95, Severity: critical, Rules: 1",125a5fb4f619b5b4
2026-01-16T16:20:41.326299Z,Rule Firing,37c8c9e.jpg,"Score: 95, Severity: critical, Rules: 1",64f75f10d28ae0f2
2026-01-16T16:20:41.326299Z,Rule Firing,37ef854.jpg,"Score: 95, Severity: critical, Rules: 1",a6ef63a540280f2c
2026-01-16T16:20:41.326299Z,Rule Firing,37ff843.jpg,"Score: 95, Severity: critical, Rules: 1",0eda21137bf3bd92
2026-01-16T16:20:41.326299Z,Rule Firing,380b3ba.jpg,"Score: 95, Severity: critical, Rules: 1",34cedf7df86ad2b0
2026-01-16T16:20:41.366805Z,Rule Firing,380f327.jpg,"Score: 95, Severity: critical, Rules: 1",d72496b202c51591
2026-01-16T16:20:41.366805Z,Rule Firing,381e11b.jpg,"Score: 95, Severity: critical, Rules: 1",d32dde916b6c50ae
2026-01-16T16:20:41.366805Z,Rule Firing,3822837.jpg,"Score: 95, Severity: critical, Rules: 1",1faf47543998d91c
2026-01-16T16:20:41.368810Z,Rule Firing,383d634.jpg,"Score: 95, Severity: critical, Rules: 1",d3a162c76c4b68cd
2026-01-16T16:20:41.368810Z,Rule Firing,3846ea0.jpg,"Score: 95, Severity: critical, Rules: 1",230b13dc0068f41e
2026-01-16T16:20:41.368810Z,Rule Firing,38522e6.jpg,"Score: 95, Severity: critical, Rules: 1",96732c4620a5849b
2026-01-16T16:20:41.370558Z,Rule Firing,385258d.jpg,"Score: 95, Severity: critical, Rules: 1",35a74927169096b4
2026-01-16T16:20:41.370558Z,Rule Firing,38650de.jpg,"Score: 95, Severity: critical, Rules: 1",593ab51617aebfe0
2026-01-16T16:20:41.370558Z,Rule Firing,38653dc.jpg,"Score: 95, Severity: critical, Rules: 1",eb1494c5e1e472a7
2026-01-16T16:20:41.370558Z,Rule Firing,3866392.jpg,"Score: 95, Severity: critical, Rules: 1",c6f16cfb31987cec
2026-01-16T16:20:41.414693Z,Rule Firing,38694e2.jpg,"Score: 95, Severity: critical, Rules: 1",d7b5379f539a211f
2026-01-16T16:20:41.414693Z,Rule Firing,387528f.jpg,"Score: 95, Severity: critical, Rules: 1",d37e83cbda8fa324
2026-01-16T16:20:41.414693Z,Rule Firing,38755e2.jpg,"Score: 95, Severity: critical, Rules: 1",91448507add22c12
2026-01-16T16:20:41.414693Z,Rule Firing,3875e75.jpg,"Score: 95, Severity: critical, Rules: 1",43eca081cba0f02f
2026-01-16T16:20:41.417795Z,Rule Firing,387cd78.jpg,"Score: 95, Severity: critical, Rules: 1",e549a8f8a29d6628
2026-01-16T16:20:41.417795Z,Rule Firing,389f0c1.jpg,"Score: 95, Severity: critical, Rules: 1",aa14a1b040018877
2026-01-16T16:20:41.417795Z,Rule Firing,38a03f9.jpg,"Score: 95, Severity: critical, Rules: 1",e69a94a1a7838150
2026-01-16T16:20:41.417795Z,Rule Firing,38cf090.jpg,"Score: 95, Severity: critical, Rules: 1",67dcac828cf222e2
2026-01-16T16:20:41.417795Z,Rule Firing,38ea532.jpg,"Score: 95, Severity: critical, Rules: 1",7b981160e90289b8
2026-01-16T16:20:41.417795Z,Rule Firing,38eb837.jpg,"Score: 95, Severity: critical, Rules: 1",41d4cba1d0ff1494
2026-01-16T16:20:41.454757Z,Rule Firing,38ec85b.jpg,"Score: 95, Severity: critical, Rules: 1",5795dd4080a326fc
2026-01-16T16:20:41.454757Z,Rule Firing,38ee468.jpg,"Score: 95, Severity: critical, Rules: 1",b87448604aa0ab82
2026-01-16T16:20:41.454757Z,Rule Firing,38f0119.jpg,"Score: 95, Severity: critical, Rules: 1",a09e651b7e9fc689
2026-01-16T16:20:41.454757Z,Rule Firing,38f9690.jpg,"Score: 95, Severity: critical, Rules: 1",a9b170f1af72cfde
2026-01-16T16:20:41.454757Z,Rule Firing,3901253.jpg,"Score: 95, Severity: critical, Rules: 1",ff5c6103fbe8ab86
2026-01-16T16:20:41.454757Z,Rule Firing,3910d79.jpg,"Score: 95, Severity: critical, Rules: 1",b8f8d29fd07b5b86
2026-01-16T16:20:41.454757Z,Rule Firing,39150e0.jpg,"Score: 95, Severity: critical, Rules: 1",f64f9c787915bf5f
2026-01-16T16:20:41.464566Z,Rule Firing,392f80b.jpg,"Score: 95, Severity: critical, Rules: 1",c9cb66b459a52f3a
2026-01-16T16:20:41.464566Z,Rule Firing,3931206.jpg,"Score: 95, Severity: critical, Rules: 1",944fa298e7d8389e
2026-01-16T16:20:41.465668Z,Rule Firing,3932951.jpg,"Score: 95, Severity: critical, Rules: 1",dafaf685149364d7
2026-01-16T16:20:41.504590Z,Rule Firing,3937904.jpg,"Score: 95, Severity: critical, Rules: 1",5fecfa0df24adb66
2026-01-16T16:20:41.504590Z,Rule Firing,3954a9a.jpg,"Score: 95, Severity: critical, Rules: 1",2f6961647d39baf0
2026-01-16T16:20:41.504590Z,Rule Firing,39863a0.jpg,"Score: 95, Severity: critical, Rules: 1",bd3ba62adddfee82
2026-01-16T16:20:41.504590Z,Rule Firing,3988757.jpg,"Score: 95, Severity: critical, Rules: 1",cc8bf11d1f799c1d
2026-01-16T16:20:41.504590Z,Rule Firing,3995158.jpg,"Score: 95, Severity: critical, Rules: 1",56dbef58437efe63
2026-01-16T16:20:41.504590Z,Rule Firing,39b034f.jpg,"Score: 95, Severity: critical, Rules: 1",f5af8c8dd94c1dae
2026-01-16T16:20:41.504590Z,Rule Firing,39fd017.jpg,"Score: 95, Severity: critical, Rules: 1",15a63a5d3c754588
2026-01-16T16:20:41.504590Z,Rule Firing,3a12d2f.jpg,"Score: 95, Severity: critical, Rules: 1",d29b28c28a1f5904
2026-01-16T16:20:41.504590Z,Rule Firing,3a3d91b.jpg,"Score: 95, Severity: critical, Rules: 1",8aa07d2755204198
2026-01-16T16:20:41.504590Z,Rule Firing,3a41973.jpg,"Score: 95, Severity: critical, Rules: 1",9cdbc4165c16658f
2026-01-16T16:20:41.554546Z,Rule Firing,3a9f8e7.jpg,"Score: 95, Severity: critical, Rules: 1",55db964164213ceb
2026-01-16T16:20:41.554546Z,Rule Firing,3ab5873.jpg,"Score: 95, Severity: critical, Rules: 1",ca88c7841251400f
2026-01-16T16:20:41.554546Z,Rule Firing,3abefed.jpg,"Score: 95, Severity: critical, Rules: 1",e7b6eb4418c57b20
2026-01-16T16:20:41.554546Z,Rule Firing,3b1544c.jpg,"Score: 95, Severity: critical, Rules: 1",93f53b2e2fd26c8b
2026-01-16T16:20:41.554546Z,Rule Firing,3b27a06.jpg,"Score: 95, Severity: critical, Rules: 1",116d87dee9683f17
2026-01-16T16:20:41.554546Z,Rule Firing,3b31b36.jpg,"Score: 95, Severity: critical, Rules: 1",7611fbf860f17f3d
2026-01-16T16:20:41.554546Z,Rule Firing,3b332fd.jpg,"Score: 95, Severity: critical, Rules: 1",b3832f92743381e5
2026-01-16T16:20:41.554546Z,Rule Firing,3b34a23.jpg,"Score: 95, Severity: critical, Rules: 1",9207dc161a675035
2026-01-16T16:20:41.554546Z,Rule Firing,3b5deeb.jpg,"Score: 95, Severity: critical, Rules: 1",fb630602de815557
2026-01-16T16:20:41.554546Z,Rule Firing,3b8d610.jpg,"Score: 95, Severity: critical, Rules: 1",34616c873b7c018f
2026-01-16T16:20:41.599501Z,Rule Firing,3b92bcc.jpg,"Score: 95, Severity: critical, Rules: 1",78a3b2ee8d720468
2026-01-16T16:20:41.599501Z,Rule Firing,3ba5e4f.jpg,"Score: 95, Severity: critical, Rules: 1",40684dd64ad1759d
2026-01-16T16:20:41.599501Z,Rule Firing,3bb1ec3.jpg,"Score: 95, Severity: critical, Rules: 1",c2d889db65d5ec20
2026-01-16T16:20:41.599501Z,Rule Firing,3bb3266.jpg,"Score: 95, Severity: critical, Rules: 1",30479af0c2b539db
2026-01-16T16:20:41.599501Z,Rule Firing,3bc8a8f.jpg,"Score: 95, Severity: critical, Rules: 1",14973d1ac450d584
2026-01-16T16:20:41.599501Z,Rule Firing,3c0af6d.jpg,"Score: 95, Severity: critical, Rules: 1",98bc493121fbb120
2026-01-16T16:20:41.599501Z,Rule Firing,3c2e198.jpg,"Score: 95, Severity: critical, Rules: 1",308b25b640990e67
2026-01-16T16:20:41.599501Z,Rule Firing,3c47d3f.jpg,"Score: 95, Severity: critical, Rules: 1",eacdd7d55b2ae7b6
2026-01-16T16:20:41.604456Z,Rule Firing,3c5da0b.jpg,"Score: 95, Severity: critical, Rules: 1",50ef24b22afc7fe0
2026-01-16T16:20:41.604456Z,Rule Firing,3c66da3.jpg,"Score: 95, Severity: critical, Rules: 1",0b3763002872e33a
2026-01-16T16:20:41.644694Z,Rule Firing,3ca4a00.jpg,"Score: 95, Severity: critical, Rules: 1",5597b8b854d716f7
2026-01-16T16:20:41.644694Z,Rule Firing,3ce01.jpg,"Score: 95, Severity: critical, Rules: 1",bd7ac0b1430bad9f
2026-01-16T16:20:41.644694Z,Rule Firing,3d17da7.jpg,"Score: 95, Severity: critical, Rules: 1",94ff871e4a94909a
2026-01-16T16:20:41.644694Z,Rule Firing,3d62ebe.jpg,"Score: 95, Severity: critical, Rules: 1",a61a0de7dd8bbec6
2026-01-16T16:20:41.644694Z,Rule Firing,3d644e0.jpg,"Score: 95, Severity: critical, Rules: 1",5512abaee7e59cc2
2026-01-16T16:20:41.644694Z,Rule Firing,3d66868.jpg,"Score: 95, Severity: critical, Rules: 1",e91a414fa2430198
2026-01-16T16:20:41.644694Z,Rule Firing,3d694d1.jpg,"Score: 95, Severity: critical, Rules: 1",076019990b1565da
2026-01-16T16:20:41.644694Z,Rule Firing,3d6a310.jpg,"Score: 95, Severity: critical, Rules: 1",fc03f5e42851ce5b
2026-01-16T16:20:41.644694Z,Rule Firing,3d6ae99.jpg,"Score: 95, Severity: critical, Rules: 1",9cd969204584c8a4
2026-01-16T16:20:41.644694Z,Rule Firing,3d6f7b6.jpg,"Score: 95, Severity: critical, Rules: 1",3d560109f392509c
2026-01-16T16:20:41.688202Z,Rule Firing,3d70b99.jpg,"Score: 95, Severity: critical, Rules: 1",56d22c3235a963b3
2026-01-16T16:20:41.688202Z,Rule Firing,3d71ce9.jpg,"Score: 95, Severity: critical, Rules: 1",bf098303759b1d98
2026-01-16T16:20:41.694491Z,Rule Firing,3d76a90.jpg,"Score: 95, Severity: critical, Rules: 1",7909a17a7066009d
2026-01-16T16:20:41.694491Z,Rule Firing,3d8d8d4.jpg,"Score: 95, Severity: critical, Rules: 1",77e5502f97872772
2026-01-16T16:20:41.694491Z,Rule Firing,3d9596e.jpg,"Score: 95, Severity: critical, Rules: 1",57559ea62cd95297
2026-01-16T16:20:41.694491Z,Rule Firing,3d978a9.jpg,"Score: 95, Severity: critical, Rules: 1",d60f4cd504f89f3b
2026-01-16T16:20:41.694491Z,Rule Firing,3db36f2.jpg,"Score: 95, Severity: critical, Rules: 1",39565cce4041ef17
2026-01-16T16:20:41.694491Z,Rule Firing,3dda4e7.jpg,"Score: 95, Severity: critical, Rules: 1",58056222b9130f95
2026-01-16T16:20:41.694491Z,Rule Firing,3ddc9df.jpg,"Score: 95, Severity: critical, Rules: 1",fd2afaff7219bcd8
2026-01-16T16:20:41.694491Z,Rule Firing,3de71df.jpg,"Score: 95, Severity: critical, Rules: 1",16b38e62d62cc91f
2026-01-16T16:20:41.738650Z,Rule Firing,3de8e52.jpg,"Score: 95, Severity: critical, Rules: 1",d3c06b9138c40ee8
2026-01-16T16:20:41.738650Z,Rule Firing,3df0756.jpg,"Score: 95, Severity: critical, Rules: 1",037d7597770fba00
2026-01-16T16:20:41.738650Z,Rule Firing,3df6227.jpg,"Score: 95, Severity: critical, Rules: 1",b8ed5f1f77beb10a
2026-01-16T16:20:41.740862Z,Rule Firing,3e3c3cf.jpg,"Score: 95, Severity: critical, Rules: 1",0579077f3f26e639
2026-01-16T16:20:41.740862Z,Rule Firing,3e42719.jpg,"Score: 95, Severity: critical, Rules: 1",0ba532390cbe1613
2026-01-16T16:20:41.740862Z,Rule Firing,3e4ca55.jpg,"Score: 95, Severity: critical, Rules: 1",3e4eb283c52afa85
2026-01-16T16:20:41.740862Z,Rule Firing,3e4e3c9.jpg,"Score: 95, Severity: critical, Rules: 1",07390e614796f909
2026-01-16T16:20:41.740862Z,Rule Firing,3e4ecd8.jpg,"Score: 95, Severity: critical, Rules: 1",aa99fecd5811cf12
2026-01-16T16:20:41.740862Z,Rule Firing,3e62ba5.jpg,"Score: 95, Severity: critical, Rules: 1",515f847f1af786d2
2026-01-16T16:20:41.740862Z,Rule Firing,3e840d0.jpg,"Score: 95, Severity: critical, Rules: 1",b40929f392fe1b9f
2026-01-16T16:20:41.784763Z,Rule Firing,3e84e31.jpg,"Score: 95, Severity: critical, Rules: 1",cc16bd4d9dcda71d
2026-01-16T16:20:41.784763Z,Rule Firing,3e85a38.jpg,"Score: 95, Severity: critical, Rules: 1",f81e05dc658b4391
2026-01-16T16:20:41.784763Z,Rule Firing,3e99b68.jpg,"Score: 95, Severity: critical, Rules: 1",d2a1eb3eceb729de
2026-01-16T16:20:41.784763Z,Rule Firing,3e9b036.jpg,"Score: 95, Severity: critical, Rules: 1",4a03a6fdcd6f8fe9
2026-01-16T16:20:41.784763Z,Rule Firing,3e9b220.jpg,"Score: 95, Severity: critical, Rules: 1",6e803f4eb3efa127
2026-01-16T16:20:41.784763Z,Rule Firing,3e9c6d6.jpg,"Score: 95, Severity: critical, Rules: 1",12d8c59ff931bee0
2026-01-16T16:20:41.784763Z,Rule Firing,3ea059e.jpg,"Score: 95, Severity: critical, Rules: 1",d9c1e1910bf55bf8
2026-01-16T16:20:41.788845Z,Rule Firing,3ea3050.jpg,"Score: 95, Severity: critical, Rules: 1",cca34b50ac18ae94
2026-01-16T16:20:41.788845Z,Rule Firing,3ea37b9.jpg,"Score: 95, Severity: critical, Rules: 1",9985cc9fe748e6ce
2026-01-16T16:20:41.788845Z,Rule Firing,3ea62f1.jpg,"Score: 95, Severity: critical, Rules: 1",61ebdaa7243a3c4e
2026-01-16T16:20:41.824844Z,Rule Firing,3ea6d60.jpg,"Score: 95, Severity: critical, Rules: 1",1a0f1725a1748d16
2026-01-16T16:20:41.824844Z,Rule Firing,3ea7d99.jpg,"Score: 95, Severity: critical, Rules: 1",1d0c7b6d41f75b04
2026-01-16T16:20:41.834507Z,Rule Firing,3ea89f0.jpg,"Score: 95, Severity: critical, Rules: 1",b341bc863014f9ca
2026-01-16T16:20:41.834507Z,Rule Firing,3ea8de5.jpg,"Score: 95, Severity: critical, Rules: 1",7cd5869c3673885b
2026-01-16T16:20:41.834507Z,Rule Firing,3ea9ff1.jpg,"Score: 95, Severity: critical, Rules: 1",b82297ed1cb4b4ed
2026-01-16T16:20:41.834507Z,Rule Firing,3eaafd0.jpg,"Score: 95, Severity: critical, Rules: 1",64698d6b05ea540a
2026-01-16T16:20:41.836630Z,Rule Firing,3eaba60.jpg,"Score: 95, Severity: critical, Rules: 1",52bd20aa17f06722
2026-01-16T16:20:41.836630Z,Rule Firing,3eac4b2.jpg,"Score: 95, Severity: critical, Rules: 1",3fd5a8ef06c73289
2026-01-16T16:20:41.836630Z,Rule Firing,3eae8a8.jpg,"Score: 95, Severity: critical, Rules: 1",bba5e0379cb9be69
2026-01-16T16:20:41.838706Z,Rule Firing,3eaf579.jpg,"Score: 95, Severity: critical, Rules: 1",71ec1646d544e38a
2026-01-16T16:20:41.879634Z,Rule Firing,3ed8e16.jpg,"Score: 95, Severity: critical, Rules: 1",167c1b364b862252
2026-01-16T16:20:41.879634Z,Rule Firing,3ee9ae6.jpg,"Score: 95, Severity: critical, Rules: 1",454a46b3cef6001e
2026-01-16T16:20:41.879634Z,Rule Firing,3f26c9b.jpg,"Score: 95, Severity: critical, Rules: 1",cde77b4289f6d211
2026-01-16T16:20:41.879634Z,Rule Firing,3f3eb71.jpg,"Score: 95, Severity: critical, Rules: 1",5b5821750f9a90c1
2026-01-16T16:20:41.879634Z,Rule Firing,3f5d927.jpg,"Score: 95, Severity: critical, Rules: 1",c69817af9a0259d4
2026-01-16T16:20:41.879634Z,Rule Firing,3f9cf6b.jpg,"Score: 95, Severity: critical, Rules: 1",cc70b5f2d1e8050b
2026-01-16T16:20:41.879634Z,Rule Firing,3fb155.jpg,"Score: 95, Severity: critical, Rules: 1",c437a1f3c14063d0
2026-01-16T16:20:41.884719Z,Rule Firing,3fc8418.jpg,"Score: 95, Severity: critical, Rules: 1",e10a12d11b289b55
2026-01-16T16:20:41.884719Z,Rule Firing,40154ce.jpg,"Score: 95, Severity: critical, Rules: 1",9207807ef7edcd37
2026-01-16T16:20:41.884719Z,Rule Firing,402761.jpg,"Score: 95, Severity: critical, Rules: 1",9a88178d3c039cf5
2026-01-16T16:20:41.924387Z,Rule Firing,404f7f9.jpg,"Score: 95, Severity: critical, Rules: 1",476674de61ce14d1
2026-01-16T16:20:41.924387Z,Rule Firing,40896ba.jpg,"Score: 95, Severity: critical, Rules: 1",bbaef16f735cfaa6
2026-01-16T16:20:41.924387Z,Rule Firing,40be537.jpg,"Score: 95, Severity: critical, Rules: 1",d940b31387f69b0c
2026-01-16T16:20:41.924387Z,Rule Firing,40fe607.jpg,"Score: 95, Severity: critical, Rules: 1",efa6ea0d5cd7f902
2026-01-16T16:20:41.924387Z,Rule Firing,411002b.jpg,"Score: 95, Severity: critical, Rules: 1",f0f91598af831244
2026-01-16T16:20:41.924387Z,Rule Firing,411039d.jpg,"Score: 95, Severity: critical, Rules: 1",19688dabc0dfbd47
2026-01-16T16:20:41.924387Z,Rule Firing,4111041.jpg,"Score: 95, Severity: critical, Rules: 1",56ff8d3049009d4a
2026-01-16T16:20:41.924387Z,Rule Firing,4115b04.jpg,"Score: 95, Severity: critical, Rules: 1",dd285fdd4fcb4c7a
2026-01-16T16:20:41.924387Z,Rule Firing,413a96d.jpg,"Score: 95, Severity: critical, Rules: 1",4d4e226a7054de35
2026-01-16T16:20:41.924387Z,Rule Firing,413cc12.jpg,"Score: 95, Severity: critical, Rules: 1",708d35970977024c
2026-01-16T16:20:41.964633Z,Rule Firing,413e953.jpg,"Score: 95, Severity: critical, Rules: 1",a808d20b49f6fcdd
2026-01-16T16:20:41.964633Z,Rule Firing,41422ab.jpg,"Score: 95, Severity: critical, Rules: 1",7a33a5896858bc02
2026-01-16T16:20:41.964633Z,Rule Firing,41449d3.jpg,"Score: 95, Severity: critical, Rules: 1",782ad88ea7559ea3
2026-01-16T16:20:41.964633Z,Rule Firing,414b31b.jpg,"Score: 95, Severity: critical, Rules: 1",87fd4e8c1a7867c6
2026-01-16T16:20:41.964633Z,Rule Firing,414d44.jpg,"Score: 95, Severity: critical, Rules: 1",ca87d16dbb10eb86
2026-01-16T16:20:41.964633Z,Rule Firing,416b9fc.jpg,"Score: 95, Severity: critical, Rules: 1",83b38485b60eccf1
2026-01-16T16:20:41.974640Z,Rule Firing,41c0de5.jpg,"Score: 95, Severity: critical, Rules: 1",58e7092324d4a720
2026-01-16T16:20:41.974640Z,Rule Firing,41d2775.jpg,"Score: 95, Severity: critical, Rules: 1",7213ff40bd3ca714
2026-01-16T16:20:41.974640Z,Rule Firing,4235cd1.jpg,"Score: 95, Severity: critical, Rules: 1",4382aea56b32c130
2026-01-16T16:20:41.974640Z,Rule Firing,4246c17.jpg,"Score: 95, Severity: critical, Rules: 1",e9bdc1d80f8c6e7d
2026-01-16T16:20:42.014426Z,Rule Firing,426a738.jpg,"Score: 95, Severity: critical, Rules: 1",1b10100f3e5f84ea
2026-01-16T16:20:42.014426Z,Rule Firing,428ea6f.jpg,"Score: 95, Severity: critical, Rules: 1",37711eb7212ddd82
2026-01-16T16:20:42.014426Z,Rule Firing,42cabe6.jpg,"Score: 95, Severity: critical, Rules: 1",f08fc3675455554d
2026-01-16T16:20:42.014426Z,Rule Firing,42dc9b9.jpg,"Score: 95, Severity: critical, Rules: 1",82ba071db12946ac
2026-01-16T16:20:42.014426Z,Rule Firing,42dd82.jpg,"Score: 95, Severity: critical, Rules: 1",e16cb23582291734
2026-01-16T16:20:42.014426Z,Rule Firing,42e28bb.jpg,"Score: 95, Severity: critical, Rules: 1",98c65b6ba137f7a5
2026-01-16T16:20:42.014426Z,Rule Firing,42eb419.jpg,"Score: 95, Severity: critical, Rules: 1",3b3d624a3e4daef8
2026-01-16T16:20:42.014426Z,Rule Firing,42f5616.jpg,"Score: 95, Severity: critical, Rules: 1",b4370a3e52c0a691
2026-01-16T16:20:42.014426Z,Rule Firing,4310d53.jpg,"Score: 95, Severity: critical, Rules: 1",34fb79c73ef9bcaa
2026-01-16T16:20:42.014426Z,Rule Firing,4318c21.jpg,"Score: 95, Severity: critical, Rules: 1",9343dcf0237c8a67
2026-01-16T16:20:42.064807Z,Rule Firing,4321787.jpg,"Score: 95, Severity: critical, Rules: 1",aee735d7961bb4fa
2026-01-16T16:20:42.064807Z,Rule Firing,43276e9.jpg,"Score: 95, Severity: critical, Rules: 1",7599219522e19376
2026-01-16T16:20:42.064807Z,Rule Firing,432c50f.jpg,"Score: 95, Severity: critical, Rules: 1",a89bad0d2b7649fe
2026-01-16T16:20:42.064807Z,Rule Firing,432da60.jpg,"Score: 95, Severity: critical, Rules: 1",f96245c68c23c2fb
2026-01-16T16:20:42.064807Z,Rule Firing,433a138.jpg,"Score: 95, Severity: critical, Rules: 1",38b7fc73ac51035e
2026-01-16T16:20:42.064807Z,Rule Firing,433d2af.jpg,"Score: 95, Severity: critical, Rules: 1",2f6ce8acb34d87ed
2026-01-16T16:20:42.064807Z,Rule Firing,433f0ec.jpg,"Score: 95, Severity: critical, Rules: 1",ab641c4d43a6040e
2026-01-16T16:20:42.064807Z,Rule Firing,4348fb1.jpg,"Score: 95, Severity: critical, Rules: 1",9285be0f18372719
2026-01-16T16:20:42.064807Z,Rule Firing,434b953.jpg,"Score: 95, Severity: critical, Rules: 1",79d51f02ab6ec1b0
2026-01-16T16:20:42.064807Z,Rule Firing,4406c7e.jpg,"Score: 95, Severity: critical, Rules: 1",742196bf2a226178
2026-01-16T16:20:42.108311Z,Rule Firing,4407c00.jpg,"Score: 95, Severity: critical, Rules: 1",72438f34b70417d6
2026-01-16T16:20:42.108311Z,Rule Firing,440924a.jpg,"Score: 95, Severity: critical, Rules: 1",2873d352d6f43688
2026-01-16T16:20:42.108311Z,Rule Firing,441872f.jpg,"Score: 95, Severity: critical, Rules: 1",1614977fed72aee3
2026-01-16T16:20:42.108311Z,Rule Firing,443cd3b.jpg,"Score: 95, Severity: critical, Rules: 1",8fc5411f58b081c9
2026-01-16T16:20:42.114776Z,Rule Firing,448fec9.jpg,"Score: 95, Severity: critical, Rules: 1",45c62074cad89302
2026-01-16T16:20:42.114776Z,Rule Firing,449edb9.jpg,"Score: 95, Severity: critical, Rules: 1",c43a5fa6a3947626
2026-01-16T16:20:42.114776Z,Rule Firing,44ee14a.jpg,"Score: 95, Severity: critical, Rules: 1",1e324310ddb66d3c
2026-01-16T16:20:42.114776Z,Rule Firing,44eefaf.jpg,"Score: 95, Severity: critical, Rules: 1",099518188d2a173f
2026-01-16T16:20:42.114776Z,Rule Firing,45967b5.jpg,"Score: 95, Severity: critical, Rules: 1",83dc3ee53868b63c
2026-01-16T16:20:42.114776Z,Rule Firing,45d3ec4.jpg,"Score: 95, Severity: critical, Rules: 1",66042e4cb844e56c
2026-01-16T16:20:42.160477Z,Rule Firing,47739b5.jpg,"Score: 95, Severity: critical, Rules: 1",8e544a16480866a6
2026-01-16T16:20:42.162490Z,Rule Firing,477649a.jpg,"Score: 95, Severity: critical, Rules: 1",8660ae9930936f92
2026-01-16T16:20:42.162490Z,Rule Firing,47cdbc5.jpg,"Score: 95, Severity: critical, Rules: 1",3aec2fba4ac0a844
2026-01-16T16:20:42.162490Z,Rule Firing,4859fbd.jpg,"Score: 95, Severity: critical, Rules: 1",c8475acc2db2c460
2026-01-16T16:20:42.164504Z,Rule Firing,48bc3a1.jpg,"Score: 95, Severity: critical, Rules: 1",f9498079cb6fd9a6
2026-01-16T16:20:42.164504Z,Rule Firing,49486f1.jpg,"Score: 95, Severity: critical, Rules: 1",9a503e22f80a87e9
2026-01-16T16:20:42.164504Z,Rule Firing,4973d44.jpg,"Score: 95, Severity: critical, Rules: 1",37e71347a4e5b827
2026-01-16T16:20:42.166555Z,Rule Firing,4990f69.jpg,"Score: 95, Severity: critical, Rules: 1",ef50a8ee47c8edf5
2026-01-16T16:20:42.166555Z,Rule Firing,4997611.jpg,"Score: 95, Severity: critical, Rules: 1",d2cd82a24440c8c1
2026-01-16T16:20:42.166555Z,Rule Firing,4997f77.jpg,"Score: 95, Severity: critical, Rules: 1",9eda4dd039ea44ad
2026-01-16T16:20:42.216452Z,Rule Firing,4999ac3.jpg,"Score: 95, Severity: critical, Rules: 1",9f85e64807c87205
2026-01-16T16:20:42.216452Z,Rule Firing,499af47.jpg,"Score: 95, Severity: critical, Rules: 1",9b6984e7ca4694cc
2026-01-16T16:20:42.216452Z,Rule Firing,499b9bb.jpg,"Score: 95, Severity: critical, Rules: 1",dd1b7e69cdaa7d6a
2026-01-16T16:20:42.218466Z,Rule Firing,49a383d.jpg,"Score: 95, Severity: critical, Rules: 1",3a2b6ad0c9bade47
2026-01-16T16:20:42.218466Z,Rule Firing,49a39c9.jpg,"Score: 95, Severity: critical, Rules: 1",7f9431d5429cac08
2026-01-16T16:20:42.218466Z,Rule Firing,49a4e03.jpg,"Score: 95, Severity: critical, Rules: 1",b5b8fd7048a09f0f
2026-01-16T16:20:42.220483Z,Rule Firing,49a6195.jpg,"Score: 95, Severity: critical, Rules: 1",b0c7c9b451e81bf3
2026-01-16T16:20:42.220483Z,Rule Firing,49a6a25.jpg,"Score: 95, Severity: critical, Rules: 1",1805d1e2132c7946
2026-01-16T16:20:42.220483Z,Rule Firing,49a7929.jpg,"Score: 95, Severity: critical, Rules: 1",cbe1b0a708b14092
2026-01-16T16:20:42.220483Z,Rule Firing,49dc0e5.jpg,"Score: 95, Severity: critical, Rules: 1",023f9ae4b6ef1a58
2026-01-16T16:20:42.266834Z,Rule Firing,49f1697.jpg,"Score: 95, Severity: critical, Rules: 1",59a9d172ebabb979
2026-01-16T16:20:42.270622Z,Rule Firing,49f3c9d.jpg,"Score: 95, Severity: critical, Rules: 1",e6b237b1e7bdcbd9
2026-01-16T16:20:42.272637Z,Rule Firing,49f695b.jpg,"Score: 95, Severity: critical, Rules: 1",2861adbe71603d87
2026-01-16T16:20:42.272637Z,Rule Firing,49f6a23.jpg,"Score: 95, Severity: critical, Rules: 1",9d1da5919df96b32
2026-01-16T16:20:42.272637Z,Rule Firing,49fde47.jpg,"Score: 95, Severity: critical, Rules: 1",e24435840627cf45
2026-01-16T16:20:42.272637Z,Rule Firing,49fec4f.jpg,"Score: 95, Severity: critical, Rules: 1",a677af02e4652586
2026-01-16T16:20:42.274654Z,Rule Firing,49fecb5.jpg,"Score: 95, Severity: critical, Rules: 1",e14733fe669108db
2026-01-16T16:20:42.274654Z,Rule Firing,49fee43.jpg,"Score: 95, Severity: critical, Rules: 1",9a801f53937edb4f
2026-01-16T16:20:42.274654Z,Rule Firing,49fef17.jpg,"Score: 95, Severity: critical, Rules: 1",6d152f63b754646d
2026-01-16T16:20:42.274654Z,Rule Firing,49ff4f3.jpg,"Score: 95, Severity: critical, Rules: 1",c336f62bd5e2353f
2026-01-16T16:20:42.314736Z,Rule Firing,49ff615.jpg,"Score: 95, Severity: critical, Rules: 1",7a486abba0fc48ec
2026-01-16T16:20:42.314736Z,Rule Firing,4a012e9.jpg,"Score: 95, Severity: critical, Rules: 1",e400767ae73f2a26
2026-01-16T16:20:42.314736Z,Rule Firing,4a01499.jpg,"Score: 95, Severity: critical, Rules: 1",a7481d757b4073f7
2026-01-16T16:20:42.314736Z,Rule Firing,4a02965.jpg,"Score: 95, Severity: critical, Rules: 1",f81aba0ff41631b4
2026-01-16T16:20:42.314736Z,Rule Firing,4a28619.jpg,"Score: 95, Severity: critical, Rules: 1",bfa84c9ebf489904
2026-01-16T16:20:42.314736Z,Rule Firing,4a3bb27.jpg,"Score: 95, Severity: critical, Rules: 1",3e03c8d9a6315756
2026-01-16T16:20:42.314736Z,Rule Firing,4a4f48d.jpg,"Score: 95, Severity: critical, Rules: 1",e2f6687f3dd31195
2026-01-16T16:20:42.314736Z,Rule Firing,4a511bd.jpg,"Score: 95, Severity: critical, Rules: 1",e89c7da11a816493
2026-01-16T16:20:42.314736Z,Rule Firing,4a51aed.jpg,"Score: 95, Severity: critical, Rules: 1",993fd38bfe8d1088
2026-01-16T16:20:42.314736Z,Rule Firing,4a594c1.jpg,"Score: 95, Severity: critical, Rules: 1",5ac13c30bcca6add
2026-01-16T16:20:42.364735Z,Rule Firing,4a5a1bb.jpg,"Score: 95, Severity: critical, Rules: 1",38909e0fea66ec84
2026-01-16T16:20:42.364735Z,Rule Firing,4a5a5d7.jpg,"Score: 95, Severity: critical, Rules: 1",3a07e8309d945360
2026-01-16T16:20:42.364735Z,Rule Firing,4a5abb1.jpg,"Score: 95, Severity: critical, Rules: 1",28b22378cb89e0ac
2026-01-16T16:20:42.364735Z,Rule Firing,4a5c7c3.jpg,"Score: 95, Severity: critical, Rules: 1",dfee59d790d372e0
2026-01-16T16:20:42.364735Z,Rule Firing,4a5c9a1.jpg,"Score: 95, Severity: critical, Rules: 1",74ac8dd2fdbafa31
2026-01-16T16:20:42.364735Z,Rule Firing,4a89851.jpg,"Score: 95, Severity: critical, Rules: 1",1f6c0ab8ad87c0cd
2026-01-16T16:20:42.364735Z,Rule Firing,4b08c41.jpg,"Score: 95, Severity: critical, Rules: 1",74bc64b1ec2c38f5
2026-01-16T16:20:42.364735Z,Rule Firing,4b0ea13.jpg,"Score: 95, Severity: critical, Rules: 1",c339829b967aee79
2026-01-16T16:20:42.364735Z,Rule Firing,4b10cb3.jpg,"Score: 95, Severity: critical, Rules: 1",303eced5f8de60e0
2026-01-16T16:20:42.364735Z,Rule Firing,4b12783.jpg,"Score: 95, Severity: critical, Rules: 1",f51d31a1b014f4a5
2026-01-16T16:20:42.410653Z,Rule Firing,4b142b1.jpg,"Score: 95, Severity: critical, Rules: 1",069849377647cd09
2026-01-16T16:20:42.410653Z,Rule Firing,4b14709.jpg,"Score: 95, Severity: critical, Rules: 1",55fd28a6bcd2430d
2026-01-16T16:20:42.410653Z,Rule Firing,4b14857.jpg,"Score: 95, Severity: critical, Rules: 1",34ac8d9c45128d65
2026-01-16T16:20:42.410653Z,Rule Firing,4b14ad9.jpg,"Score: 95, Severity: critical, Rules: 1",dc7656fd84694727
2026-01-16T16:20:42.414632Z,Rule Firing,4b14b27.jpg,"Score: 95, Severity: critical, Rules: 1",968e309fafc41a26
2026-01-16T16:20:42.414632Z,Rule Firing,4b14c25.jpg,"Score: 95, Severity: critical, Rules: 1",d37b0a1f43f960c1
2026-01-16T16:20:42.414632Z,Rule Firing,4b15033.jpg,"Score: 95, Severity: critical, Rules: 1",b72a21d8a963643b
2026-01-16T16:20:42.414632Z,Rule Firing,4b150fb.jpg,"Score: 95, Severity: critical, Rules: 1",2a7537c739941282
2026-01-16T16:20:42.414632Z,Rule Firing,4b15437.jpg,"Score: 95, Severity: critical, Rules: 1",70779a8fb93f511b
2026-01-16T16:20:42.414632Z,Rule Firing,4b154e3.jpg,"Score: 95, Severity: critical, Rules: 1",dee54a4f544eaea6
2026-01-16T16:20:42.458522Z,Rule Firing,4b15c31.jpg,"Score: 95, Severity: critical, Rules: 1",f4ea5ba44210ddcc
2026-01-16T16:20:42.458522Z,Rule Firing,4b2147d.jpg,"Score: 95, Severity: critical, Rules: 1",314770f1e755783e
2026-01-16T16:20:42.458522Z,Rule Firing,4b4f4df.jpg,"Score: 95, Severity: critical, Rules: 1",ae91b96b4ffa386b
2026-01-16T16:20:42.458522Z,Rule Firing,4b61b8b.jpg,"Score: 95, Severity: critical, Rules: 1",bbd5e1a2b91cc136
2026-01-16T16:20:42.460793Z,Rule Firing,4b63df1.jpg,"Score: 95, Severity: critical, Rules: 1",43f4aa902c0105a4
2026-01-16T16:20:42.460793Z,Rule Firing,4b672bb.jpg,"Score: 95, Severity: critical, Rules: 1",447256e209230974
2026-01-16T16:20:42.460793Z,Rule Firing,4b70e67.jpg,"Score: 95, Severity: critical, Rules: 1",61e826627d6ce7e1
2026-01-16T16:20:42.460793Z,Rule Firing,4b864b9.jpg,"Score: 95, Severity: critical, Rules: 1",109009a93c68a439
2026-01-16T16:20:42.460793Z,Rule Firing,4b877fb.jpg,"Score: 95, Severity: critical, Rules: 1",b3f1c2964091b1d7
2026-01-16T16:20:42.460793Z,Rule Firing,4b9f08d.jpg,"Score: 95, Severity: critical, Rules: 1",f1189d254e1a9edd
2026-01-16T16:20:42.504536Z,Rule Firing,4bbc7ef.jpg,"Score: 95, Severity: critical, Rules: 1",ba5208ca68c133cb
2026-01-16T16:20:42.506282Z,Rule Firing,4bbfbc1.jpg,"Score: 95, Severity: critical, Rules: 1",a0b28621122bd1d4
2026-01-16T16:20:42.506282Z,Rule Firing,4bc0949.jpg,"Score: 95, Severity: critical, Rules: 1",5e73587f573866ad
2026-01-16T16:20:42.506282Z,Rule Firing,4bc0dad.jpg,"Score: 95, Severity: critical, Rules: 1",5eeae266e4a9e930
2026-01-16T16:20:42.508305Z,Rule Firing,4bc15dd.jpg,"Score: 95, Severity: critical, Rules: 1",70eb1df4c27a87c8
2026-01-16T16:20:42.508305Z,Rule Firing,4c1739.jpg,"Score: 95, Severity: critical, Rules: 1",32b6b6cfb9dd1443
2026-01-16T16:20:42.508305Z,Rule Firing,4c3e213.jpg,"Score: 95, Severity: critical, Rules: 1",eb963abe36d94a10
2026-01-16T16:20:42.508305Z,Rule Firing,4c4376d.jpg,"Score: 95, Severity: critical, Rules: 1",e569797bdd5d6f18
2026-01-16T16:20:42.508305Z,Rule Firing,4c646a3.jpg,"Score: 95, Severity: critical, Rules: 1",67ef6e7a0fec497e
2026-01-16T16:20:42.508305Z,Rule Firing,4c76f5d.jpg,"Score: 95, Severity: critical, Rules: 1",a1eb56d3c3f0abc8
2026-01-16T16:20:42.550471Z,Rule Firing,4c776bb.jpg,"Score: 95, Severity: critical, Rules: 1",bfa19575ebe2cfef
2026-01-16T16:20:42.552475Z,Rule Firing,4c77a6d.jpg,"Score: 95, Severity: critical, Rules: 1",ba6ad38d2148356e
2026-01-16T16:20:42.552475Z,Rule Firing,4c7f5dd.jpg,"Score: 95, Severity: critical, Rules: 1",9852ea5563bc35d1
2026-01-16T16:20:42.552475Z,Rule Firing,4c80073.jpg,"Score: 95, Severity: critical, Rules: 1",afa3382c7be55f9d
2026-01-16T16:20:42.554481Z,Rule Firing,4c80201.jpg,"Score: 95, Severity: critical, Rules: 1",a577b68177611357
2026-01-16T16:20:42.554481Z,Rule Firing,4c81f1b.jpg,"Score: 95, Severity: critical, Rules: 1",6560f2d2b04e55b2
2026-01-16T16:20:42.554481Z,Rule Firing,4c82111.jpg,"Score: 95, Severity: critical, Rules: 1",c81f0de1a532dfe7
2026-01-16T16:20:42.554481Z,Rule Firing,4c83c21.jpg,"Score: 95, Severity: critical, Rules: 1",b07e851a8e3d97ae
2026-01-16T16:20:42.556521Z,Rule Firing,4c947b3.jpg,"Score: 95, Severity: critical, Rules: 1",f721073b0b1b2fba
2026-01-16T16:20:42.556521Z,Rule Firing,4cbc343.jpg,"Score: 95, Severity: critical, Rules: 1",f5935439831a50d3
2026-01-16T16:20:42.598388Z,Rule Firing,4ccf169.jpg,"Score: 95, Severity: critical, Rules: 1",80b4e9e00388d7d0
2026-01-16T16:20:42.598388Z,Rule Firing,4cd1c81.jpg,"Score: 95, Severity: critical, Rules: 1",28443d6fadf2da8d
2026-01-16T16:20:42.600392Z,Rule Firing,4cd2873.jpg,"Score: 95, Severity: critical, Rules: 1",a0f022f7f39d9fa9
2026-01-16T16:20:42.600392Z,Rule Firing,4cd6d43.jpg,"Score: 95, Severity: critical, Rules: 1",e5f903f738044dae
2026-01-16T16:20:42.600392Z,Rule Firing,4cdad37.jpg,"Score: 95, Severity: critical, Rules: 1",69185d819f6a2ee6
2026-01-16T16:20:42.602139Z,Rule Firing,4cdafaf.jpg,"Score: 95, Severity: critical, Rules: 1",4c3bba308c99bfd5
2026-01-16T16:20:42.602139Z,Rule Firing,4cdb67f.jpg,"Score: 95, Severity: critical, Rules: 1",45a6a930dd3bf937
2026-01-16T16:20:42.602139Z,Rule Firing,4cdcc2b.jpg,"Score: 95, Severity: critical, Rules: 1",b484e2fb65b8ed67
2026-01-16T16:20:42.602139Z,Rule Firing,4cddb41.jpg,"Score: 95, Severity: critical, Rules: 1",63088d7e05247baa
2026-01-16T16:20:42.602139Z,Rule Firing,4cf4f8b.jpg,"Score: 95, Severity: critical, Rules: 1",d46fe7ed6a1771ca
2026-01-16T16:20:42.646827Z,Rule Firing,4d0404b.jpg,"Score: 95, Severity: critical, Rules: 1",7475e90766659437
2026-01-16T16:20:42.646827Z,Rule Firing,4d134ad.jpg,"Score: 95, Severity: critical, Rules: 1",8ce6750a6a16fdd6
2026-01-16T16:20:42.648833Z,Rule Firing,4d1eca4.jpg,"Score: 95, Severity: critical, Rules: 1",37eed9a417fd74a0
2026-01-16T16:20:42.648833Z,Rule Firing,4d213e2.jpg,"Score: 95, Severity: critical, Rules: 1",1854802a7269d235
2026-01-16T16:20:42.648833Z,Rule Firing,4d21e04.jpg,"Score: 95, Severity: critical, Rules: 1",308afec3fb77ba1d
2026-01-16T16:20:42.648833Z,Rule Firing,4d35479.jpg,"Score: 95, Severity: critical, Rules: 1",8ed35baaa675f4a2
2026-01-16T16:20:42.650839Z,Rule Firing,4d35e0b.jpg,"Score: 95, Severity: critical, Rules: 1",793e7f32f795df91
2026-01-16T16:20:42.650839Z,Rule Firing,4d3649b.jpg,"Score: 95, Severity: critical, Rules: 1",72770138c5764e29
2026-01-16T16:20:42.650839Z,Rule Firing,4d36cbf.jpg,"Score: 95, Severity: critical, Rules: 1",53c647915a8f6e46
2026-01-16T16:20:42.650839Z,Rule Firing,4d371b5.jpg,"Score: 95, Severity: critical, Rules: 1",bdffce6c845b1533
2026-01-16T16:20:42.694551Z,Rule Firing,4d37a5f.jpg,"Score: 95, Severity: critical, Rules: 1",23d9b0f6f5b6efe8
2026-01-16T16:20:42.694551Z,Rule Firing,4d38a1f.jpg,"Score: 95, Severity: critical, Rules: 1",3f47c7407bfadf25
2026-01-16T16:20:42.696297Z,Rule Firing,4d38f71.jpg,"Score: 95, Severity: critical, Rules: 1",161bbcdbdd3cc33c
2026-01-16T16:20:42.696297Z,Rule Firing,4d3ad39.jpg,"Score: 95, Severity: critical, Rules: 1",5a48be08f3aa0074
2026-01-16T16:20:42.696297Z,Rule Firing,4d3d350.jpg,"Score: 95, Severity: critical, Rules: 1",a09baa2bc1ff370c
2026-01-16T16:20:42.696297Z,Rule Firing,4d4174b.jpg,"Score: 95, Severity: critical, Rules: 1",32fe18f592730fa9
2026-01-16T16:20:42.698443Z,Rule Firing,4d675e3.jpg,"Score: 95, Severity: critical, Rules: 1",bee46ed20c4f847c
2026-01-16T16:20:42.698443Z,Rule Firing,4d67955.jpg,"Score: 95, Severity: critical, Rules: 1",c360b8b88e116d97
2026-01-16T16:20:42.698443Z,Rule Firing,4d709df.jpg,"Score: 95, Severity: critical, Rules: 1",e6a20b8fbf47b6d9
2026-01-16T16:20:42.698443Z,Rule Firing,4d79964.jpg,"Score: 95, Severity: critical, Rules: 1",a83edc17e4775fda
2026-01-16T16:20:42.741948Z,Rule Firing,4d88e4d.jpg,"Score: 95, Severity: critical, Rules: 1",f7dd6a540d599411
2026-01-16T16:20:42.741948Z,Rule Firing,4d8ac21.jpg,"Score: 95, Severity: critical, Rules: 1",f84b96bad672199c
2026-01-16T16:20:42.741948Z,Rule Firing,4d8b2bd.jpg,"Score: 95, Severity: critical, Rules: 1",c70c679aaaf4bdd6
2026-01-16T16:20:42.741948Z,Rule Firing,4d9258d.jpg,"Score: 95, Severity: critical, Rules: 1",3eb3cf492f241df5
2026-01-16T16:20:42.744459Z,Rule Firing,4d9460a.jpg,"Score: 95, Severity: critical, Rules: 1",b9125035288e99f8
2026-01-16T16:20:42.744459Z,Rule Firing,4d99003.jpg,"Score: 95, Severity: critical, Rules: 1",a9e8683823f40055
2026-01-16T16:20:42.744459Z,Rule Firing,4d9debb.jpg,"Score: 95, Severity: critical, Rules: 1",405314052853ed92
2026-01-16T16:20:42.744459Z,Rule Firing,4d9f37b.jpg,"Score: 95, Severity: critical, Rules: 1",f1c0e08005e35df4
2026-01-16T16:20:42.744459Z,Rule Firing,4da37bb.jpg,"Score: 95, Severity: critical, Rules: 1",66cfeace8be2982b
2026-01-16T16:20:42.744459Z,Rule Firing,4daae93.jpg,"Score: 95, Severity: critical, Rules: 1",52cbd6b103a54407
2026-01-16T16:20:42.790402Z,Rule Firing,4dae43f.jpg,"Score: 95, Severity: critical, Rules: 1",2cf801ef909d509a
2026-01-16T16:20:42.790402Z,Rule Firing,4db3192.jpg,"Score: 95, Severity: critical, Rules: 1",80dc3d17cae57c2d
2026-01-16T16:20:42.790402Z,Rule Firing,4db6263.jpg,"Score: 95, Severity: critical, Rules: 1",2b7955b7b4b79edc
2026-01-16T16:20:42.790402Z,Rule Firing,4db8b41.jpg,"Score: 95, Severity: critical, Rules: 1",90514ca1e1ac3077
2026-01-16T16:20:42.794343Z,Rule Firing,4dc081e.jpg,"Score: 95, Severity: critical, Rules: 1",502ac5b9e3a22014
2026-01-16T16:20:42.794343Z,Rule Firing,4dc61ec.jpg,"Score: 95, Severity: critical, Rules: 1",c54596a887aa1a68
2026-01-16T16:20:42.794343Z,Rule Firing,4dc90a7.jpg,"Score: 95, Severity: critical, Rules: 1",eb05afc793c13c46
2026-01-16T16:20:42.794343Z,Rule Firing,4dda53f.jpg,"Score: 95, Severity: critical, Rules: 1",73fa424ced01ac0a
2026-01-16T16:20:42.794343Z,Rule Firing,4ddcd60.jpg,"Score: 95, Severity: critical, Rules: 1",d80472a4263a2492
2026-01-16T16:20:42.794343Z,Rule Firing,4de02e2.jpg,"Score: 95, Severity: critical, Rules: 1",b959f26fd24a8dbe
2026-01-16T16:20:42.844402Z,Rule Firing,4dec331.jpg,"Score: 95, Severity: critical, Rules: 1",c7c357ea6e7e19ae
2026-01-16T16:20:42.844402Z,Rule Firing,4deeb2a.jpg,"Score: 95, Severity: critical, Rules: 1",94c82e4edc13fbd6
2026-01-16T16:20:42.844402Z,Rule Firing,4def049.jpg,"Score: 95, Severity: critical, Rules: 1",1781001f0c99d078
2026-01-16T16:20:42.844402Z,Rule Firing,4df00b5.jpg,"Score: 95, Severity: critical, Rules: 1",b784d4be1751e26d
2026-01-16T16:20:42.844402Z,Rule Firing,4df0893.jpg,"Score: 95, Severity: critical, Rules: 1",b227d4cd4505fbb2
2026-01-16T16:20:42.844402Z,Rule Firing,4df0bb1.jpg,"Score: 95, Severity: critical, Rules: 1",1e4ff6a6b8d5fbd4
2026-01-16T16:20:42.844402Z,Rule Firing,4df0d51.jpg,"Score: 95, Severity: critical, Rules: 1",f2ab8af3e108e6ca
2026-01-16T16:20:42.844402Z,Rule Firing,4df0e9b.jpg,"Score: 95, Severity: critical, Rules: 1",35371ea4d2e8b7c3
2026-01-16T16:20:42.849676Z,Rule Firing,4df10af.jpg,"Score: 95, Severity: critical, Rules: 1",deddaa2595aa95d1
2026-01-16T16:20:42.849676Z,Rule Firing,4df1115.jpg,"Score: 95, Severity: critical, Rules: 1",b6347f3c275ba3d0
2026-01-16T16:20:42.894631Z,Rule Firing,4df1217.jpg,"Score: 95, Severity: critical, Rules: 1",8c57afdeadc4d42c
2026-01-16T16:20:42.894631Z,Rule Firing,4df12a7.jpg,"Score: 95, Severity: critical, Rules: 1",5683f98ef07505ae
2026-01-16T16:20:42.894631Z,Rule Firing,4df14ad.jpg,"Score: 95, Severity: critical, Rules: 1",6d96ad6ad791e57c
2026-01-16T16:20:42.894631Z,Rule Firing,4df152b.jpg,"Score: 95, Severity: critical, Rules: 1",89857c58a69abe94
2026-01-16T16:20:42.894631Z,Rule Firing,4df153f.jpg,"Score: 95, Severity: critical, Rules: 1",3a429850c1e75bab
2026-01-16T16:20:42.894631Z,Rule Firing,4df15ad.jpg,"Score: 95, Severity: critical, Rules: 1",51439cb9cfef9a93
2026-01-16T16:20:42.894631Z,Rule Firing,4df1621.jpg,"Score: 95, Severity: critical, Rules: 1",d55f7b798a525b01
2026-01-16T16:20:42.894631Z,Rule Firing,4df16b3.jpg,"Score: 95, Severity: critical, Rules: 1",9fe61e2f3c4a4b11
2026-01-16T16:20:42.894631Z,Rule Firing,4df18c9.jpg,"Score: 95, Severity: critical, Rules: 1",5a3e371f2206acfc
2026-01-16T16:20:42.894631Z,Rule Firing,4df1fad.jpg,"Score: 95, Severity: critical, Rules: 1",bff5dcad947cc6fe
2026-01-16T16:20:42.942047Z,Rule Firing,4e017a7.jpg,"Score: 95, Severity: critical, Rules: 1",5b092311bfa8bbad
2026-01-16T16:20:42.944059Z,Rule Firing,4e02e6f.jpg,"Score: 95, Severity: critical, Rules: 1",32aa2bd844c39677
2026-01-16T16:20:42.944565Z,Rule Firing,4e0ef1b.jpg,"Score: 95, Severity: critical, Rules: 1",01f40ecb4bb6dfbd
2026-01-16T16:20:42.944565Z,Rule Firing,4e13dd0.jpg,"Score: 95, Severity: critical, Rules: 1",05445d61474bd2f7
2026-01-16T16:20:42.944565Z,Rule Firing,4e141df.jpg,"Score: 95, Severity: critical, Rules: 1",8641d908714bb892
2026-01-16T16:20:42.944565Z,Rule Firing,4e23f78.jpg,"Score: 95, Severity: critical, Rules: 1",32e7b881fc0ad65c
2026-01-16T16:20:42.944565Z,Rule Firing,4e25431.jpg,"Score: 95, Severity: critical, Rules: 1",642116eb3360d441
2026-01-16T16:20:42.944565Z,Rule Firing,4e25f48.jpg,"Score: 95, Severity: critical, Rules: 1",52f201070af36b89
2026-01-16T16:20:42.947538Z,Rule Firing,4e26d29.jpg,"Score: 95, Severity: critical, Rules: 1",6ce3f1377540aec3
2026-01-16T16:20:42.947538Z,Rule Firing,4e27fde.jpg,"Score: 95, Severity: critical, Rules: 1",48087e65f76cce07
2026-01-16T16:20:42.990437Z,Rule Firing,4e29589.jpg,"Score: 95, Severity: critical, Rules: 1",8034426e3d08baaa
2026-01-16T16:20:42.992441Z,Rule Firing,4e2a820.jpg,"Score: 95, Severity: critical, Rules: 1",364ee96297225225
2026-01-16T16:20:42.992441Z,Rule Firing,4e2b2b1.jpg,"Score: 95, Severity: critical, Rules: 1",1317825d9824e625
2026-01-16T16:20:42.992441Z,Rule Firing,4e2e79e.jpg,"Score: 95, Severity: critical, Rules: 1",a88fa3d844e9198d
2026-01-16T16:20:42.994455Z,Rule Firing,4e34190.jpg,"Score: 95, Severity: critical, Rules: 1",de03ed9c6ae9f12a
2026-01-16T16:20:42.994455Z,Rule Firing,4e351a9.jpg,"Score: 95, Severity: critical, Rules: 1",76c5b8bc9067b221
2026-01-16T16:20:42.994455Z,Rule Firing,4e398e1.jpg,"Score: 95, Severity: critical, Rules: 1",e1e00c28ccd6822c
2026-01-16T16:20:42.994455Z,Rule Firing,4e3b3a0.jpg,"Score: 95, Severity: critical, Rules: 1",2c2c641a11f1f306
2026-01-16T16:20:42.996606Z,Rule Firing,4e3bfb1.jpg,"Score: 95, Severity: critical, Rules: 1",31be99ebbd15d796
2026-01-16T16:20:42.996606Z,Rule Firing,4e3e029.jpg,"Score: 95, Severity: critical, Rules: 1",e72ca511f4a3e7f1
2026-01-16T16:20:43.039968Z,Rule Firing,4e445a8.jpg,"Score: 95, Severity: critical, Rules: 1",058c89a2f92fa219
2026-01-16T16:20:43.039968Z,Rule Firing,4e455a0.jpg,"Score: 95, Severity: critical, Rules: 1",36696f6678addba3
2026-01-16T16:20:43.042067Z,Rule Firing,4e478f5.jpg,"Score: 95, Severity: critical, Rules: 1",4797b3fac2590827
2026-01-16T16:20:43.042067Z,Rule Firing,4e4b305.jpg,"Score: 95, Severity: critical, Rules: 1",b73e967a259d6fba
2026-01-16T16:20:43.042067Z,Rule Firing,4e4bb1d.jpg,"Score: 95, Severity: critical, Rules: 1",544535da71bfd387
2026-01-16T16:20:43.042067Z,Rule Firing,4e4c02f.jpg,"Score: 95, Severity: critical, Rules: 1",df26b4bf63d55338
2026-01-16T16:20:43.044073Z,Rule Firing,4e4c0e5.jpg,"Score: 95, Severity: critical, Rules: 1",2097dd30594395fc
2026-01-16T16:20:43.044577Z,Rule Firing,4e4c24b.jpg,"Score: 95, Severity: critical, Rules: 1",ad35e36f94aba993
2026-01-16T16:20:43.044577Z,Rule Firing,4e4c327.jpg,"Score: 95, Severity: critical, Rules: 1",926bd5979cf4ab79
2026-01-16T16:20:43.044577Z,Rule Firing,4e4c405.jpg,"Score: 95, Severity: critical, Rules: 1",144b79d03a763d73
2026-01-16T16:20:43.089632Z,Rule Firing,4e4c45f.jpg,"Score: 95, Severity: critical, Rules: 1",c37c138ce943198e
2026-01-16T16:20:43.089632Z,Rule Firing,4e4c4b5.jpg,"Score: 95, Severity: critical, Rules: 1",93d8b38474e80c60
2026-01-16T16:20:43.091638Z,Rule Firing,4e4c515.jpg,"Score: 95, Severity: critical, Rules: 1",b32c4caf5080b903
2026-01-16T16:20:43.091638Z,Rule Firing,4e4c603.jpg,"Score: 95, Severity: critical, Rules: 1",3c43685b724d3483
2026-01-16T16:20:43.091638Z,Rule Firing,4e4c6a3.jpg,"Score: 95, Severity: critical, Rules: 1",9e6025792b3af03f
2026-01-16T16:20:43.091638Z,Rule Firing,4e4c6d1.jpg,"Score: 95, Severity: critical, Rules: 1",68d8f5162cfd7424
2026-01-16T16:20:43.094347Z,Rule Firing,4e4c827.jpg,"Score: 95, Severity: critical, Rules: 1",717987f8d790eed5
2026-01-16T16:20:43.094347Z,Rule Firing,4e4c86f.jpg,"Score: 95, Severity: critical, Rules: 1",d379c7ff13c882f4
2026-01-16T16:20:43.094347Z,Rule Firing,4e4c8c5.jpg,"Score: 95, Severity: critical, Rules: 1",4895b95abf459141
2026-01-16T16:20:43.094347Z,Rule Firing,4e4c907.jpg,"Score: 95, Severity: critical, Rules: 1",a57cbde575d9cc17
2026-01-16T16:20:43.140227Z,Rule Firing,4e4c9a5.jpg,"Score: 95, Severity: critical, Rules: 1",0ff8ed6419cfaa07
2026-01-16T16:20:43.140227Z,Rule Firing,4e4ca81.jpg,"Score: 95, Severity: critical, Rules: 1",6fa9c39b73374957
2026-01-16T16:20:43.140227Z,Rule Firing,4e4caa5.jpg,"Score: 95, Severity: critical, Rules: 1",007c71fdc84e3f28
2026-01-16T16:20:43.140227Z,Rule Firing,4e4cb3d.jpg,"Score: 95, Severity: critical, Rules: 1",ccf5aa85433f8107
2026-01-16T16:20:43.140227Z,Rule Firing,4e4cbab.jpg,"Score: 95, Severity: critical, Rules: 1",db03f57ba4232528
2026-01-16T16:20:43.140227Z,Rule Firing,4e4cc23.jpg,"Score: 95, Severity: critical, Rules: 1",12c589d816b6ded1
2026-01-16T16:20:43.144529Z,Rule Firing,4e4cc5d.jpg,"Score: 95, Severity: critical, Rules: 1",efbb62bc35e72280
2026-01-16T16:20:43.144529Z,Rule Firing,4e4ce37.jpg,"Score: 95, Severity: critical, Rules: 1",1e9437ac24f125ad
2026-01-16T16:20:43.144529Z,Rule Firing,4e5c74d.jpg,"Score: 95, Severity: critical, Rules: 1",69928ad1fca22eba
2026-01-16T16:20:43.144529Z,Rule Firing,4e607f9.jpg,"Score: 95, Severity: critical, Rules: 1",842862511196146e
2026-01-16T16:20:43.188549Z,Rule Firing,4e60820.jpg,"Score: 95, Severity: critical, Rules: 1",d86763129afa5b2b
2026-01-16T16:20:43.188549Z,Rule Firing,4e630d3.jpg,"Score: 95, Severity: critical, Rules: 1",0ca364cdc5a25fac
2026-01-16T16:20:43.188549Z,Rule Firing,4e63359.jpg,"Score: 95, Severity: critical, Rules: 1",aae8ce4866992018
2026-01-16T16:20:43.188549Z,Rule Firing,4e6381f.jpg,"Score: 95, Severity: critical, Rules: 1",3d476ecd3a452af2
2026-01-16T16:20:43.192039Z,Rule Firing,4e64251.jpg,"Score: 95, Severity: critical, Rules: 1",89758e53a521d7f2
2026-01-16T16:20:43.192039Z,Rule Firing,4e648bb.jpg,"Score: 95, Severity: critical, Rules: 1",8103091da8040238
2026-01-16T16:20:43.192039Z,Rule Firing,4e81811.jpg,"Score: 95, Severity: critical, Rules: 1",aa98c05d04c08292
2026-01-16T16:20:43.194547Z,Rule Firing,4e82eb8.jpg,"Score: 95, Severity: critical, Rules: 1",046d1f7c18c49224
2026-01-16T16:20:43.194547Z,Rule Firing,4e841f1.jpg,"Score: 95, Severity: critical, Rules: 1",5e92d81f89e65b6a
2026-01-16T16:20:43.194547Z,Rule Firing,4e854c8.jpg,"Score: 95, Severity: critical, Rules: 1",ec7be32bac399bad
2026-01-16T16:20:43.244477Z,Rule Firing,4e861c9.jpg,"Score: 95, Severity: critical, Rules: 1",4045c395c0c7503f
2026-01-16T16:20:43.248143Z,Rule Firing,4e870c0.jpg,"Score: 95, Severity: critical, Rules: 1",076bdc114ea5af80
2026-01-16T16:20:43.248143Z,Rule Firing,4e87cb1.jpg,"Score: 95, Severity: critical, Rules: 1",dcaaab57aceb025a
2026-01-16T16:20:43.251226Z,Rule Firing,4e88850.jpg,"Score: 95, Severity: critical, Rules: 1",86f21fd84ba60a8b
2026-01-16T16:20:43.251226Z,Rule Firing,4e89551.jpg,"Score: 95, Severity: critical, Rules: 1",3ff96ffb09b30d09
2026-01-16T16:20:43.253178Z,Rule Firing,4e8a678.jpg,"Score: 95, Severity: critical, Rules: 1",5e7f11eaa81df0f6
2026-01-16T16:20:43.253178Z,Rule Firing,4e8c980.jpg,"Score: 95, Severity: critical, Rules: 1",49c09fd2a8c5a865
2026-01-16T16:20:43.254716Z,Rule Firing,4e9911d.jpg,"Score: 95, Severity: critical, Rules: 1",ad80d1d99dd2b2ac
2026-01-16T16:20:43.254716Z,Rule Firing,4e9ae0f.jpg,"Score: 95, Severity: critical, Rules: 1",5ecebe62de58774d
2026-01-16T16:20:43.254716Z,Rule Firing,4ea478c.jpg,"Score: 95, Severity: critical, Rules: 1",2a0cfdc907ee6c89
2026-01-16T16:20:43.304621Z,Rule Firing,4ea4cb7.jpg,"Score: 95, Severity: critical, Rules: 1",8de3f3054b78347c
2026-01-16T16:20:43.304621Z,Rule Firing,4ea7563.jpg,"Score: 95, Severity: critical, Rules: 1",43ab6e90a519cfef
2026-01-16T16:20:43.304621Z,Rule Firing,4ea77ad.jpg,"Score: 95, Severity: critical, Rules: 1",d5f0473661586192
2026-01-16T16:20:43.304621Z,Rule Firing,4ea7889.jpg,"Score: 95, Severity: critical, Rules: 1",29b074678c083a98
2026-01-16T16:20:43.310078Z,Rule Firing,4ea7c1f.jpg,"Score: 95, Severity: critical, Rules: 1",a2aff4143a4fe49b
2026-01-16T16:20:43.310078Z,Rule Firing,4ea7d9b.jpg,"Score: 95, Severity: critical, Rules: 1",6f3a2224cbbfca0d
2026-01-16T16:20:43.310078Z,Rule Firing,4ea7e21.jpg,"Score: 95, Severity: critical, Rules: 1",1a6ecb84076254d7
2026-01-16T16:20:43.312084Z,Rule Firing,4ea7efb.jpg,"Score: 95, Severity: critical, Rules: 1",c5bc17e0b88efd50
2026-01-16T16:20:43.312084Z,Rule Firing,4ea7fe1.jpg,"Score: 95, Severity: critical, Rules: 1",ee0fef3abfdb3ca7
2026-01-16T16:20:43.312084Z,Rule Firing,4ea80f7.jpg,"Score: 95, Severity: critical, Rules: 1",756d2b0f5b5a3b82
2026-01-16T16:20:43.358712Z,Rule Firing,4ea821b.jpg,"Score: 95, Severity: critical, Rules: 1",38ba01826dd164b3
2026-01-16T16:20:43.358712Z,Rule Firing,4ea8281.jpg,"Score: 95, Severity: critical, Rules: 1",e2317958949c9016
2026-01-16T16:20:43.358712Z,Rule Firing,4ea83ff.jpg,"Score: 95, Severity: critical, Rules: 1",ed2b361ca5d76d53
2026-01-16T16:20:43.358712Z,Rule Firing,4ea8539.jpg,"Score: 95, Severity: critical, Rules: 1",476df3d8fd8d286b
2026-01-16T16:20:43.360760Z,Rule Firing,4ea85e7.jpg,"Score: 95, Severity: critical, Rules: 1",a2b28fb424d640f0
2026-01-16T16:20:43.360760Z,Rule Firing,4ea87ad.jpg,"Score: 95, Severity: critical, Rules: 1",bd6bda593be2246d
2026-01-16T16:20:43.360760Z,Rule Firing,4ea87d9.jpg,"Score: 95, Severity: critical, Rules: 1",2ea56b5ea05baaee
2026-01-16T16:20:43.360760Z,Rule Firing,4ea8c2b.jpg,"Score: 95, Severity: critical, Rules: 1",fcfc6bd004a80c94
2026-01-16T16:20:43.360760Z,Rule Firing,4ea8d81.jpg,"Score: 95, Severity: critical, Rules: 1",04a4d55d7061eba7
2026-01-16T16:20:43.360760Z,Rule Firing,4ea8fd3.jpg,"Score: 95, Severity: critical, Rules: 1",b4a5d24f8476b028
2026-01-16T16:20:43.408055Z,Rule Firing,4eb7cc9.jpg,"Score: 95, Severity: critical, Rules: 1",2bb01a816992be85
2026-01-16T16:20:43.410060Z,Rule Firing,4ef61af.jpg,"Score: 95, Severity: critical, Rules: 1",68c27320dd526766
2026-01-16T16:20:43.410060Z,Rule Firing,4f02ffd.jpg,"Score: 95, Severity: critical, Rules: 1",6b1547ae11d184c3
2026-01-16T16:20:43.410060Z,Rule Firing,4f0975b.jpg,"Score: 95, Severity: critical, Rules: 1",24aa45481c9465d1
2026-01-16T16:20:43.412066Z,Rule Firing,4f0be13.jpg,"Score: 95, Severity: critical, Rules: 1",7baba1027b6bd4e9
2026-01-16T16:20:43.412066Z,Rule Firing,4f11e1b.jpg,"Score: 95, Severity: critical, Rules: 1",ffb15480aea9aae7
2026-01-16T16:20:43.412066Z,Rule Firing,4f12ef9.jpg,"Score: 95, Severity: critical, Rules: 1",6451d7688f717e4a
2026-01-16T16:20:43.412066Z,Rule Firing,4f59787.jpg,"Score: 95, Severity: critical, Rules: 1",c00b8068fd48f193
2026-01-16T16:20:43.412066Z,Rule Firing,4f5bafd.jpg,"Score: 95, Severity: critical, Rules: 1",b4694745ab517a0c
2026-01-16T16:20:43.414572Z,Rule Firing,4f5c20b.jpg,"Score: 95, Severity: critical, Rules: 1",da57ec6d19551c1f
2026-01-16T16:20:43.458511Z,Rule Firing,4f5c3b7.jpg,"Score: 95, Severity: critical, Rules: 1",2c00b482b0b45aab
2026-01-16T16:20:43.458511Z,Rule Firing,4f5e301.jpg,"Score: 95, Severity: critical, Rules: 1",d3c89261ae137d75
2026-01-16T16:20:43.458511Z,Rule Firing,4f6bc55.jpg,"Score: 95, Severity: critical, Rules: 1",419ad81edeabecd7
2026-01-16T16:20:43.462120Z,Rule Firing,4faa95f.jpg,"Score: 95, Severity: critical, Rules: 1",b517af505bf43cbe
2026-01-16T16:20:43.462120Z,Rule Firing,4faeae5.jpg,"Score: 95, Severity: critical, Rules: 1",f95bd11aaab55bf1
2026-01-16T16:20:43.462120Z,Rule Firing,4fb6d1d.jpg,"Score: 95, Severity: critical, Rules: 1",83f324a927d649c9
2026-01-16T16:20:43.462120Z,Rule Firing,4fb764b.jpg,"Score: 95, Severity: critical, Rules: 1",9ae852b46c7e958b
2026-01-16T16:20:43.464634Z,Rule Firing,4fb7799.jpg,"Score: 95, Severity: critical, Rules: 1",c011a5d1e4c57994
2026-01-16T16:20:43.464634Z,Rule Firing,4fb7c33.jpg,"Score: 95, Severity: critical, Rules: 1",351eae3ac562b866
2026-01-16T16:20:43.464634Z,Rule Firing,4fb7c7b.jpg,"Score: 95, Severity: critical, Rules: 1",cec6ccf6198775e4
2026-01-16T16:20:43.508755Z,Rule Firing,4fb7cbd.jpg,"Score: 95, Severity: critical, Rules: 1",24599588e223b77f
2026-01-16T16:20:43.510760Z,Rule Firing,4fb7cff.jpg,"Score: 95, Severity: critical, Rules: 1",c5ac7f9420fb15bf
2026-01-16T16:20:43.510760Z,Rule Firing,4fb7d45.jpg,"Score: 95, Severity: critical, Rules: 1",906e8ccc29b3d732
2026-01-16T16:20:43.510760Z,Rule Firing,4fb7dcf.jpg,"Score: 95, Severity: critical, Rules: 1",59151774ff3987c9
2026-01-16T16:20:43.512765Z,Rule Firing,4fb7e23.jpg,"Score: 95, Severity: critical, Rules: 1",42aea20f0d046fd9
2026-01-16T16:20:43.512765Z,Rule Firing,4fb9c2d.jpg,"Score: 95, Severity: critical, Rules: 1",0b9692a4ea7af34f
2026-01-16T16:20:43.512765Z,Rule Firing,4fc2c3b.jpg,"Score: 95, Severity: critical, Rules: 1",783651ac0294ea83
2026-01-16T16:20:43.514271Z,Rule Firing,4fe4b43.jpg,"Score: 95, Severity: critical, Rules: 1",9ce21064b418f993
2026-01-16T16:20:43.514271Z,Rule Firing,4ff9c04.jpg,"Score: 95, Severity: critical, Rules: 1",dc07072f4b4f66a7
2026-01-16T16:20:43.514271Z,Rule Firing,500a5c3.jpg,"Score: 95, Severity: critical, Rules: 1",caccd09ebcb939ac
2026-01-16T16:20:43.559635Z,Rule Firing,500c721.jpg,"Score: 95, Severity: critical, Rules: 1",5f8c33f4f446b5bb
2026-01-16T16:20:43.559635Z,Rule Firing,501262d.jpg,"Score: 95, Severity: critical, Rules: 1",077196234b5ca2f3
2026-01-16T16:20:43.564654Z,Rule Firing,50129ab.jpg,"Score: 95, Severity: critical, Rules: 1",d49b06f7105369f0
2026-01-16T16:20:43.564654Z,Rule Firing,5013123.jpg,"Score: 95, Severity: critical, Rules: 1",93de28fb2f92faf0
2026-01-16T16:20:43.565702Z,Rule Firing,50135f9.jpg,"Score: 95, Severity: critical, Rules: 1",ab89a1027e0c962d
2026-01-16T16:20:43.565702Z,Rule Firing,501507f.jpg,"Score: 95, Severity: critical, Rules: 1",23441da200b77e91
2026-01-16T16:20:43.565702Z,Rule Firing,50159eb.jpg,"Score: 95, Severity: critical, Rules: 1",2fbc6d47830390b2
2026-01-16T16:20:43.565702Z,Rule Firing,5015ac5.jpg,"Score: 95, Severity: critical, Rules: 1",59dcc4fadbd7daaa
2026-01-16T16:20:43.565702Z,Rule Firing,5015ce5.jpg,"Score: 95, Severity: critical, Rules: 1",4afa7a573f0f9b0d
2026-01-16T16:20:43.565702Z,Rule Firing,503eb17.jpg,"Score: 95, Severity: critical, Rules: 1",ed305b9e29e85cc5
2026-01-16T16:20:43.614274Z,Rule Firing,504ce3b.jpg,"Score: 95, Severity: critical, Rules: 1",c6d5827468ef9060
2026-01-16T16:20:43.614274Z,Rule Firing,506051f.jpg,"Score: 95, Severity: critical, Rules: 1",0e27726451103cc0
2026-01-16T16:20:43.614274Z,Rule Firing,5060c49.jpg,"Score: 95, Severity: critical, Rules: 1",a644304c8a70b8c1
2026-01-16T16:20:43.614274Z,Rule Firing,5067ae9.jpg,"Score: 95, Severity: critical, Rules: 1",2e409563c51d8f7a
2026-01-16T16:20:43.614274Z,Rule Firing,5071845.jpg,"Score: 95, Severity: critical, Rules: 1",9d46c66861d724ff
2026-01-16T16:20:43.614274Z,Rule Firing,50c0e6d.jpg,"Score: 95, Severity: critical, Rules: 1",25888c33c2bf6a68
2026-01-16T16:20:43.614274Z,Rule Firing,50c132b.jpg,"Score: 95, Severity: critical, Rules: 1",e2f94cd3512322b2
2026-01-16T16:20:43.614274Z,Rule Firing,50c36af.jpg,"Score: 95, Severity: critical, Rules: 1",3d287a3ba0fd67eb
2026-01-16T16:20:43.614274Z,Rule Firing,50c95c3.jpg,"Score: 95, Severity: critical, Rules: 1",38f07b499ee599b5
2026-01-16T16:20:43.614274Z,Rule Firing,50cab93.jpg,"Score: 95, Severity: critical, Rules: 1",552047be34431f1a
2026-01-16T16:20:43.664625Z,Rule Firing,50ccb11.jpg,"Score: 95, Severity: critical, Rules: 1",3653a56114033da5
2026-01-16T16:20:43.664625Z,Rule Firing,50ccd91.jpg,"Score: 95, Severity: critical, Rules: 1",d4bd9071ab0b4856
2026-01-16T16:20:43.664625Z,Rule Firing,50ccee5.jpg,"Score: 95, Severity: critical, Rules: 1",90a39982bd03c5f9
2026-01-16T16:20:43.664625Z,Rule Firing,50ccfdf.jpg,"Score: 95, Severity: critical, Rules: 1",005a9677d7f6bff0
2026-01-16T16:20:43.674493Z,Rule Firing,50cd34b.jpg,"Score: 95, Severity: critical, Rules: 1",033489c34f2cfef1
2026-01-16T16:20:43.674493Z,Rule Firing,50cd3d7.jpg,"Score: 95, Severity: critical, Rules: 1",8512646b89e80ffe
2026-01-16T16:20:43.674493Z,Rule Firing,50cd5f9.jpg,"Score: 95, Severity: critical, Rules: 1",a59d152b40f46267
2026-01-16T16:20:43.674493Z,Rule Firing,50cd653.jpg,"Score: 95, Severity: critical, Rules: 1",b8466c71d84ce2a7
2026-01-16T16:20:43.674493Z,Rule Firing,50cd6c3.jpg,"Score: 95, Severity: critical, Rules: 1",46a734e06835b3bb
2026-01-16T16:20:43.674493Z,Rule Firing,50cd74f.jpg,"Score: 95, Severity: critical, Rules: 1",89d6a42e2e295b4f
2026-01-16T16:20:43.714372Z,Rule Firing,50cd7fd.jpg,"Score: 95, Severity: critical, Rules: 1",964fb07851f30d8d
2026-01-16T16:20:43.714372Z,Rule Firing,50cdd63.jpg,"Score: 95, Severity: critical, Rules: 1",eed2053583a03baa
2026-01-16T16:20:43.724512Z,Rule Firing,50ce255.jpg,"Score: 95, Severity: critical, Rules: 1",165d28eb6bb663fa
2026-01-16T16:20:43.725638Z,Rule Firing,50ce61d.jpg,"Score: 95, Severity: critical, Rules: 1",b63d4b555fa850b5
2026-01-16T16:20:43.725638Z,Rule Firing,5117b6f.jpg,"Score: 95, Severity: critical, Rules: 1",464e19bee85b5332
2026-01-16T16:20:43.725638Z,Rule Firing,511cc39.jpg,"Score: 95, Severity: critical, Rules: 1",9187e13898250a8e
2026-01-16T16:20:43.728294Z,Rule Firing,5123635.jpg,"Score: 95, Severity: critical, Rules: 1",3c6be4c4399c4adf
2026-01-16T16:20:43.728294Z,Rule Firing,512758b.jpg,"Score: 95, Severity: critical, Rules: 1",2c76f234ab0e521c
2026-01-16T16:20:43.728294Z,Rule Firing,5127e75.jpg,"Score: 95, Severity: critical, Rules: 1",103660c8e3851499
2026-01-16T16:20:43.728294Z,Rule Firing,51282c9.jpg,"Score: 95, Severity: critical, Rules: 1",1c754a8d24e3c74f
2026-01-16T16:20:43.779648Z,Rule Firing,5128363.jpg,"Score: 95, Severity: critical, Rules: 1",ab9ec685508a04ba
2026-01-16T16:20:43.779648Z,Rule Firing,51283d5.jpg,"Score: 95, Severity: critical, Rules: 1",44ea6c5abff886ab
2026-01-16T16:20:43.779648Z,Rule Firing,5128663.jpg,"Score: 95, Severity: critical, Rules: 1",69806ff5026f7112
2026-01-16T16:20:43.779648Z,Rule Firing,5128981.jpg,"Score: 95, Severity: critical, Rules: 1",873436acb5b6ad67
2026-01-16T16:20:43.779648Z,Rule Firing,51289d1.jpg,"Score: 95, Severity: critical, Rules: 1",21497aec223da218
2026-01-16T16:20:43.784577Z,Rule Firing,51289f1.jpg,"Score: 95, Severity: critical, Rules: 1",75d93bd7f0db1072
2026-01-16T16:20:43.784577Z,Rule Firing,5128b27.jpg,"Score: 95, Severity: critical, Rules: 1",596f61ec584c6a30
2026-01-16T16:20:43.784577Z,Rule Firing,5128be5.jpg,"Score: 95, Severity: critical, Rules: 1",14e66a27f535916d
2026-01-16T16:20:43.784577Z,Rule Firing,5128d31.jpg,"Score: 95, Severity: critical, Rules: 1",e45596a1e1ef5ea0
2026-01-16T16:20:43.784577Z,Rule Firing,5128e9b.jpg,"Score: 95, Severity: critical, Rules: 1",4820500fcc1b0298
2026-01-16T16:20:43.829650Z,Rule Firing,5128f5d.jpg,"Score: 95, Severity: critical, Rules: 1",3d441ef57ecdfae6
2026-01-16T16:20:43.829650Z,Rule Firing,5129013.jpg,"Score: 95, Severity: critical, Rules: 1",4c0643d5e8a04998
2026-01-16T16:20:43.829650Z,Rule Firing,512922b.jpg,"Score: 95, Severity: critical, Rules: 1",9779e3fa3d54e6d8
2026-01-16T16:20:43.834732Z,Rule Firing,5129bfd.jpg,"Score: 95, Severity: critical, Rules: 1",6dc57c2df485b5b6
2026-01-16T16:20:43.834732Z,Rule Firing,5134ec3.jpg,"Score: 95, Severity: critical, Rules: 1",86d327e3e15d7096
2026-01-16T16:20:43.835868Z,Rule Firing,513dfe1.jpg,"Score: 95, Severity: critical, Rules: 1",9ba2f52773f9fc9b
2026-01-16T16:20:43.835868Z,Rule Firing,5163685.jpg,"Score: 95, Severity: critical, Rules: 1",ede24bb3a934253a
2026-01-16T16:20:43.835868Z,Rule Firing,5175c7d.jpg,"Score: 95, Severity: critical, Rules: 1",d3358f15997da4bc
2026-01-16T16:20:43.835868Z,Rule Firing,517827d.jpg,"Score: 95, Severity: critical, Rules: 1",94f9e93cfaf3d242
2026-01-16T16:20:43.835868Z,Rule Firing,517889d.jpg,"Score: 95, Severity: critical, Rules: 1",85c2263a58c5a4c4
2026-01-16T16:20:43.894415Z,Rule Firing,518101f.jpg,"Score: 95, Severity: critical, Rules: 1",1208f2c0327013f9
2026-01-16T16:20:43.894415Z,Rule Firing,51815a9.jpg,"Score: 95, Severity: critical, Rules: 1",86acfdfbdf874aa5
2026-01-16T16:20:43.894415Z,Rule Firing,51834af.jpg,"Score: 95, Severity: critical, Rules: 1",b08529d9aacff11d
2026-01-16T16:20:43.894415Z,Rule Firing,5183dd7.jpg,"Score: 95, Severity: critical, Rules: 1",c1b5152924a1cfd4
2026-01-16T16:20:43.899283Z,Rule Firing,5183e19.jpg,"Score: 95, Severity: critical, Rules: 1",f3d435ebdc5396b5
2026-01-16T16:20:43.899283Z,Rule Firing,5183e53.jpg,"Score: 95, Severity: critical, Rules: 1",60481d7dc7b6c749
2026-01-16T16:20:43.899283Z,Rule Firing,5183e6f.jpg,"Score: 95, Severity: critical, Rules: 1",fc202f2adcf6db80
2026-01-16T16:20:43.899283Z,Rule Firing,518402b.jpg,"Score: 95, Severity: critical, Rules: 1",00cc04cd0bca7006
2026-01-16T16:20:43.899283Z,Rule Firing,5184167.jpg,"Score: 95, Severity: critical, Rules: 1",08382339b3dfe714
2026-01-16T16:20:43.899283Z,Rule Firing,518430b.jpg,"Score: 95, Severity: critical, Rules: 1",a20056a0ac29ae40
2026-01-16T16:20:43.954270Z,Rule Firing,5184409.jpg,"Score: 95, Severity: critical, Rules: 1",172e82bc547108e9
2026-01-16T16:20:43.954270Z,Rule Firing,5184595.jpg,"Score: 95, Severity: critical, Rules: 1",beeeccd155c32605
2026-01-16T16:20:43.954270Z,Rule Firing,5184765.jpg,"Score: 95, Severity: critical, Rules: 1",3f039f4d39da9119
2026-01-16T16:20:43.954270Z,Rule Firing,51847f3.jpg,"Score: 95, Severity: critical, Rules: 1",c15e95ec1f8ec695
2026-01-16T16:20:43.954270Z,Rule Firing,518493b.jpg,"Score: 95, Severity: critical, Rules: 1",7a71315cd3bb1d50
2026-01-16T16:20:43.954270Z,Rule Firing,5184b85.jpg,"Score: 95, Severity: critical, Rules: 1",376276d3b7aed872
2026-01-16T16:20:43.954270Z,Rule Firing,5184d99.jpg,"Score: 95, Severity: critical, Rules: 1",7c7672b7523dd4be
2026-01-16T16:20:43.962739Z,Rule Firing,5185099.jpg,"Score: 95, Severity: critical, Rules: 1",071c3b29eca35938
2026-01-16T16:20:43.962739Z,Rule Firing,5185719.jpg,"Score: 95, Severity: critical, Rules: 1",d7c62ef8185827f3
2026-01-16T16:20:43.962739Z,Rule Firing,5185825.jpg,"Score: 95, Severity: critical, Rules: 1",8bdb2f3b22272c7e
2026-01-16T16:20:44.014515Z,Rule Firing,51858e1.jpg,"Score: 95, Severity: critical, Rules: 1",5b81c32961dec654
2026-01-16T16:20:44.014515Z,Rule Firing,51aa767.jpg,"Score: 95, Severity: critical, Rules: 1",2f51b649ea7d023f
2026-01-16T16:20:44.014515Z,Rule Firing,51bb4b1.jpg,"Score: 95, Severity: critical, Rules: 1",3964bce4baf08ccc
2026-01-16T16:20:44.014515Z,Rule Firing,51dd31f.jpg,"Score: 95, Severity: critical, Rules: 1",ece05805388d4fdd
2026-01-16T16:20:44.014515Z,Rule Firing,51dee5d.jpg,"Score: 95, Severity: critical, Rules: 1",8f11a31b3e47726d
2026-01-16T16:20:44.014515Z,Rule Firing,51df135.jpg,"Score: 95, Severity: critical, Rules: 1",a76472a21bf6a75a
2026-01-16T16:20:44.014515Z,Rule Firing,51e0abd.jpg,"Score: 95, Severity: critical, Rules: 1",5cea6b9b829d4317
2026-01-16T16:20:44.014515Z,Rule Firing,5202a1b.jpg,"Score: 95, Severity: critical, Rules: 1",8610f18523eee34e
2026-01-16T16:20:44.014515Z,Rule Firing,522fd39.jpg,"Score: 95, Severity: critical, Rules: 1",171d69b713ba8c02
2026-01-16T16:20:44.014515Z,Rule Firing,5238699.jpg,"Score: 95, Severity: critical, Rules: 1",79bc66f334f87ec3
2026-01-16T16:20:44.064648Z,Rule Firing,523a263.jpg,"Score: 95, Severity: critical, Rules: 1",342022e94905677e
2026-01-16T16:20:44.064648Z,Rule Firing,523b63f.jpg,"Score: 95, Severity: critical, Rules: 1",b445f39a821bf412
2026-01-16T16:20:44.064648Z,Rule Firing,526a5dc.jpg,"Score: 95, Severity: critical, Rules: 1",7c763ac3561b6a2a
2026-01-16T16:20:44.064648Z,Rule Firing,5287549.jpg,"Score: 95, Severity: critical, Rules: 1",7996ec82e470db7e
2026-01-16T16:20:44.064648Z,Rule Firing,52935b3.jpg,"Score: 95, Severity: critical, Rules: 1",5233fe2463ac6b11
2026-01-16T16:20:44.064648Z,Rule Firing,5293a57.jpg,"Score: 95, Severity: critical, Rules: 1",b5469689d1034f51
2026-01-16T16:20:44.064648Z,Rule Firing,5293e41.jpg,"Score: 95, Severity: critical, Rules: 1",c7b907c9a87926d0
2026-01-16T16:20:44.064648Z,Rule Firing,5293fa3.jpg,"Score: 95, Severity: critical, Rules: 1",e5a6757bce3ce998
2026-01-16T16:20:44.064648Z,Rule Firing,52980e1.jpg,"Score: 95, Severity: critical, Rules: 1",6c22a41dacd541a4
2026-01-16T16:20:44.064648Z,Rule Firing,52a1441.jpg,"Score: 95, Severity: critical, Rules: 1",c065e7645b1985ce
2026-01-16T16:20:44.114495Z,Rule Firing,52aaf25.jpg,"Score: 95, Severity: critical, Rules: 1",d7328e49ca589764
2026-01-16T16:20:44.114495Z,Rule Firing,52eb7b3.jpg,"Score: 95, Severity: critical, Rules: 1",c6f64c4c731b3d11
2026-01-16T16:20:44.114495Z,Rule Firing,52ee949.jpg,"Score: 95, Severity: critical, Rules: 1",f0f55909b3dd3bc9
2026-01-16T16:20:44.114495Z,Rule Firing,52efaff.jpg,"Score: 95, Severity: critical, Rules: 1",299513cc3e304094
2026-01-16T16:20:44.114495Z,Rule Firing,52efb7b.jpg,"Score: 95, Severity: critical, Rules: 1",b4fda3a831ce153c
2026-01-16T16:20:44.114495Z,Rule Firing,52f0561.jpg,"Score: 95, Severity: critical, Rules: 1",2d40d13daef0f179
2026-01-16T16:20:44.114495Z,Rule Firing,52f23db.jpg,"Score: 95, Severity: critical, Rules: 1",d21709db58e484d0
2026-01-16T16:20:44.122295Z,Rule Firing,533c355.jpg,"Score: 95, Severity: critical, Rules: 1",7e60d97778841ff0
2026-01-16T16:20:44.122295Z,Rule Firing,5343b33.jpg,"Score: 95, Severity: critical, Rules: 1",1ceef2b9846f66b0
2026-01-16T16:20:44.122295Z,Rule Firing,5343b4b.jpg,"Score: 95, Severity: critical, Rules: 1",282a0181823fc143
2026-01-16T16:20:44.164412Z,Rule Firing,5343b5f.jpg,"Score: 95, Severity: critical, Rules: 1",2df5e43cf1a09737
2026-01-16T16:20:44.169600Z,Rule Firing,5343bd7.jpg,"Score: 95, Severity: critical, Rules: 1",31b32a965dca34f3
2026-01-16T16:20:44.169600Z,Rule Firing,5343c4d.jpg,"Score: 95, Severity: critical, Rules: 1",b7509e7037843065
2026-01-16T16:20:44.170671Z,Rule Firing,5343c71.jpg,"Score: 95, Severity: critical, Rules: 1",878ef7db19ea63a6
2026-01-16T16:20:44.170671Z,Rule Firing,534cc76.jpg,"Score: 95, Severity: critical, Rules: 1",7a9e1bd857c64ccc
2026-01-16T16:20:44.170671Z,Rule Firing,5379d5d.jpg,"Score: 95, Severity: critical, Rules: 1",2f50bcef65fc9183
2026-01-16T16:20:44.170671Z,Rule Firing,5398947.jpg,"Score: 95, Severity: critical, Rules: 1",5fbb02cd1ec12440
2026-01-16T16:20:44.170671Z,Rule Firing,539a415.jpg,"Score: 95, Severity: critical, Rules: 1",003682ba4411c05f
2026-01-16T16:20:44.170671Z,Rule Firing,53a540d.jpg,"Score: 95, Severity: critical, Rules: 1",7c0a42d374ef9d49
2026-01-16T16:20:44.170671Z,Rule Firing,53a7f6d.jpg,"Score: 95, Severity: critical, Rules: 1",30f76b410c6691df
2026-01-16T16:20:44.218570Z,Rule Firing,53a8795.jpg,"Score: 95, Severity: critical, Rules: 1",353f2dfb3a1966c2
2026-01-16T16:20:44.218570Z,Rule Firing,53a8e11.jpg,"Score: 95, Severity: critical, Rules: 1",381dea260c95879f
2026-01-16T16:20:44.218570Z,Rule Firing,53a8fab.jpg,"Score: 95, Severity: critical, Rules: 1",b54aff66f07fb503
2026-01-16T16:20:44.224573Z,Rule Firing,53a9071.jpg,"Score: 95, Severity: critical, Rules: 1",e1e062ce8d2b4b39
2026-01-16T16:20:44.224573Z,Rule Firing,53a924f.jpg,"Score: 95, Severity: critical, Rules: 1",288a16dabfe365e5
2026-01-16T16:20:44.224573Z,Rule Firing,53a957b.jpg,"Score: 95, Severity: critical, Rules: 1",b92cfcfc4c00260a
2026-01-16T16:20:44.224573Z,Rule Firing,53a9963.jpg,"Score: 95, Severity: critical, Rules: 1",16eaddd50f06af3c
2026-01-16T16:20:44.224573Z,Rule Firing,53a9a43.jpg,"Score: 95, Severity: critical, Rules: 1",14edb4385f2dee0c
2026-01-16T16:20:44.224573Z,Rule Firing,53a9c07.jpg,"Score: 95, Severity: critical, Rules: 1",ef1b4eb8916ff756
2026-01-16T16:20:44.224573Z,Rule Firing,53a9db3.jpg,"Score: 95, Severity: critical, Rules: 1",e9f78da9a73b1ab7
2026-01-16T16:20:44.274762Z,Rule Firing,53a9f5d.jpg,"Score: 95, Severity: critical, Rules: 1",5f65de0072039623
2026-01-16T16:20:44.274762Z,Rule Firing,53aa653.jpg,"Score: 95, Severity: critical, Rules: 1",76ffe08a8d52c601
2026-01-16T16:20:44.274762Z,Rule Firing,53aaf5f.jpg,"Score: 95, Severity: critical, Rules: 1",df652b1cf8516a32
2026-01-16T16:20:44.274762Z,Rule Firing,53d116f.jpg,"Score: 95, Severity: critical, Rules: 1",118618ebe1c2ee22
2026-01-16T16:20:44.274762Z,Rule Firing,53f6413.jpg,"Score: 95, Severity: critical, Rules: 1",a0b0cb19e782dfa8
2026-01-16T16:20:44.281554Z,Rule Firing,53f7b30.jpg,"Score: 95, Severity: critical, Rules: 1",4a5d36f401a7f2e8
2026-01-16T16:20:44.281554Z,Rule Firing,53f8444.jpg,"Score: 95, Severity: critical, Rules: 1",7cd1277fd5d5b9ec
2026-01-16T16:20:44.281554Z,Rule Firing,54037cb.jpg,"Score: 95, Severity: critical, Rules: 1",2fc819e75d4f8aef
2026-01-16T16:20:44.281554Z,Rule Firing,54042b7.jpg,"Score: 95, Severity: critical, Rules: 1",3c42718bd3cb8c43
2026-01-16T16:20:44.284714Z,Rule Firing,5404833.jpg,"Score: 95, Severity: critical, Rules: 1",056132ffdaf6f66e
2026-01-16T16:20:44.332510Z,Rule Firing,5404917.jpg,"Score: 95, Severity: critical, Rules: 1",31d09b1eceb3d348
2026-01-16T16:20:44.334514Z,Rule Firing,5404993.jpg,"Score: 95, Severity: critical, Rules: 1",cbbb863690ec6954
2026-01-16T16:20:44.334514Z,Rule Firing,5404aad.jpg,"Score: 95, Severity: critical, Rules: 1",118596e4f0860776
2026-01-16T16:20:44.334514Z,Rule Firing,5404b69.jpg,"Score: 95, Severity: critical, Rules: 1",cd49b513edc6ef21
2026-01-16T16:20:44.336564Z,Rule Firing,5404c15.jpg,"Score: 95, Severity: critical, Rules: 1",ea364a768dad95e4
2026-01-16T16:20:44.336564Z,Rule Firing,5404c5f.jpg,"Score: 95, Severity: critical, Rules: 1",5fb3c3e88a5e83c2
2026-01-16T16:20:44.336564Z,Rule Firing,5404ce7.jpg,"Score: 95, Severity: critical, Rules: 1",083347d22eee0715
2026-01-16T16:20:44.336564Z,Rule Firing,5404cef.jpg,"Score: 95, Severity: critical, Rules: 1",5aa86c161ddc4e2c
2026-01-16T16:20:44.336564Z,Rule Firing,5404dcb.jpg,"Score: 95, Severity: critical, Rules: 1",00a4fc543ed0922e
2026-01-16T16:20:44.336564Z,Rule Firing,5404e15.jpg,"Score: 95, Severity: critical, Rules: 1",a4bfe8add3837b57
2026-01-16T16:20:44.384293Z,Rule Firing,5404ea7.jpg,"Score: 95, Severity: critical, Rules: 1",183158270deee7aa
2026-01-16T16:20:44.386412Z,Rule Firing,5404ee9.jpg,"Score: 95, Severity: critical, Rules: 1",19cdbd67dcdaa843
2026-01-16T16:20:44.386412Z,Rule Firing,5404f21.jpg,"Score: 95, Severity: critical, Rules: 1",a9f06990119e5d46
2026-01-16T16:20:44.386412Z,Rule Firing,5404fb5.jpg,"Score: 95, Severity: critical, Rules: 1",94bae0f5177316c5
2026-01-16T16:20:44.388418Z,Rule Firing,5404feb.jpg,"Score: 95, Severity: critical, Rules: 1",fb83f6f7d2a1eb3b
2026-01-16T16:20:44.388418Z,Rule Firing,5405053.jpg,"Score: 95, Severity: critical, Rules: 1",80bb6040cc7718f1
2026-01-16T16:20:44.388418Z,Rule Firing,54050e3.jpg,"Score: 95, Severity: critical, Rules: 1",ee4f503495703c1b
2026-01-16T16:20:44.392148Z,Rule Firing,540515b.jpg,"Score: 95, Severity: critical, Rules: 1",7f2e7a553cc2de1a
2026-01-16T16:20:44.392148Z,Rule Firing,540523f.jpg,"Score: 95, Severity: critical, Rules: 1",5f0e8d06119c4953
2026-01-16T16:20:44.392148Z,Rule Firing,5405577.jpg,"Score: 95, Severity: critical, Rules: 1",61bfda5e6d552041
2026-01-16T16:20:44.441204Z,Rule Firing,54064a5.jpg,"Score: 95, Severity: critical, Rules: 1",3c726e3d553e0e05
2026-01-16T16:20:44.441204Z,Rule Firing,54126e7.jpg,"Score: 95, Severity: critical, Rules: 1",83533dce8595d20f
2026-01-16T16:20:44.441204Z,Rule Firing,5414a9f.jpg,"Score: 95, Severity: critical, Rules: 1",5bb56ee9122461f8
2026-01-16T16:20:44.444316Z,Rule Firing,5418a19.jpg,"Score: 95, Severity: critical, Rules: 1",36ef01d691980df9
2026-01-16T16:20:44.444316Z,Rule Firing,541bb05.jpg,"Score: 95, Severity: critical, Rules: 1",c7ccd0bd4840ba09
2026-01-16T16:20:44.444316Z,Rule Firing,541bb3d.jpg,"Score: 95, Severity: critical, Rules: 1",3846aefb56ab2a91
2026-01-16T16:20:44.444316Z,Rule Firing,541c233.jpg,"Score: 95, Severity: critical, Rules: 1",237d2b2c6dbbdde0
2026-01-16T16:20:44.444316Z,Rule Firing,541c461.jpg,"Score: 95, Severity: critical, Rules: 1",330216e5099b1ffc
2026-01-16T16:20:44.444316Z,Rule Firing,541ca75.jpg,"Score: 95, Severity: critical, Rules: 1",4b36946df07ac18d
2026-01-16T16:20:44.444316Z,Rule Firing,5455fbd.jpg,"Score: 95, Severity: critical, Rules: 1",d9cec05d60fa0a99
2026-01-16T16:20:44.494291Z,Rule Firing,546cde3.jpg,"Score: 95, Severity: critical, Rules: 1",e6556bafefff3956
2026-01-16T16:20:44.494291Z,Rule Firing,547875d.jpg,"Score: 95, Severity: critical, Rules: 1",8bb9ef04d38fee80
2026-01-16T16:20:44.494291Z,Rule Firing,549114b.jpg,"Score: 95, Severity: critical, Rules: 1",de52d92c346a3853
2026-01-16T16:20:44.494291Z,Rule Firing,5491c83.jpg,"Score: 95, Severity: critical, Rules: 1",2b15fc6d9c249d76
2026-01-16T16:20:44.494291Z,Rule Firing,54ad023.jpg,"Score: 95, Severity: critical, Rules: 1",3e31d5b63164192a
2026-01-16T16:20:44.494291Z,Rule Firing,54c741d.jpg,"Score: 95, Severity: critical, Rules: 1",1e79492af5773ba5
2026-01-16T16:20:44.494291Z,Rule Firing,54f65f7.jpg,"Score: 95, Severity: critical, Rules: 1",2f0f17222ac8c235
2026-01-16T16:20:44.494291Z,Rule Firing,550aa9f.jpg,"Score: 95, Severity: critical, Rules: 1",4c28ea0fec3ea51c
2026-01-16T16:20:44.494291Z,Rule Firing,5513e4f.jpg,"Score: 95, Severity: critical, Rules: 1",81ee611ac1f1762e
2026-01-16T16:20:44.499346Z,Rule Firing,5514acf.jpg,"Score: 95, Severity: critical, Rules: 1",18b862b8adebff93
2026-01-16T16:20:44.544614Z,Rule Firing,55153d9.jpg,"Score: 95, Severity: critical, Rules: 1",b225bef80c5df3e8
2026-01-16T16:20:44.544614Z,Rule Firing,5516e3d.jpg,"Score: 95, Severity: critical, Rules: 1",9729342eedb3aa92
2026-01-16T16:20:44.544614Z,Rule Firing,552574f.jpg,"Score: 95, Severity: critical, Rules: 1",8796706da37a9db2
2026-01-16T16:20:44.544614Z,Rule Firing,5526741.jpg,"Score: 95, Severity: critical, Rules: 1",2d87e2708f93e7d6
2026-01-16T16:20:44.544614Z,Rule Firing,5566ea9.jpg,"Score: 95, Severity: critical, Rules: 1",ea806c2feca68a7a
2026-01-16T16:20:44.544614Z,Rule Firing,556fdad.jpg,"Score: 95, Severity: critical, Rules: 1",64219a53998ecde5
2026-01-16T16:20:44.544614Z,Rule Firing,5570049.jpg,"Score: 95, Severity: critical, Rules: 1",77dc59d7f4b26447
2026-01-16T16:20:44.544614Z,Rule Firing,557050f.jpg,"Score: 95, Severity: critical, Rules: 1",1bc9d32be410384d
2026-01-16T16:20:44.544614Z,Rule Firing,55705f7.jpg,"Score: 95, Severity: critical, Rules: 1",dad96dc71ee4cfbe
2026-01-16T16:20:44.550345Z,Rule Firing,558451d.jpg,"Score: 95, Severity: critical, Rules: 1",2a9e167a1462cf07
2026-01-16T16:20:44.596666Z,Rule Firing,55aae0.jpg,"Score: 95, Severity: critical, Rules: 1",8d40d75c291de3ab
2026-01-16T16:20:44.598414Z,Rule Firing,55c1bd6.jpg,"Score: 95, Severity: critical, Rules: 1",b17f75c706cf6482
2026-01-16T16:20:44.598414Z,Rule Firing,55c7c9f.jpg,"Score: 95, Severity: critical, Rules: 1",1bb5896b379b8be0
2026-01-16T16:20:44.598414Z,Rule Firing,55c8509.jpg,"Score: 95, Severity: critical, Rules: 1",2109b7f8f03c362a
2026-01-16T16:20:44.598414Z,Rule Firing,55c9a01.jpg,"Score: 95, Severity: critical, Rules: 1",a85bdd4e82bb9cfe
2026-01-16T16:20:44.598414Z,Rule Firing,55ca5bf.jpg,"Score: 95, Severity: critical, Rules: 1",7c0fdf1d406a65b8
2026-01-16T16:20:44.598414Z,Rule Firing,55cb95f.jpg,"Score: 95, Severity: critical, Rules: 1",1c2122d71a3e8148
2026-01-16T16:20:44.598414Z,Rule Firing,55cd16f.jpg,"Score: 95, Severity: critical, Rules: 1",4a79ba5adbac3aab
2026-01-16T16:20:44.598414Z,Rule Firing,55ce0bd.jpg,"Score: 95, Severity: critical, Rules: 1",2ef93c86385324a3
2026-01-16T16:20:44.598414Z,Rule Firing,55ce169.jpg,"Score: 95, Severity: critical, Rules: 1",56a09ee8a59d19d5
2026-01-16T16:20:44.650418Z,Rule Firing,55d042.jpg,"Score: 95, Severity: critical, Rules: 1",022ab4d0be8d0e94
2026-01-16T16:20:44.650418Z,Rule Firing,561dc0f.jpg,"Score: 95, Severity: critical, Rules: 1",160d1924853dae35
2026-01-16T16:20:44.652439Z,Rule Firing,561ec05.jpg,"Score: 95, Severity: critical, Rules: 1",255177554026c4fc
2026-01-16T16:20:44.652439Z,Rule Firing,561f515.jpg,"Score: 95, Severity: critical, Rules: 1",de747ce7b6ec8332
2026-01-16T16:20:44.652439Z,Rule Firing,561fa2d.jpg,"Score: 95, Severity: critical, Rules: 1",1b2a1bc5881dd52b
2026-01-16T16:20:44.654445Z,Rule Firing,562003f.jpg,"Score: 95, Severity: critical, Rules: 1",61578a1baf44afa5
2026-01-16T16:20:44.654445Z,Rule Firing,5620153.jpg,"Score: 95, Severity: critical, Rules: 1",dd9fe8260b6212ef
2026-01-16T16:20:44.654445Z,Rule Firing,565677.jpg,"Score: 95, Severity: critical, Rules: 1",0e431be31774bbd7
2026-01-16T16:20:44.654445Z,Rule Firing,56685cb.jpg,"Score: 95, Severity: critical, Rules: 1",4195f40d4e8495c2
2026-01-16T16:20:44.654445Z,Rule Firing,56692e4.jpg,"Score: 95, Severity: critical, Rules: 1",6fcf37ba31d43795
2026-01-16T16:20:44.704560Z,Rule Firing,5669ea1.jpg,"Score: 95, Severity: critical, Rules: 1",70acd11e8870cb21
2026-01-16T16:20:44.704560Z,Rule Firing,566de83.jpg,"Score: 95, Severity: critical, Rules: 1",1f882ef6edbbec12
2026-01-16T16:20:44.704560Z,Rule Firing,5670c27.jpg,"Score: 95, Severity: critical, Rules: 1",c163b20f2e726a3d
2026-01-16T16:20:44.704560Z,Rule Firing,567493f.jpg,"Score: 95, Severity: critical, Rules: 1",51b4605ba589da15
2026-01-16T16:20:44.704560Z,Rule Firing,56771e1.jpg,"Score: 95, Severity: critical, Rules: 1",882acf7853268eeb
2026-01-16T16:20:44.704560Z,Rule Firing,5679c7b.jpg,"Score: 95, Severity: critical, Rules: 1",aea7a661582c585f
2026-01-16T16:20:44.707838Z,Rule Firing,567f145.jpg,"Score: 95, Severity: critical, Rules: 1",77f745b103c773f7
2026-01-16T16:20:44.707838Z,Rule Firing,5680457.jpg,"Score: 95, Severity: critical, Rules: 1",89d6088fffd967d5
2026-01-16T16:20:44.707838Z,Rule Firing,5680b05.jpg,"Score: 95, Severity: critical, Rules: 1",6c781ca6016b0126
2026-01-16T16:20:44.707838Z,Rule Firing,56829e9.jpg,"Score: 95, Severity: critical, Rules: 1",beef61a708b27930
2026-01-16T16:20:44.757605Z,Rule Firing,568430b.jpg,"Score: 95, Severity: critical, Rules: 1",1ffb3333ce73225a
2026-01-16T16:20:44.764472Z,Rule Firing,568773d.jpg,"Score: 95, Severity: critical, Rules: 1",2055fe41689d7287
2026-01-16T16:20:44.764472Z,Rule Firing,5688cf9.jpg,"Score: 95, Severity: critical, Rules: 1",6e5371ebde1c6032
2026-01-16T16:20:44.764472Z,Rule Firing,568a291.jpg,"Score: 95, Severity: critical, Rules: 1",f28a5bf7f48ed4c4
2026-01-16T16:20:44.764472Z,Rule Firing,568a869.jpg,"Score: 95, Severity: critical, Rules: 1",bf67063007c88cb1
2026-01-16T16:20:44.764472Z,Rule Firing,568b1a7.jpg,"Score: 95, Severity: critical, Rules: 1",dc7886ea74a31b3d
2026-01-16T16:20:44.764472Z,Rule Firing,568b70f.jpg,"Score: 95, Severity: critical, Rules: 1",878df1920caa8f8f
2026-01-16T16:20:44.764472Z,Rule Firing,568c1d7.jpg,"Score: 95, Severity: critical, Rules: 1",a4c622b6cef133f1
2026-01-16T16:20:44.764472Z,Rule Firing,568d927.jpg,"Score: 95, Severity: critical, Rules: 1",8e0cc2d77c16a1cd
2026-01-16T16:20:44.764472Z,Rule Firing,569391b.jpg,"Score: 95, Severity: critical, Rules: 1",e77fe0ecf1ef8392
2026-01-16T16:20:44.814696Z,Rule Firing,5694107.jpg,"Score: 95, Severity: critical, Rules: 1",9d3943f1b6e85d5c
2026-01-16T16:20:44.819838Z,Rule Firing,5696b8f.jpg,"Score: 95, Severity: critical, Rules: 1",fc9aa83bea5a8eaf
2026-01-16T16:20:44.819838Z,Rule Firing,569a477.jpg,"Score: 95, Severity: critical, Rules: 1",dfb837a987bff504
2026-01-16T16:20:44.819838Z,Rule Firing,569b3bf.jpg,"Score: 95, Severity: critical, Rules: 1",b565dcf7b898d054
2026-01-16T16:20:44.821591Z,Rule Firing,569ba0f.jpg,"Score: 95, Severity: critical, Rules: 1",eedbecb9661721e4
2026-01-16T16:20:44.821591Z,Rule Firing,569cdc3.jpg,"Score: 95, Severity: critical, Rules: 1",d37517f65b587c0e
2026-01-16T16:20:44.821591Z,Rule Firing,569ce5b.jpg,"Score: 95, Severity: critical, Rules: 1",f49a6c5e822e8491
2026-01-16T16:20:44.821591Z,Rule Firing,569e161.jpg,"Score: 95, Severity: critical, Rules: 1",68478b48efe44763
2026-01-16T16:20:44.821591Z,Rule Firing,569e3a9.jpg,"Score: 95, Severity: critical, Rules: 1",e5f72a1c33d2c61c
2026-01-16T16:20:44.824427Z,Rule Firing,569e4c3.jpg,"Score: 95, Severity: critical, Rules: 1",623b8ce21cbdd62f
2026-01-16T16:20:44.869811Z,Rule Firing,569eadf.jpg,"Score: 95, Severity: critical, Rules: 1",76b7667b9cbfe1d9
2026-01-16T16:20:44.874544Z,Rule Firing,569fed3.jpg,"Score: 95, Severity: critical, Rules: 1",ab4cdcbdddbe8da2
2026-01-16T16:20:44.874544Z,Rule Firing,56a01d7.jpg,"Score: 95, Severity: critical, Rules: 1",b86feccd081f62b8
2026-01-16T16:20:44.874544Z,Rule Firing,56a139b.jpg,"Score: 95, Severity: critical, Rules: 1",1dcdb0aa78be6f13
2026-01-16T16:20:44.874544Z,Rule Firing,56a6521.jpg,"Score: 95, Severity: critical, Rules: 1",b24a19441862382f
2026-01-16T16:20:44.874544Z,Rule Firing,56a6ae7.jpg,"Score: 95, Severity: critical, Rules: 1",1024274b761768f6
2026-01-16T16:20:44.874544Z,Rule Firing,56a7039.jpg,"Score: 95, Severity: critical, Rules: 1",300a42a85c17f19c
2026-01-16T16:20:44.874544Z,Rule Firing,56a722d.jpg,"Score: 95, Severity: critical, Rules: 1",0dcacb0c281694fd
2026-01-16T16:20:44.874544Z,Rule Firing,56a7983.jpg,"Score: 95, Severity: critical, Rules: 1",38259e034dd12a53
2026-01-16T16:20:44.874544Z,Rule Firing,56a79e1.jpg,"Score: 95, Severity: critical, Rules: 1",a67150b47b3f4016
2026-01-16T16:20:44.924379Z,Rule Firing,56a7bef.jpg,"Score: 95, Severity: critical, Rules: 1",e6d10de19e609524
2026-01-16T16:20:44.924379Z,Rule Firing,56a84b7.jpg,"Score: 95, Severity: critical, Rules: 1",d8c254f032005a8f
2026-01-16T16:20:44.924379Z,Rule Firing,56a8723.jpg,"Score: 95, Severity: critical, Rules: 1",e9015e82e3b25462
2026-01-16T16:20:44.924379Z,Rule Firing,56a8e75.jpg,"Score: 95, Severity: critical, Rules: 1",2d2369b0e4badd80
2026-01-16T16:20:44.924379Z,Rule Firing,56a92a5.jpg,"Score: 95, Severity: critical, Rules: 1",ca3465a1553f4304
2026-01-16T16:20:44.924379Z,Rule Firing,56a93e5.jpg,"Score: 95, Severity: critical, Rules: 1",ec640d1362769d32
2026-01-16T16:20:44.924379Z,Rule Firing,56a947f.jpg,"Score: 95, Severity: critical, Rules: 1",eb0d9c17cf0b73a5
2026-01-16T16:20:44.924379Z,Rule Firing,56a97ad.jpg,"Score: 95, Severity: critical, Rules: 1",21fe7365f634e2d4
2026-01-16T16:20:44.933411Z,Rule Firing,56a9b2d.jpg,"Score: 95, Severity: critical, Rules: 1",ced9e97381285956
2026-01-16T16:20:44.934416Z,Rule Firing,56a9d0b.jpg,"Score: 95, Severity: critical, Rules: 1",9175d007d6f09686
2026-01-16T16:20:44.984274Z,Rule Firing,56aa1bd.jpg,"Score: 95, Severity: critical, Rules: 1",aa6640f75bb64614
2026-01-16T16:20:44.984274Z,Rule Firing,56aa2d1.jpg,"Score: 95, Severity: critical, Rules: 1",a7e4bc5aa0cf500a
2026-01-16T16:20:44.984274Z,Rule Firing,56ac6c7.jpg,"Score: 95, Severity: critical, Rules: 1",8b9fbab7a92e2d43
2026-01-16T16:20:44.986328Z,Rule Firing,56b0725.jpg,"Score: 95, Severity: critical, Rules: 1",ee146ff89954b8b2
2026-01-16T16:20:44.986328Z,Rule Firing,56b0b69.jpg,"Score: 95, Severity: critical, Rules: 1",7b3bfbef948eac03
2026-01-16T16:20:44.986328Z,Rule Firing,56b0f35.jpg,"Score: 95, Severity: critical, Rules: 1",b4cf80bcb71b8e8b
2026-01-16T16:20:44.986328Z,Rule Firing,56b2825.jpg,"Score: 95, Severity: critical, Rules: 1",42163cfef4ec6666
2026-01-16T16:20:44.989607Z,Rule Firing,56b311d.jpg,"Score: 95, Severity: critical, Rules: 1",ab08c480a808109d
2026-01-16T16:20:44.989607Z,Rule Firing,56b3ae1.jpg,"Score: 95, Severity: critical, Rules: 1",794b64ccf2e38f22
2026-01-16T16:20:44.989607Z,Rule Firing,56b3dc1.jpg,"Score: 95, Severity: critical, Rules: 1",2903bc65a36dcdcb
2026-01-16T16:20:45.043788Z,Rule Firing,56b4915.jpg,"Score: 95, Severity: critical, Rules: 1",9fb7520c83b1b2ff
2026-01-16T16:20:45.044796Z,Rule Firing,56bab59.jpg,"Score: 95, Severity: critical, Rules: 1",bf03744323235331
2026-01-16T16:20:45.044796Z,Rule Firing,56bbd8b.jpg,"Score: 95, Severity: critical, Rules: 1",50229b45035adfd1
2026-01-16T16:20:45.044796Z,Rule Firing,56bc2b9.jpg,"Score: 95, Severity: critical, Rules: 1",37b9c74cda791456
2026-01-16T16:20:45.044796Z,Rule Firing,56bc4c1.jpg,"Score: 95, Severity: critical, Rules: 1",966e32e019be6cb9
2026-01-16T16:20:45.044796Z,Rule Firing,56bc8d5.jpg,"Score: 95, Severity: critical, Rules: 1",a480617591c5952e
2026-01-16T16:20:45.044796Z,Rule Firing,56bdc61.jpg,"Score: 95, Severity: critical, Rules: 1",1d1fb784f178913a
2026-01-16T16:20:45.044796Z,Rule Firing,56be325.jpg,"Score: 95, Severity: critical, Rules: 1",f5c94c7683347006
2026-01-16T16:20:45.044796Z,Rule Firing,56c1de5.jpg,"Score: 95, Severity: critical, Rules: 1",805513fe0f49abf2
2026-01-16T16:20:45.044796Z,Rule Firing,56c40f9.jpg,"Score: 95, Severity: critical, Rules: 1",22dd1afa622f0e9c
2026-01-16T16:20:45.098617Z,Rule Firing,56cc8f1.jpg,"Score: 95, Severity: critical, Rules: 1",67c9dbf4cfcd8cb7
2026-01-16T16:20:45.098617Z,Rule Firing,56d2167.jpg,"Score: 95, Severity: critical, Rules: 1",c37608fcc3882991
2026-01-16T16:20:45.098617Z,Rule Firing,56d2aab.jpg,"Score: 95, Severity: critical, Rules: 1",c4e472ccfc057956
2026-01-16T16:20:45.098617Z,Rule Firing,56d33ed.jpg,"Score: 95, Severity: critical, Rules: 1",4d11e2940f284023
2026-01-16T16:20:45.100623Z,Rule Firing,56d3d11.jpg,"Score: 95, Severity: critical, Rules: 1",a17ca7e5f146faf7
2026-01-16T16:20:45.100623Z,Rule Firing,56d4ac9.jpg,"Score: 95, Severity: critical, Rules: 1",077d21b390cc1e12
2026-01-16T16:20:45.100623Z,Rule Firing,56dd02b.jpg,"Score: 95, Severity: critical, Rules: 1",aa52354e3462ae28
2026-01-16T16:20:45.100623Z,Rule Firing,56df063.jpg,"Score: 95, Severity: critical, Rules: 1",12241499bf7507c6
2026-01-16T16:20:45.100623Z,Rule Firing,56e0c67.jpg,"Score: 95, Severity: critical, Rules: 1",6076f0e734d3939b
2026-01-16T16:20:45.100623Z,Rule Firing,56e11cb.jpg,"Score: 95, Severity: critical, Rules: 1",f7b3500288d5022c
2026-01-16T16:20:45.150930Z,Rule Firing,56e19c3.jpg,"Score: 95, Severity: critical, Rules: 1",c734fd08cde90f11
2026-01-16T16:20:45.152935Z,Rule Firing,56e2147.jpg,"Score: 95, Severity: critical, Rules: 1",1a759001393cfa67
2026-01-16T16:20:45.152935Z,Rule Firing,56e21df.jpg,"Score: 95, Severity: critical, Rules: 1",135de62fb893f615
2026-01-16T16:20:45.152935Z,Rule Firing,56e224b.jpg,"Score: 95, Severity: critical, Rules: 1",c2ebd489caa1d8de
2026-01-16T16:20:45.154441Z,Rule Firing,56e2acb.jpg,"Score: 95, Severity: critical, Rules: 1",694e322a5c7852b5
2026-01-16T16:20:45.154441Z,Rule Firing,56e2b23.jpg,"Score: 95, Severity: critical, Rules: 1",6fb516f2ca883e97
2026-01-16T16:20:45.154441Z,Rule Firing,56e2c1b.jpg,"Score: 95, Severity: critical, Rules: 1",b551448a9e8bc461
2026-01-16T16:20:45.158714Z,Rule Firing,56e2d2f.jpg,"Score: 95, Severity: critical, Rules: 1",3199d3a90404acc6
2026-01-16T16:20:45.159365Z,Rule Firing,56e35e3.jpg,"Score: 95, Severity: critical, Rules: 1",e80fd373b58f09cc
2026-01-16T16:20:45.159365Z,Rule Firing,56e3683.jpg,"Score: 95, Severity: critical, Rules: 1",568174ba85a20c00
2026-01-16T16:20:45.204658Z,Rule Firing,56e36b7.jpg,"Score: 95, Severity: critical, Rules: 1",251c26ef86e0a3b0
2026-01-16T16:20:45.209813Z,Rule Firing,56e3707.jpg,"Score: 95, Severity: critical, Rules: 1",fe0222d278c109e8
2026-01-16T16:20:45.209813Z,Rule Firing,56e702f.jpg,"Score: 95, Severity: critical, Rules: 1",eba93fdb05e46ae5
2026-01-16T16:20:45.209813Z,Rule Firing,56e958f.jpg,"Score: 95, Severity: critical, Rules: 1",b71b2b9cc456599f
2026-01-16T16:20:45.214376Z,Rule Firing,56f1b7b.jpg,"Score: 95, Severity: critical, Rules: 1",5ad6c71414d50a58
2026-01-16T16:20:45.214376Z,Rule Firing,56f291f.jpg,"Score: 95, Severity: critical, Rules: 1",15b87ca6d3fd0d0b
2026-01-16T16:20:45.214376Z,Rule Firing,56fa613.jpg,"Score: 95, Severity: critical, Rules: 1",a0428d046722ea97
2026-01-16T16:20:45.214376Z,Rule Firing,5703e81.jpg,"Score: 95, Severity: critical, Rules: 1",1fcc5f497b3ba0f4
2026-01-16T16:20:45.214376Z,Rule Firing,5703e95.jpg,"Score: 95, Severity: critical, Rules: 1",8f5b4a616500d8f1
2026-01-16T16:20:45.218173Z,Rule Firing,5703edd.jpg,"Score: 95, Severity: critical, Rules: 1",dd40eaa4814dd708
2026-01-16T16:20:45.266619Z,Rule Firing,570d475.jpg,"Score: 95, Severity: critical, Rules: 1",0a4430f4abf473b3
2026-01-16T16:20:45.266619Z,Rule Firing,570d4d1.jpg,"Score: 95, Severity: critical, Rules: 1",a466adb7a7ed9669
2026-01-16T16:20:45.274437Z,Rule Firing,570d91d.jpg,"Score: 95, Severity: critical, Rules: 1",09958fcd191d1176
2026-01-16T16:20:45.274437Z,Rule Firing,570de0d.jpg,"Score: 95, Severity: critical, Rules: 1",4f96651e8ad90303
2026-01-16T16:20:45.274437Z,Rule Firing,570de25.jpg,"Score: 95, Severity: critical, Rules: 1",469baa33e2e755a7
2026-01-16T16:20:45.274437Z,Rule Firing,570eae1.jpg,"Score: 95, Severity: critical, Rules: 1",408221bb0e87ede9
2026-01-16T16:20:45.274437Z,Rule Firing,5716823.jpg,"Score: 95, Severity: critical, Rules: 1",d626bc19fe632e83
2026-01-16T16:20:45.274437Z,Rule Firing,5717810.jpg,"Score: 95, Severity: critical, Rules: 1",3f0f934cb060e7da
2026-01-16T16:20:45.274437Z,Rule Firing,57399db.jpg,"Score: 95, Severity: critical, Rules: 1",86ab957508bd66f4
2026-01-16T16:20:45.274437Z,Rule Firing,57ce71a.jpg,"Score: 95, Severity: critical, Rules: 1",fb3766a145fc03dd
2026-01-16T16:20:45.329839Z,Rule Firing,5867a4f.jpg,"Score: 95, Severity: critical, Rules: 1",fbe11241e5b046c3
2026-01-16T16:20:45.329839Z,Rule Firing,58cb2ac.jpg,"Score: 95, Severity: critical, Rules: 1",22be909dbf7ec633
2026-01-16T16:20:45.329839Z,Rule Firing,58cbb16.jpg,"Score: 95, Severity: critical, Rules: 1",028c1fabe94141e1
2026-01-16T16:20:45.329839Z,Rule Firing,58d7980.jpg,"Score: 95, Severity: critical, Rules: 1",42dd63f19e8bd1b4
2026-01-16T16:20:45.329839Z,Rule Firing,58d8529.jpg,"Score: 95, Severity: critical, Rules: 1",7368059096032537
2026-01-16T16:20:45.334471Z,Rule Firing,5939aac.jpg,"Score: 95, Severity: critical, Rules: 1",bb9f7aed889a4c5c
2026-01-16T16:20:45.334471Z,Rule Firing,59d2122.jpg,"Score: 95, Severity: critical, Rules: 1",d44e7b41bfbf6cb8
2026-01-16T16:20:45.334471Z,Rule Firing,5a05e36.jpg,"Score: 95, Severity: critical, Rules: 1",2177787a3c9c3bd3
2026-01-16T16:20:45.334471Z,Rule Firing,5a0a40.jpg,"Score: 95, Severity: critical, Rules: 1",e36ecaf7b927b6c8
2026-01-16T16:20:45.334471Z,Rule Firing,5b29318.jpg,"Score: 95, Severity: critical, Rules: 1",84baa39034c935e8
2026-01-16T16:20:45.384553Z,Rule Firing,5bda0cc.jpg,"Score: 95, Severity: critical, Rules: 1",56acb191a223b4a6
2026-01-16T16:20:45.384553Z,Rule Firing,5cbb000.jpg,"Score: 95, Severity: critical, Rules: 1",2f36ec32b493e3bb
2026-01-16T16:20:45.384553Z,Rule Firing,5db8dad.jpg,"Score: 95, Severity: critical, Rules: 1",cf4eda6f589317d6
2026-01-16T16:20:45.384553Z,Rule Firing,5dbc749.jpg,"Score: 95, Severity: critical, Rules: 1",0c86e0b0be89e6bd
2026-01-16T16:20:45.384553Z,Rule Firing,5e8052e.jpg,"Score: 95, Severity: critical, Rules: 1",dc124748a9fe09b8
2026-01-16T16:20:45.384553Z,Rule Firing,5e8439c.jpg,"Score: 95, Severity: critical, Rules: 1",d85048362c23af14
2026-01-16T16:20:45.384553Z,Rule Firing,5e9a071.jpg,"Score: 95, Severity: critical, Rules: 1",689cd867ffef7519
2026-01-16T16:20:45.384553Z,Rule Firing,5eaf6fc.jpg,"Score: 95, Severity: critical, Rules: 1",89366e74e873cea3
2026-01-16T16:20:45.384553Z,Rule Firing,5ef82ff.jpg,"Score: 95, Severity: critical, Rules: 1",5adb5fb631280193
2026-01-16T16:20:45.384553Z,Rule Firing,5f17e01.jpg,"Score: 95, Severity: critical, Rules: 1",ea538c48489b943e
2026-01-16T16:20:45.442332Z,Rule Firing,5f8610e.jpg,"Score: 95, Severity: critical, Rules: 1",4027383e15d9c727
2026-01-16T16:20:45.444420Z,Rule Firing,5f9b771.jpg,"Score: 95, Severity: critical, Rules: 1",3eb0eb66084a7ade
2026-01-16T16:20:45.444420Z,Rule Firing,5fc1985.jpg,"Score: 95, Severity: critical, Rules: 1",2bdbccc197785247
2026-01-16T16:20:45.444420Z,Rule Firing,5fc3095.jpg,"Score: 95, Severity: critical, Rules: 1",9e16792bf72b16ef
2026-01-16T16:20:45.444420Z,Rule Firing,5fc5559.jpg,"Score: 95, Severity: critical, Rules: 1",7e84e3ba75d465ee
2026-01-16T16:20:45.444420Z,Rule Firing,5fce3f3.jpg,"Score: 95, Severity: critical, Rules: 1",8692b0474d900d83
2026-01-16T16:20:45.444420Z,Rule Firing,5fd4241.jpg,"Score: 95, Severity: critical, Rules: 1",fa337da8f7d3ee50
2026-01-16T16:20:45.444420Z,Rule Firing,5fd851d.jpg,"Score: 95, Severity: critical, Rules: 1",4459581b05750b4e
2026-01-16T16:20:45.444420Z,Rule Firing,5fd91c0.jpg,"Score: 95, Severity: critical, Rules: 1",b19fa468b9c29104
2026-01-16T16:20:45.444420Z,Rule Firing,6007365.jpg,"Score: 95, Severity: critical, Rules: 1",19fa86a2192225e1
2026-01-16T16:20:45.499482Z,Rule Firing,6009495.jpg,"Score: 95, Severity: critical, Rules: 1",2e53a70a9dedda70
2026-01-16T16:20:45.499482Z,Rule Firing,604f1c2.jpg,"Score: 95, Severity: critical, Rules: 1",8339591c837ff334
2026-01-16T16:20:45.504589Z,Rule Firing,6079168.jpg,"Score: 95, Severity: critical, Rules: 1",88a2fc2d1291665b
2026-01-16T16:20:45.504589Z,Rule Firing,607968.jpg,"Score: 95, Severity: critical, Rules: 1",6e2c1524d883f8c2
2026-01-16T16:20:45.505649Z,Rule Firing,60bcf20.jpg,"Score: 95, Severity: critical, Rules: 1",b9d19a6400cf3331
2026-01-16T16:20:45.505649Z,Rule Firing,60e9fd5.jpg,"Score: 95, Severity: critical, Rules: 1",31c2daeb57e5fd0c
2026-01-16T16:20:45.505649Z,Rule Firing,60eade0.jpg,"Score: 95, Severity: critical, Rules: 1",fbb364a2aecc61b8
2026-01-16T16:20:45.505649Z,Rule Firing,613313a.jpg,"Score: 95, Severity: critical, Rules: 1",3f0c796b94db6d97
2026-01-16T16:20:45.505649Z,Rule Firing,619e0cf.jpg,"Score: 95, Severity: critical, Rules: 1",ebdb3e1fc62d84c7
2026-01-16T16:20:45.505649Z,Rule Firing,61db138.jpg,"Score: 95, Severity: critical, Rules: 1",f48097639d5742c2
2026-01-16T16:20:45.554766Z,Rule Firing,620492b.jpg,"Score: 95, Severity: critical, Rules: 1",c229bc8ba3e9710d
2026-01-16T16:20:45.554766Z,Rule Firing,6211cc5.jpg,"Score: 95, Severity: critical, Rules: 1",6cfc9a058dc63b96
2026-01-16T16:20:45.559568Z,Rule Firing,6265f3.jpg,"Score: 95, Severity: critical, Rules: 1",92c8ba3fd26d8497
2026-01-16T16:20:45.559568Z,Rule Firing,62a1346.jpg,"Score: 95, Severity: critical, Rules: 1",d2f66802193cdbbe
2026-01-16T16:20:45.559568Z,Rule Firing,62aa73f.jpg,"Score: 95, Severity: critical, Rules: 1",295d5c448793af50
2026-01-16T16:20:45.559568Z,Rule Firing,62d6155.jpg,"Score: 95, Severity: critical, Rules: 1",9940304b0dae0c6b
2026-01-16T16:20:45.559568Z,Rule Firing,6308d82.jpg,"Score: 95, Severity: critical, Rules: 1",c9bbad3aa0b5f0af
2026-01-16T16:20:45.559568Z,Rule Firing,63983.pdf,"Score: 95, Severity: critical, Rules: 1",1dd74e2922d2edae
2026-01-16T16:20:45.559568Z,Rule Firing,63bf071.jpg,"Score: 95, Severity: critical, Rules: 1",78e972e47615ad65
2026-01-16T16:20:45.559568Z,Rule Firing,676caf.jpg,"Score: 95, Severity: critical, Rules: 1",e7681f9d9d1d07f4
2026-01-16T16:20:45.609488Z,Rule Firing,74b285.jpg,"Score: 95, Severity: critical, Rules: 1",bc10cbda49d78589
2026-01-16T16:20:45.614603Z,Rule Firing,9356.pdf,"Score: 95, Severity: critical, Rules: 1",2ae7184d8752a147
2026-01-16T16:20:45.614603Z,Rule Firing,9ad745.jpg,"Score: 95, Severity: critical, Rules: 1",551e870ccae9b469
2026-01-16T16:20:45.614603Z,Rule Firing,9ae49f.jpg,"Score: 95, Severity: critical, Rules: 1",e3d516561213da35
2026-01-16T16:20:45.614603Z,Rule Firing,9ce4e7.jpg,"Score: 95, Severity: critical, Rules: 1",8a6e3aba3d3b1219
2026-01-16T16:20:45.617183Z,Rule Firing,a138f4.jpg,"Score: 95, Severity: critical, Rules: 1",6af4350ed44c7211
2026-01-16T16:20:45.617183Z,Rule Firing,a81ef6.jpg,"Score: 95, Severity: critical, Rules: 1",eb47e3d16dc93b3a
2026-01-16T16:20:45.617183Z,Rule Firing,a9359a.jpg,"Score: 95, Severity: critical, Rules: 1",7cb53c9753ea4d4d
2026-01-16T16:20:45.617183Z,Rule Firing,ac03e1.jpg,"Score: 95, Severity: critical, Rules: 1",a82314c3480840d5
2026-01-16T16:20:45.617183Z,Rule Firing,add4bd.jpg,"Score: 95, Severity: critical, Rules: 1",44af659e471b67a7
2026-01-16T16:20:45.674472Z,Rule Firing,adf042.jpg,"Score: 95, Severity: critical, Rules: 1",a3ea5e217a6eaaa1
2026-01-16T16:20:45.674472Z,Rule Firing,b43c1a.jpg,"Score: 95, Severity: critical, Rules: 1",31f1d9048e3cd5ea
2026-01-16T16:20:45.674472Z,Rule Firing,b5903f.jpg,"Score: 95, Severity: critical, Rules: 1",5c8b83c9512c4844
2026-01-16T16:20:45.674472Z,Rule Firing,b616e6.jpg,"Score: 95, Severity: critical, Rules: 1",afe7e9a76d41f2ba
2026-01-16T16:20:45.674472Z,Rule Firing,b662ca.jpg,"Score: 95, Severity: critical, Rules: 1",2b93fc9bd9c22d03
2026-01-16T16:20:45.674472Z,Rule Firing,b7d032.jpg,"Score: 95, Severity: critical, Rules: 1",0663d53549f58caa
2026-01-16T16:20:45.674472Z,Rule Firing,b7db11.jpg,"Score: 95, Severity: critical, Rules: 1",a85f1111f740662a
2026-01-16T16:20:45.674472Z,Rule Firing,b862b6.jpg,"Score: 95, Severity: critical, Rules: 1",738552117479afd3
2026-01-16T16:20:45.674472Z,Rule Firing,bb7ed5.jpg,"Score: 95, Severity: critical, Rules: 1",0c3eb1d25e5ecf97
2026-01-16T16:20:45.674472Z,Rule Firing,c0771.jpg,"Score: 95, Severity: critical, Rules: 1",073529459d593e76
2026-01-16T16:20:45.734361Z,Rule Firing,c3a84f.jpg,"Score: 95, Severity: critical, Rules: 1",c09817ca30612d06
2026-01-16T16:20:45.734361Z,Rule Firing,ca0d4b.jpg,"Score: 95, Severity: critical, Rules: 1",75b2448581554579
2026-01-16T16:20:45.734361Z,Rule Firing,ca5b3f.jpg,"Score: 95, Severity: critical, Rules: 1",6eb2d7143041a620
2026-01-16T16:20:45.734361Z,Rule Firing,cc43b2.jpg,"Score: 95, Severity: critical, Rules: 1",bdf206e60f70f4a0
2026-01-16T16:20:45.734361Z,Rule Firing,ce9750.jpg,"Score: 95, Severity: critical, Rules: 1",76b535752fb1436a
2026-01-16T16:20:45.734361Z,Rule Firing,d0c094.jpg,"Score: 95, Severity: critical, Rules: 1",391874e82c9da39e
2026-01-16T16:20:45.734361Z,Rule Firing,d16ec6.jpg,"Score: 95, Severity: critical, Rules: 1",859c00cfb02f108f
2026-01-16T16:20:45.734361Z,Rule Firing,d20cbe.jpg,"Score: 95, Severity: critical, Rules: 1",0437af47987865cd
2026-01-16T16:20:45.734361Z,Rule Firing,d35936.jpg,"Score: 95, Severity: critical, Rules: 1",2a542b0f90bfbc85
2026-01-16T16:20:45.734361Z,Rule Firing,d3dd5.pdf,"Score: 95, Severity: critical, Rules: 1",7fd96760b1c8d77f
2026-01-16T16:20:45.798263Z,Rule Firing,d6be11.jpg,"Score: 95, Severity: critical, Rules: 1",3ca71af7d0ca41dd
2026-01-16T16:20:45.800272Z,Rule Firing,d7b1b1.jpg,"Score: 95, Severity: critical, Rules: 1",e9616b5d33e158cf
2026-01-16T16:20:45.802281Z,Rule Firing,d86293.jpg,"Score: 95, Severity: critical, Rules: 1",0acb9b865fdc46c5
2026-01-16T16:20:45.804291Z,Rule Firing,d865aa.jpg,"Score: 95, Severity: critical, Rules: 1",3e9f771c42d469c0
2026-01-16T16:20:45.806323Z,Rule Firing,d87286.jpg,"Score: 95, Severity: critical, Rules: 1",f2b12dc16d1d75a5
2026-01-16T16:20:45.808333Z,Rule Firing,d87bb4.jpg,"Score: 95, Severity: critical, Rules: 1",bddde3dcf4b9bb43
2026-01-16T16:20:45.810343Z,Rule Firing,d87f8c.jpg,"Score: 95, Severity: critical, Rules: 1",ef884ed90151014d
2026-01-16T16:20:45.812353Z,Rule Firing,db65b6.jpg,"Score: 95, Severity: critical, Rules: 1",9a2f4ba2fdab4cf4
2026-01-16T16:20:45.812353Z,Rule Firing,dca6d4.jpg,"Score: 95, Severity: critical, Rules: 1",4b5c0f58a079a56f
2026-01-16T16:20:45.814363Z,Rule Firing,e155c6.jpg,"Score: 95, Severity: critical, Rules: 1",dced76608c90a391
2026-01-16T16:20:45.872163Z,Rule Firing,e33a53.jpg,"Score: 95, Severity: critical, Rules: 1",b2db5768160d07f5
2026-01-16T16:20:45.872163Z,Rule Firing,e5aadf.jpg,"Score: 95, Severity: critical, Rules: 1",ebbf3904ab172f36
2026-01-16T16:20:45.872163Z,Rule Firing,e7b1f1.jpg,"Score: 95, Severity: critical, Rules: 1",c2fa586a6d8ef183
2026-01-16T16:20:45.872163Z,Rule Firing,e7b965.jpg,"Score: 95, Severity: critical, Rules: 1",f457067bbbfa82f1
2026-01-16T16:20:45.874727Z,Rule Firing,e8d28d.jpg,"Score: 95, Severity: critical, Rules: 1",b40add3a5704c99f
2026-01-16T16:20:45.874727Z,Rule Firing,e900be.jpg,"Score: 95, Severity: critical, Rules: 1",71a75212b266d660
2026-01-16T16:20:45.874727Z,Rule Firing,e91036.jpg,"Score: 95, Severity: critical, Rules: 1",2c5edbed1121c9dd
2026-01-16T16:20:45.874727Z,Rule Firing,e92a92.jpg,"Score: 95, Severity: critical, Rules: 1",f2e7503aba93c704
2026-01-16T16:20:45.874727Z,Rule Firing,e9c626.jpg,"Score: 95, Severity: critical, Rules: 1",0ab7d2ddc425804e
2026-01-16T16:20:45.874727Z,Rule Firing,ea06b2.jpg,"Score: 95, Severity: critical, Rules: 1",f01bcfc38c107f5d
2026-01-16T16:20:45.934567Z,Rule Firing,ea3516.jpg,"Score: 95, Severity: critical, Rules: 1",4cd2c26ca9c609d2
2026-01-16T16:20:45.934567Z,Rule Firing,ea62fd.jpg,"Score: 95, Severity: critical, Rules: 1",62a9699e922b956c
2026-01-16T16:20:45.934567Z,Rule Firing,ea6eb6.jpg,"Score: 95, Severity: critical, Rules: 1",058736c79f4a56cb
2026-01-16T16:20:45.934567Z,Rule Firing,ea90e5.jpg,"Score: 95, Severity: critical, Rules: 1",1d807eb870ee4264
2026-01-16T16:20:45.934567Z,Rule Firing,eaac7e.jpg,"Score: 95, Severity: critical, Rules: 1",8132796654e45d85
2026-01-16T16:20:45.934567Z,Rule Firing,eaba89.jpg,"Score: 95, Severity: critical, Rules: 1",f9d90f99558d5844
2026-01-16T16:20:45.934567Z,Rule Firing,eb0e9e.jpg,"Score: 95, Severity: critical, Rules: 1",64bd567fe80032a8
2026-01-16T16:20:45.934567Z,Rule Firing,eb1fa9.jpg,"Score: 95, Severity: critical, Rules: 1",293f1e17e821ce70
2026-01-16T16:20:45.934567Z,Rule Firing,eb2f97.jpg,"Score: 95, Severity: critical, Rules: 1",0dbe373d94e11f61
2026-01-16T16:20:45.934567Z,Rule Firing,eb42e2.jpg,"Score: 95, Severity: critical, Rules: 1",7c1e483a5fdd44e3
2026-01-16T16:20:45.994497Z,Rule Firing,eb5871.jpg,"Score: 95, Severity: critical, Rules: 1",395f38d85c086027
2026-01-16T16:20:45.998150Z,Rule Firing,ec13a4.jpg,"Score: 95, Severity: critical, Rules: 1",0f71cf2c05ccda09
2026-01-16T16:20:45.998150Z,Rule Firing,ece94b.jpg,"Score: 95, Severity: critical, Rules: 1",a2eda10433c8226c
2026-01-16T16:20:45.998150Z,Rule Firing,ed042.jpg,"Score: 95, Severity: critical, Rules: 1",a3376f15cd1d42da
2026-01-16T16:20:45.998150Z,Rule Firing,f0efa0.jpg,"Score: 95, Severity: critical, Rules: 1",390e5e85e7a341fe
2026-01-16T16:20:45.998150Z,Rule Firing,f55551.jpg,"Score: 95, Severity: critical, Rules: 1",2637ea4f60c55080
2026-01-16T16:20:45.998150Z,Rule Firing,f7480f.jpg,"Score: 95, Severity: critical, Rules: 1",1c98a17698d9179a
2026-01-16T16:20:45.998150Z,Rule Firing,f77a18.jpg,"Score: 95, Severity: critical, Rules: 1",451fab54465040fd
2026-01-16T16:20:45.998150Z,Rule Firing,f79818.jpg,"Score: 95, Severity: critical, Rules: 1",ec7ac7962bf7fb6c
2026-01-16T16:20:45.998150Z,Rule Firing,f7c042.jpg,"Score: 95, Severity: critical, Rules: 1",35ee95d194928542
2026-01-16T16:20:46.054275Z,Rule Firing,f8b3ae.jpg,"Score: 95, Severity: critical, Rules: 1",5534320322de4f21
2026-01-16T16:20:46.054275Z,Rule Firing,f92370.jpg,"Score: 95, Severity: critical, Rules: 1",3670530cc8b5cebd
2026-01-16T16:20:46.054275Z,Rule Firing,f94629.jpg,"Score: 95, Severity: critical, Rules: 1",d24d41a23aea8da8
2026-01-16T16:20:46.054275Z,Rule Firing,f9662c.jpg,"Score: 95, Severity: critical, Rules: 1",dcdaf86b9867b6e0
2026-01-16T16:20:46.054275Z,Rule Firing,f9c68c.jpg,"Score: 95, Severity: critical, Rules: 1",765add609a75b5bc
2026-01-16T16:20:46.054275Z,Rule Firing,f9dae4.jpg,"Score: 95, Severity: critical, Rules: 1",06b32a12a7aacd1e
2026-01-16T16:20:46.054275Z,Rule Firing,fc8574.jpg,"Score: 95, Severity: critical, Rules: 1",e2eea7cbc71e4db9
2026-01-16T16:20:46.054275Z,Rule Firing,fe5942.jpg,"Score: 95, Severity: critical, Rules: 1",1b509167974611d8
2026-01-16T16:20:46.054275Z,Rule Firing,rule_versions.json,"Score: 95, Severity: critical, Rules: 1",9a454debc6a5a88f
2026-01-16T16:20:46.054275Z,Rule Firing,mindmap_config.json,"Score: 95, Severity: critical, Rules: 1",c5b5f8c33af5704e
2026-01-16T16:20:46.109714Z,Rule Firing,test_rules_export.json,"Score: 95, Severity: critical, Rules: 1",c1f370bbce2e3970
2026-01-16T16:20:46.109714Z,Rule Firing,notes.db,"Score: 95, Severity: critical, Rules: 1",5ab87f3ef5639dd3
2026-01-16T16:20:46.109714Z,Rule Firing,ACQUIRE_RUNBOOK.md,"Score: 75, Severity: high, Rules: 1",e4e841eb51b53f64
2026-01-16T16:20:46.114322Z,Rule Firing,ACQUIRE_RUNBOOK.md,"Score: 100, Severity: critical, Rules: 2",aee8220726be35e4
2026-01-16T16:20:46.114322Z,Rule Firing,FORENSIC_REPORT_GENERATOR.md,"Score: 95, Severity: critical, Rules: 1",4e46f57ebe754ca1
2026-01-16T16:20:46.114322Z,Rule Firing,GUI_REPORT_GENERATOR_GUIDE.md,"Score: 95, Severity: critical, Rules: 1",ea3b0fc247ebbb90
2026-01-16T16:20:46.114322Z,Rule Firing,mindmap_improvements.md,"Score: 95, Severity: critical, Rules: 1",65f799811bfe7754
2026-01-16T16:20:46.114322Z,Rule Firing,mindmap_usage.md,"Score: 95, Severity: critical, Rules: 1",8c9ea1d24ce5637c
2026-01-16T16:20:46.114322Z,Rule Firing,REPORT_GENERATOR_INTEGRATION_SUMMARY.md,"Score: 95, Severity: critical, Rules: 1",f5ed7cb3fd898965
2026-01-16T16:20:46.114322Z,Rule Firing,REPORT_GENERATOR_QUICK_START.md,"Score: 95, Severity: critical, Rules: 1",0b28cbb96533cb59
2026-01-16T16:20:46.164612Z,Rule Firing,SESSION_INTEGRATION_UPDATE.md,"Score: 95, Severity: critical, Rules: 1",533c26b83bfb7ca9
2026-01-16T16:20:46.164612Z,Rule Firing,image_20251106T210112.dd,"Score: 95, Severity: critical, Rules: 1",20bcd76dd97e9cf6
2026-01-16T16:20:46.164612Z,Rule Firing,image_20251106T210112.dd.log,"Score: 95, Severity: critical, Rules: 1",e6c4852999bc2e63
2026-01-16T16:20:46.164612Z,Rule Firing,image_20251106T210112.dd.metadata.json,"Score: 95, Severity: critical, Rules: 1",fafbaa83b8aeedee
2026-01-16T16:20:46.164612Z,Rule Firing,mindmap_demo.cpython-311.pyc,"Score: 95, Severity: critical, Rules: 1",db44f2255fcc4377
2026-01-16T16:20:46.174218Z,Rule Firing,generate_report_example.py,"Score: 95, Severity: critical, Rules: 1",2636dbb43fd9de2e
2026-01-16T16:20:46.174218Z,Rule Firing,mindmap_demo.py,"Score: 95, Severity: critical, Rules: 1",25fc49a88de775fc
2026-01-16T16:20:46.174218Z,Rule Firing,nm-stage01-connecting01.svg,"Score: 95, Severity: critical, Rules: 1",d7a45d942dbfb6c9
2026-01-16T16:20:46.174218Z,Rule Firing,nm-stage01-connecting02.svg,"Score: 95, Severity: critical, Rules: 1",654988be60f7c6ba
2026-01-16T16:20:46.174218Z,Rule Firing,nm-stage01-connecting03.svg,"Score: 95, Severity: critical, Rules: 1",5bd1673b22d8949c
2026-01-16T16:20:46.234325Z,Rule Firing,nm-stage01-connecting04.svg,"Score: 95, Severity: critical, Rules: 1",109275925e611fbe
2026-01-16T16:20:46.234325Z,Rule Firing,nm-stage01-connecting05.svg,"Score: 95, Severity: critical, Rules: 1",76a0e6cc9ab24739
2026-01-16T16:20:46.234325Z,Rule Firing,nm-stage01-connecting06.svg,"Score: 95, Severity: critical, Rules: 1",5c638641b5236757
2026-01-16T16:20:46.234325Z,Rule Firing,nm-stage01-connecting07.svg,"Score: 95, Severity: critical, Rules: 1",70431f8d1dd05042
2026-01-16T16:20:46.234325Z,Rule Firing,nm-stage01-connecting08.svg,"Score: 95, Severity: critical, Rules: 1",80e4608406d29d2c
2026-01-16T16:20:46.234325Z,Rule Firing,nm-stage01-connecting09.svg,"Score: 95, Severity: critical, Rules: 1",a9bb46ef57907ed8
2026-01-16T16:20:46.238035Z,Rule Firing,nm-stage01-connecting10.svg,"Score: 95, Severity: critical, Rules: 1",b473c4ea341c94ea
2026-01-16T16:20:46.238035Z,Rule Firing,nm-stage01-connecting11.svg,"Score: 95, Severity: critical, Rules: 1",dcd05aa1a8fe2c11
2026-01-16T16:20:46.238035Z,Rule Firing,nm-stage01-connecting12.svg,"Score: 95, Severity: critical, Rules: 1",63162ce8ce8e3b59
2026-01-16T16:20:46.249337Z,Rule Firing,system-run.svg,"Score: 75, Severity: high, Rules: 1",d6c9e4a681464eec
2026-01-16T16:20:46.304756Z,Rule Firing,accessories-calculator.svg,"Score: 95, Severity: critical, Rules: 1",54a397041e90600f
2026-01-16T16:20:46.304756Z,Rule Firing,accessories-camera.svg,"Score: 95, Severity: critical, Rules: 1",206e758d027f7191
2026-01-16T16:20:46.304756Z,Rule Firing,accessories-character-map.svg,"Score: 95, Severity: critical, Rules: 1",270e4fb39bf8d4d5
2026-01-16T16:20:46.304756Z,Rule Firing,accessories-clock.svg,"Score: 95, Severity: critical, Rules: 1",50df263c523e098a
2026-01-16T16:20:46.304756Z,Rule Firing,accessories-notes.svg,"Score: 95, Severity: critical, Rules: 1",c60ddd56d5a71f1f
2026-01-16T16:20:46.304756Z,Rule Firing,accessories-screenshot.svg,"Score: 95, Severity: critical, Rules: 1",189732ee97cbd2ed
2026-01-16T16:20:46.304756Z,Rule Firing,accessories-text-editor.svg,"Score: 95, Severity: critical, Rules: 1",cb32a552936b675b
2026-01-16T16:20:46.314472Z,Rule Firing,aisleriot.svg,"Score: 95, Severity: critical, Rules: 1",b3f8de2366e3c20e
2026-01-16T16:20:46.314472Z,Rule Firing,akonadiconsole.svg,"Score: 95, Severity: critical, Rules: 1",f015d32b9fc01bf5
2026-01-16T16:20:46.314472Z,Rule Firing,applets-screenshooter.svg,"Score: 95, Severity: critical, Rules: 1",f1da416c4f40c4ed
2026-01-16T16:20:46.368329Z,Rule Firing,ark.svg,"Score: 95, Severity: critical, Rules: 1",1a1e0ce491136a57
2026-01-16T16:20:46.368329Z,Rule Firing,bash.svg,"Score: 95, Severity: critical, Rules: 1",64cba7dc1aacae40
2026-01-16T16:20:46.368329Z,Rule Firing,calligrasheets.svg,"Score: 95, Severity: critical, Rules: 1",e99bec56340dcc0e
2026-01-16T16:20:46.368329Z,Rule Firing,calligrastage.svg,"Score: 95, Severity: critical, Rules: 1",6f34e20cb2699577
2026-01-16T16:20:46.368329Z,Rule Firing,chromium-browser.svg,"Score: 95, Severity: critical, Rules: 1",af5f1196a38f2a54
2026-01-16T16:20:46.368329Z,Rule Firing,code-oss.svg,"Score: 95, Severity: critical, Rules: 1",0888dddb75efa729
2026-01-16T16:20:46.368329Z,Rule Firing,cs-applets.svg,"Score: 95, Severity: critical, Rules: 1",9ce7ba8a0e247683
2026-01-16T16:20:46.374581Z,Rule Firing,cs-desktop.svg,"Score: 95, Severity: critical, Rules: 1",220ea9b686d9d965
2026-01-16T16:20:46.374581Z,Rule Firing,cs-user-accounts.svg,"Score: 95, Severity: critical, Rules: 1",e522584f2a3168e2
2026-01-16T16:20:46.374581Z,Rule Firing,cups.svg,"Score: 95, Severity: critical, Rules: 1",1b0b483879cfae02
2026-01-16T16:20:46.424508Z,Rule Firing,discord-canary.svg,"Score: 95, Severity: critical, Rules: 1",b54d4d0353e47093
2026-01-16T16:20:46.424508Z,Rule Firing,discord-development.svg,"Score: 95, Severity: critical, Rules: 1",494f93f796812b15
2026-01-16T16:20:46.424508Z,Rule Firing,discord.svg,"Score: 95, Severity: critical, Rules: 1",9a2bbc2a508cfcc8
2026-01-16T16:20:46.424508Z,Rule Firing,disk-utility.svg,"Score: 95, Severity: critical, Rules: 1",aebb090f3707034a
2026-01-16T16:20:46.431370Z,Rule Firing,elisa.svg,"Score: 95, Severity: critical, Rules: 1",332161bdafc43e28
2026-01-16T16:20:46.431370Z,Rule Firing,evolution.svg,"Score: 95, Severity: critical, Rules: 1",8cf31824d0690668
2026-01-16T16:20:46.431370Z,Rule Firing,fcitx.svg,"Score: 95, Severity: critical, Rules: 1",db82ef084640aebe
2026-01-16T16:20:46.431370Z,Rule Firing,github-desktop.svg,"Score: 95, Severity: critical, Rules: 1",593ebe49b7647a53
2026-01-16T16:20:46.431370Z,Rule Firing,gnome-calculator.svg,"Score: 95, Severity: critical, Rules: 1",faaacb4a15c1b57f
2026-01-16T16:20:46.434619Z,Rule Firing,gnome-sound-recorder.svg,"Score: 95, Severity: critical, Rules: 1",b8d32f19c9db7492
2026-01-16T16:20:46.494622Z,Rule Firing,gnome-sudoku.svg,"Score: 95, Severity: critical, Rules: 1",add9f9f0a3773cb7
2026-01-16T16:20:46.495765Z,Rule Firing,google-chrome.svg,"Score: 95, Severity: critical, Rules: 1",0d3400b1983df123
2026-01-16T16:20:46.495765Z,Rule Firing,gufw.svg,"Score: 95, Severity: critical, Rules: 1",3cb4f96352cc122b
2026-01-16T16:20:46.495765Z,Rule Firing,gwenview.svg,"Score: 95, Severity: critical, Rules: 1",a6dc6605e4f6a6f4
2026-01-16T16:20:46.495765Z,Rule Firing,help-about.svg,"Score: 95, Severity: critical, Rules: 1",8e0c2269661854b1
2026-01-16T16:20:46.495765Z,Rule Firing,help-browser.svg,"Score: 95, Severity: critical, Rules: 1",375b687173beb986
2026-01-16T16:20:46.495765Z,Rule Firing,hwinfo.svg,"Score: 95, Severity: critical, Rules: 1",220d0365117549f6
2026-01-16T16:20:46.495765Z,Rule Firing,internet-chat.svg,"Score: 95, Severity: critical, Rules: 1",eca9fe5e68bb2c30
2026-01-16T16:20:46.495765Z,Rule Firing,internet-mail.svg,"Score: 95, Severity: critical, Rules: 1",c1dfa7cb24d74986
2026-01-16T16:20:46.495765Z,Rule Firing,internet-web-browser.svg,"Score: 95, Severity: critical, Rules: 1",39673616585d7863
2026-01-16T16:20:46.559395Z,Rule Firing,io.github.celluloid_player.Celluloid.svg,"Score: 95, Severity: critical, Rules: 1",3ea2d197ad7ea78c
2026-01-16T16:20:46.559395Z,Rule Firing,kaffeine.svg,"Score: 95, Severity: critical, Rules: 1",028566f17284b045
2026-01-16T16:20:46.559395Z,Rule Firing,kalarm.svg,"Score: 95, Severity: critical, Rules: 1",bfd5fee6e2ff4038
2026-01-16T16:20:46.559395Z,Rule Firing,kate.svg,"Score: 95, Severity: critical, Rules: 1",9446bcf862f09b29
2026-01-16T16:20:46.564495Z,Rule Firing,kdeconnect.svg,"Score: 95, Severity: critical, Rules: 1",4a01aeeb8f2f9dca
2026-01-16T16:20:46.564495Z,Rule Firing,kdenlive.svg,"Score: 95, Severity: critical, Rules: 1",9e1e6076687c88b0
2026-01-16T16:20:46.564495Z,Rule Firing,kdevelop.svg,"Score: 95, Severity: critical, Rules: 1",a148627b8a91c21e
2026-01-16T16:20:46.564495Z,Rule Firing,kexi.svg,"Score: 95, Severity: critical, Rules: 1",b15a7830ed9e19e5
2026-01-16T16:20:46.564495Z,Rule Firing,kjots.svg,"Score: 95, Severity: critical, Rules: 1",7f0459f62ba1a167
2026-01-16T16:20:46.564495Z,Rule Firing,kmenuedit.svg,"Score: 95, Severity: critical, Rules: 1",f80b9398e6abca4d
2026-01-16T16:20:46.624748Z,Rule Firing,kolourpaint.svg,"Score: 95, Severity: critical, Rules: 1",ae9ecc2bed0270ec
2026-01-16T16:20:46.624748Z,Rule Firing,kontact.svg,"Score: 95, Severity: critical, Rules: 1",56acbb537667beec
2026-01-16T16:20:46.624748Z,Rule Firing,konversation.svg,"Score: 95, Severity: critical, Rules: 1",7d6c0b7da1dc440e
2026-01-16T16:20:46.624748Z,Rule Firing,korganizer.svg,"Score: 95, Severity: critical, Rules: 1",c65caf565ed38747
2026-01-16T16:20:46.624748Z,Rule Firing,krename.svg,"Score: 95, Severity: critical, Rules: 1",b88d43394b131d70
2026-01-16T16:20:46.624748Z,Rule Firing,kvantum.svg,"Score: 95, Severity: critical, Rules: 1",cf99325189c8015b
2026-01-16T16:20:46.624748Z,Rule Firing,kwallet.svg,"Score: 95, Severity: critical, Rules: 1",767274631402ed46
2026-01-16T16:20:46.624748Z,Rule Firing,libreoffice-base.svg,"Score: 95, Severity: critical, Rules: 1",b0595653f62d687f
2026-01-16T16:20:46.624748Z,Rule Firing,libreoffice-calc.svg,"Score: 95, Severity: critical, Rules: 1",e929b570d7fd0620
2026-01-16T16:20:46.624748Z,Rule Firing,libreoffice-chart.svg,"Score: 95, Severity: critical, Rules: 1",108abfdba7731174
2026-01-16T16:20:46.679810Z,Rule Firing,libreoffice-draw.svg,"Score: 95, Severity: critical, Rules: 1",2ede677ab29593da
2026-01-16T16:20:46.679810Z,Rule Firing,libreoffice-impress.svg,"Score: 95, Severity: critical, Rules: 1",a225ead943d5f6a7
2026-01-16T16:20:46.679810Z,Rule Firing,libreoffice-main.svg,"Score: 95, Severity: critical, Rules: 1",f46a4a7e6ffb3354
2026-01-16T16:20:46.684384Z,Rule Firing,libreoffice-math.svg,"Score: 95, Severity: critical, Rules: 1",84f87a73335d279a
2026-01-16T16:20:46.684384Z,Rule Firing,libreoffice-writer.svg,"Score: 95, Severity: critical, Rules: 1",48447aa4dd8e741a
2026-01-16T16:20:46.684384Z,Rule Firing,lightdm-settings.svg,"Score: 95, Severity: critical, Rules: 1",ddaf17c49ddc520d
2026-01-16T16:20:46.686027Z,Rule Firing,maps-app.svg,"Score: 95, Severity: critical, Rules: 1",90679b45758df356
2026-01-16T16:20:46.686027Z,Rule Firing,mate-panel.svg,"Score: 95, Severity: critical, Rules: 1",f7af12fb8ae7c193
2026-01-16T16:20:46.686027Z,Rule Firing,microsoft-edge-beta.svg,"Score: 95, Severity: critical, Rules: 1",79c0fc86168482d0
2026-01-16T16:20:46.686027Z,Rule Firing,microsoft-edge.svg,"Score: 95, Severity: critical, Rules: 1",cf5ce2cb1f7bb76a
2026-01-16T16:20:46.734638Z,Rule Firing,minecraft.svg,"Score: 95, Severity: critical, Rules: 1",4c963c9ef4425b5d
2026-01-16T16:20:46.734638Z,Rule Firing,ms-office.svg,"Score: 95, Severity: critical, Rules: 1",4fcb9cda6bd13604
2026-01-16T16:20:46.734638Z,Rule Firing,mugshot.svg,"Score: 95, Severity: critical, Rules: 1",eb9ef7aef27bdb57
2026-01-16T16:20:46.734638Z,Rule Firing,multimedia-audio-player.svg,"Score: 95, Severity: critical, Rules: 1",b6594a46890d1bfc
2026-01-16T16:20:46.734638Z,Rule Firing,multimedia-photo-manager.svg,"Score: 95, Severity: critical, Rules: 1",c4d482e8bcd8f0ba
2026-01-16T16:20:46.743599Z,Rule Firing,multimedia-photo-viewer.svg,"Score: 95, Severity: critical, Rules: 1",7bd47dafb4332457
2026-01-16T16:20:46.744827Z,Rule Firing,multimedia-video-player.svg,"Score: 95, Severity: critical, Rules: 1",e4ca6d306653437d
2026-01-16T16:20:46.744827Z,Rule Firing,office-addressbook.svg,"Score: 95, Severity: critical, Rules: 1",b4ded875e3c5a5ad
2026-01-16T16:20:46.744827Z,Rule Firing,office-calendar.svg,"Score: 95, Severity: critical, Rules: 1",1fb6ba156e064d82
2026-01-16T16:20:46.744827Z,Rule Firing,okular.svg,"Score: 95, Severity: critical, Rules: 1",ea468ec64b5b0fc9
2026-01-16T16:20:46.796077Z,Rule Firing,org.gnome.Notes.svg,"Score: 95, Severity: critical, Rules: 1",009e07646badf66e
2026-01-16T16:20:46.796077Z,Rule Firing,org.kde.kalendar.svg,"Score: 95, Severity: critical, Rules: 1",80587534fa0a5c1d
2026-01-16T16:20:46.796077Z,Rule Firing,org.kde.kontrast.svg,"Score: 95, Severity: critical, Rules: 1",b49a18d7d9660cd3
2026-01-16T16:20:46.796077Z,Rule Firing,org.kde.plasma.systemmonitor.svg,"Score: 95, Severity: critical, Rules: 1",6c6495278a539dbb
2026-01-16T16:20:46.796077Z,Rule Firing,org.xfce.terminal-settings.svg,"Score: 95, Severity: critical, Rules: 1",0c2da479aae10a26
2026-01-16T16:20:46.796077Z,Rule Firing,org.xfce.xfwm4-tweaks.svg,"Score: 95, Severity: critical, Rules: 1",34992566ce584301
2026-01-16T16:20:46.796077Z,Rule Firing,org.xfce.xfwm4.svg,"Score: 95, Severity: critical, Rules: 1",86bf86ab5d01fd50
2026-01-16T16:20:46.796077Z,Rule Firing,plasma.svg,"Score: 95, Severity: critical, Rules: 1",77806c712c5eea31
2026-01-16T16:20:46.804482Z,Rule Firing,plasmadiscover.svg,"Score: 95, Severity: critical, Rules: 1",3e47f815e3dc7523
2026-01-16T16:20:46.804482Z,Rule Firing,plasmagik.svg,"Score: 95, Severity: critical, Rules: 1",c1ce0cd5a100ff3d
2026-01-16T16:20:46.854484Z,Rule Firing,preferences-desktop-accessibility.svg,"Score: 95, Severity: critical, Rules: 1",7dd9841a16ee047b
2026-01-16T16:20:46.859772Z,Rule Firing,preferences-desktop-color.svg,"Score: 95, Severity: critical, Rules: 1",f392046e7b69ef95
2026-01-16T16:20:46.859772Z,Rule Firing,preferences-desktop-default-applications.svg,"Score: 95, Severity: critical, Rules: 1",4fc1f97d72a29863
2026-01-16T16:20:46.859772Z,Rule Firing,preferences-desktop-display.svg,"Score: 95, Severity: critical, Rules: 1",a7a5d4cff2e93020
2026-01-16T16:20:46.859772Z,Rule Firing,preferences-desktop-emoticons.svg,"Score: 95, Severity: critical, Rules: 1",b5ae389b05fee657
2026-01-16T16:20:46.859772Z,Rule Firing,preferences-desktop-font-installer.svg,"Score: 95, Severity: critical, Rules: 1",13a6c99344679fe9
2026-01-16T16:20:46.859772Z,Rule Firing,preferences-desktop-font.svg,"Score: 95, Severity: critical, Rules: 1",65b76744a3a98c38
2026-01-16T16:20:46.859772Z,Rule Firing,preferences-desktop-gaming.svg,"Score: 95, Severity: critical, Rules: 1",bc3f87a4760d94c4
2026-01-16T16:20:46.859772Z,Rule Firing,preferences-desktop-gestures-touch.svg,"Score: 95, Severity: critical, Rules: 1",ee13f8460557369f
2026-01-16T16:20:46.864378Z,Rule Firing,preferences-desktop-keyboard.svg,"Score: 95, Severity: critical, Rules: 1",6581acc3d647fd0f
2026-01-16T16:20:46.914504Z,Rule Firing,preferences-desktop-locale.svg,"Score: 95, Severity: critical, Rules: 1",74d2c13b4aefaf38
2026-01-16T16:20:46.914504Z,Rule Firing,preferences-desktop-mouse.svg,"Score: 95, Severity: critical, Rules: 1",a98700d91e0def01
2026-01-16T16:20:46.914504Z,Rule Firing,preferences-desktop-notification-bell.svg,"Score: 95, Severity: critical, Rules: 1",923b48dc3dd7bb27
2026-01-16T16:20:46.914504Z,Rule Firing,preferences-desktop-plasma-theme.svg,"Score: 95, Severity: critical, Rules: 1",acf0da6988d718f5
2026-01-16T16:20:46.914504Z,Rule Firing,preferences-desktop-plasma.svg,"Score: 95, Severity: critical, Rules: 1",6a23261ce36c8ce1
2026-01-16T16:20:46.914504Z,Rule Firing,preferences-desktop-screensaver.svg,"Score: 95, Severity: critical, Rules: 1",9914d00df1b786c7
2026-01-16T16:20:46.914504Z,Rule Firing,preferences-desktop-tablet.svg,"Score: 95, Severity: critical, Rules: 1",b3307fa4704a189a
2026-01-16T16:20:46.914504Z,Rule Firing,preferences-desktop-theme-applications.svg,"Score: 95, Severity: critical, Rules: 1",3e122540e4aa182f
2026-01-16T16:20:46.914504Z,Rule Firing,preferences-desktop-theme-windowdecorations.svg,"Score: 95, Severity: critical, Rules: 1",e74f8205c29aab77
2026-01-16T16:20:46.914504Z,Rule Firing,preferences-desktop-theme.svg,"Score: 95, Severity: critical, Rules: 1",b7d86c8211319e5b
2026-01-16T16:20:46.974410Z,Rule Firing,preferences-desktop-user-feedback.svg,"Score: 95, Severity: critical, Rules: 1",13433b95f42f3ee3
2026-01-16T16:20:46.974410Z,Rule Firing,preferences-desktop-user-password.svg,"Score: 95, Severity: critical, Rules: 1",0de1e77218a396ad
2026-01-16T16:20:46.974410Z,Rule Firing,preferences-desktop-virtual.svg,"Score: 95, Severity: critical, Rules: 1",58872594e7aa1863
2026-01-16T16:20:46.974410Z,Rule Firing,preferences-desktop-wallpaper.svg,"Score: 95, Severity: critical, Rules: 1",d90773667129c4c0
2026-01-16T16:20:46.974410Z,Rule Firing,preferences-desktop.svg,"Score: 95, Severity: critical, Rules: 1",e8861bf03273b725
2026-01-16T16:20:46.974410Z,Rule Firing,preferences-online-accounts.svg,"Score: 95, Severity: critical, Rules: 1",b863e10b04971c00
2026-01-16T16:20:46.974410Z,Rule Firing,preferences-security-firewall.svg,"Score: 95, Severity: critical, Rules: 1",bcf985549d401d1f
2026-01-16T16:20:46.974410Z,Rule Firing,preferences-security.svg,"Score: 95, Severity: critical, Rules: 1",f31671f2fc6a9474
2026-01-16T16:20:46.974410Z,Rule Firing,preferences-system-backup.svg,"Score: 95, Severity: critical, Rules: 1",93b0fd36e78df30a
2026-01-16T16:20:46.984452Z,Rule Firing,preferences-system-bluetooth.svg,"Score: 95, Severity: critical, Rules: 1",f576925cc237fed6
2026-01-16T16:20:47.035547Z,Rule Firing,preferences-system-hotcorners.svg,"Score: 95, Severity: critical, Rules: 1",741417272f81329b
2026-01-16T16:20:47.035547Z,Rule Firing,preferences-system-login.svg,"Score: 95, Severity: critical, Rules: 1",3e87a28de7198c3f
2026-01-16T16:20:47.035547Z,Rule Firing,preferences-system-network.svg,"Score: 95, Severity: critical, Rules: 1",3836d1349e820d9d
2026-01-16T16:20:47.035547Z,Rule Firing,preferences-system-notifications-rtl.svg,"Score: 95, Severity: critical, Rules: 1",46301dc25936e511
2026-01-16T16:20:47.035547Z,Rule Firing,preferences-system-notifications.svg,"Score: 95, Severity: critical, Rules: 1",7fe851516745beba
2026-01-16T16:20:47.035547Z,Rule Firing,preferences-system-power.svg,"Score: 95, Severity: critical, Rules: 1",bd0223ab599fa8d3
2026-01-16T16:20:47.035547Z,Rule Firing,preferences-system-splash.svg,"Score: 95, Severity: critical, Rules: 1",4354b3d1ebca8f8a
2026-01-16T16:20:47.035547Z,Rule Firing,preferences-system-time.svg,"Score: 95, Severity: critical, Rules: 1",5d842bff5e3e8faf
2026-01-16T16:20:47.044119Z,Rule Firing,preferences-system-windows-tiling.svg,"Score: 95, Severity: critical, Rules: 1",18498313128bcdcb
2026-01-16T16:20:47.044730Z,Rule Firing,preferences-system-windows.svg,"Score: 95, Severity: critical, Rules: 1",d3bbc4c0ce14c321
2026-01-16T16:20:47.104329Z,Rule Firing,preferences-system.svg,"Score: 95, Severity: critical, Rules: 1",e23044b85dd235fb
2026-01-16T16:20:47.104329Z,Rule Firing,skanlite.svg,"Score: 95, Severity: critical, Rules: 1",a579412f40b0bd1e
2026-01-16T16:20:47.104329Z,Rule Firing,steam.svg,"Score: 95, Severity: critical, Rules: 1",58aebdf6780234b4
2026-01-16T16:20:47.104329Z,Rule Firing,system-error.svg,"Score: 95, Severity: critical, Rules: 1",03104f7753227369
2026-01-16T16:20:47.104329Z,Rule Firing,system-file-manager.svg,"Score: 95, Severity: critical, Rules: 1",0ea8579a4c915b56
2026-01-16T16:20:47.104329Z,Rule Firing,system-help.svg,"Score: 95, Severity: critical, Rules: 1",64fad3e3e572e125
2026-01-16T16:20:47.104329Z,Rule Firing,system-run.svg,"Score: 100, Severity: critical, Rules: 2",09f8b0fc7904fef6
2026-01-16T16:20:47.104329Z,Rule Firing,system-search.svg,"Score: 95, Severity: critical, Rules: 1",7ab970be43214f15
2026-01-16T16:20:47.104329Z,Rule Firing,system-software-install.svg,"Score: 95, Severity: critical, Rules: 1",a005463eeec4a832
2026-01-16T16:20:47.104329Z,Rule Firing,system-software-update.svg,"Score: 95, Severity: critical, Rules: 1",41d5eb1fbeaebfb6
2026-01-16T16:20:47.164791Z,Rule Firing,system-users.svg,"Score: 95, Severity: critical, Rules: 1",88639ee3aa829ac1
2026-01-16T16:20:47.164791Z,Rule Firing,todo-app.svg,"Score: 95, Severity: critical, Rules: 1",388229f2d5b2c9e8
2026-01-16T16:20:47.164791Z,Rule Firing,ubiquity-kde.svg,"Score: 95, Severity: critical, Rules: 1",7aa4a2a16364eff2
2026-01-16T16:20:47.164791Z,Rule Firing,utilities-system-monitor.svg,"Score: 95, Severity: critical, Rules: 1",303321cadec6a676
2026-01-16T16:20:47.169500Z,Rule Firing,utilities-terminal.svg,"Score: 95, Severity: critical, Rules: 1",fc2979ae300d6650
2026-01-16T16:20:47.169500Z,Rule Firing,utilities-tweak-tool.svg,"Score: 95, Severity: critical, Rules: 1",8af1edb14991b32c
2026-01-16T16:20:47.169500Z,Rule Firing,utilities-x-terminal.svg,"Score: 95, Severity: critical, Rules: 1",e002556fa0e17cfa
2026-01-16T16:20:47.169500Z,Rule Firing,visual-studio-code.svg,"Score: 95, Severity: critical, Rules: 1",b45d8d31ec563de0
2026-01-16T16:20:47.169500Z,Rule Firing,vlc.svg,"Score: 95, Severity: critical, Rules: 1",fc9ba6230daa75b8
2026-01-16T16:20:47.169500Z,Rule Firing,waydroid.svg,"Score: 95, Severity: critical, Rules: 1",3db5d56491841768
2026-01-16T16:20:47.219687Z,Rule Firing,weather.svg,"Score: 95, Severity: critical, Rules: 1",123f02cb31a2168f
2026-01-16T16:20:47.224721Z,Rule Firing,xfce4-systray.svg,"Score: 95, Severity: critical, Rules: 1",ba1b239f82abd4a6
2026-01-16T16:20:47.224721Z,Rule Firing,xfce4-taskbar.svg,"Score: 95, Severity: critical, Rules: 1",e8d2bccca6fb3b7e
2026-01-16T16:20:47.224721Z,Rule Firing,xfwm4-default.svg,"Score: 95, Severity: critical, Rules: 1",abafd4c9d9308719
2026-01-16T16:20:47.224721Z,Rule Firing,Xfwm4CompositeEditor.svg,"Score: 95, Severity: critical, Rules: 1",aaf61d599c404466
2026-01-16T16:20:47.224721Z,Rule Firing,yast-hwinfo.svg,"Score: 95, Severity: critical, Rules: 1",d8e4c62c66d521c3
2026-01-16T16:20:47.224721Z,Rule Firing,yast-sound.svg,"Score: 95, Severity: critical, Rules: 1",5be3250600dd9aae
2026-01-16T16:20:47.228509Z,Rule Firing,youtube-dl.svg,"Score: 95, Severity: critical, Rules: 1",069e3748a74a9efa
2026-01-16T16:20:47.228509Z,Rule Firing,youtube-music-desktop-app.svg,"Score: 95, Severity: critical, Rules: 1",81c6a11fcdbcd4b6
2026-01-16T16:20:47.228509Z,Rule Firing,youtube-music.svg,"Score: 95, Severity: critical, Rules: 1",283fd6a978c30341
2026-01-16T16:20:47.284790Z,Rule Firing,youtube.svg,"Score: 95, Severity: critical, Rules: 1",2c466df1acb78953
2026-01-16T16:20:47.284790Z,Rule Firing,audio-speakers.svg,"Score: 95, Severity: critical, Rules: 1",cf9f685c4cc3c0f8
2026-01-16T16:20:47.291614Z,Rule Firing,battery.svg,"Score: 95, Severity: critical, Rules: 1",7ccbd7f298f79a79
2026-01-16T16:20:47.291614Z,Rule Firing,bluetooth-inactive.svg,"Score: 95, Severity: critical, Rules: 1",9c13a9e20cb076d0
2026-01-16T16:20:47.291614Z,Rule Firing,bluetooth.svg,"Score: 95, Severity: critical, Rules: 1",8aeebceb31aea296
2026-01-16T16:20:47.291614Z,Rule Firing,camera-photo.svg,"Score: 95, Severity: critical, Rules: 1",df5f8244bcc5eb99
2026-01-16T16:20:47.291614Z,Rule Firing,camera-video.svg,"Score: 95, Severity: critical, Rules: 1",ff189ca0d15df28c
2026-01-16T16:20:47.291614Z,Rule Firing,computer-laptop.svg,"Score: 95, Severity: critical, Rules: 1",9db171ca36c051c8
2026-01-16T16:20:47.294412Z,Rule Firing,computer.svg,"Score: 95, Severity: critical, Rules: 1",aa26fb36c19bc8c5
2026-01-16T16:20:47.294412Z,Rule Firing,cpu.svg,"Score: 95, Severity: critical, Rules: 1",b08c8b927f7bbe32
2026-01-16T16:20:47.344566Z,Rule Firing,drive-harddisk-system.svg,"Score: 95, Severity: critical, Rules: 1",0c26ff212943ab94
2026-01-16T16:20:47.344566Z,Rule Firing,drive-harddisk.svg,"Score: 95, Severity: critical, Rules: 1",75c878c59a121f3a
2026-01-16T16:20:47.344566Z,Rule Firing,drive-multidisk.svg,"Score: 95, Severity: critical, Rules: 1",53fc5d5e8a83fe15
2026-01-16T16:20:47.344566Z,Rule Firing,drive-optical.svg,"Score: 95, Severity: critical, Rules: 1",2cc302f07219c830
2026-01-16T16:20:47.344566Z,Rule Firing,drive-removable-media.svg,"Score: 95, Severity: critical, Rules: 1",cdb76d69e8029ba7
2026-01-16T16:20:47.344566Z,Rule Firing,icons8-hard-disk-48.png,"Score: 95, Severity: critical, Rules: 1",573416e798f3fe5d
2026-01-16T16:20:47.344566Z,Rule Firing,icons8-hard-disk-48_red.png,"Score: 95, Severity: critical, Rules: 1",52a143bc0c708de4
2026-01-16T16:20:47.344566Z,Rule Firing,input-keyboard.svg,"Score: 95, Severity: critical, Rules: 1",8af038a928c9d870
2026-01-16T16:20:47.344566Z,Rule Firing,input-mouse.svg,"Score: 95, Severity: critical, Rules: 1",f39c8e1aa2debb11
2026-01-16T16:20:47.344566Z,Rule Firing,input-tablet.svg,"Score: 95, Severity: critical, Rules: 1",d269b0654de2a8c6
2026-01-16T16:20:47.404817Z,Rule Firing,media-memory.svg,"Score: 95, Severity: critical, Rules: 1",d625541dac4b4469
2026-01-16T16:20:47.404817Z,Rule Firing,media-optical-audio.svg,"Score: 95, Severity: critical, Rules: 1",9210e26dff395243
2026-01-16T16:20:47.404817Z,Rule Firing,media-optical-video.svg,"Score: 95, Severity: critical, Rules: 1",cce84e3e52dfb208
2026-01-16T16:20:47.404817Z,Rule Firing,media-optical.svg,"Score: 95, Severity: critical, Rules: 1",5164a88bcbbc99d6
2026-01-16T16:20:47.404817Z,Rule Firing,multimedia-player.svg,"Score: 95, Severity: critical, Rules: 1",424d84b5413abfad
2026-01-16T16:20:47.404817Z,Rule Firing,network-wired.svg,"Score: 95, Severity: critical, Rules: 1",8b234b6ff5479579
2026-01-16T16:20:47.404817Z,Rule Firing,network-wireless.svg,"Score: 95, Severity: critical, Rules: 1",c663039648c67e2a
2026-01-16T16:20:47.404817Z,Rule Firing,phone.svg,"Score: 95, Severity: critical, Rules: 1",7d3e5a07f4060ce4
2026-01-16T16:20:47.404817Z,Rule Firing,printer-network.svg,"Score: 95, Severity: critical, Rules: 1",02d057c11bcc4cde
2026-01-16T16:20:47.404817Z,Rule Firing,printer.svg,"Score: 95, Severity: critical, Rules: 1",a0257d7cc1896433
2026-01-16T16:20:47.464381Z,Rule Firing,scanner.svg,"Score: 95, Severity: critical, Rules: 1",3fd3b02843990da8
2026-01-16T16:20:47.464381Z,Rule Firing,tablet.svg,"Score: 95, Severity: critical, Rules: 1",f2f72ff6e66be29c
2026-01-16T16:20:47.467097Z,Rule Firing,video-display.svg,"Score: 95, Severity: critical, Rules: 1",41ca810576924c28
2026-01-16T16:20:47.467097Z,Rule Firing,application-7zip.svg,"Score: 95, Severity: critical, Rules: 1",01fd82aac323842e
2026-01-16T16:20:47.474470Z,Rule Firing,application-json.svg,"Score: 95, Severity: critical, Rules: 1",5b7ea62ec47af1c2
2026-01-16T16:20:47.474470Z,Rule Firing,application-octet-stream.svg,"Score: 95, Severity: critical, Rules: 1",9506b78c2d00fce4
2026-01-16T16:20:47.474470Z,Rule Firing,application-pdf.svg,"Score: 95, Severity: critical, Rules: 1",55474f1f36c356e0
2026-01-16T16:20:47.474470Z,Rule Firing,application-pgp-encrypted.svg,"Score: 95, Severity: critical, Rules: 1",819be3b7f85aca70
2026-01-16T16:20:47.474470Z,Rule Firing,application-vnd.ms-access.svg,"Score: 95, Severity: critical, Rules: 1",8e82d946ced8d456
2026-01-16T16:20:47.474470Z,Rule Firing,application-vnd.ms-excel.svg,"Score: 95, Severity: critical, Rules: 1",8abbc6beddf40811
2026-01-16T16:20:47.530586Z,Rule Firing,application-vnd.ms-excel.template.macroenabled.12.svg,"Score: 95, Severity: critical, Rules: 1",2297b668e7454168
2026-01-16T16:20:47.534701Z,Rule Firing,application-vnd.ms-powerpoint.svg,"Score: 95, Severity: critical, Rules: 1",9e1d00dcde14637f
2026-01-16T16:20:47.534701Z,Rule Firing,application-vnd.ms-powerpoint.template.macroenabled.12.svg,"Score: 95, Severity: critical, Rules: 1",9105e4728e8d408c
2026-01-16T16:20:47.534701Z,Rule Firing,application-vnd.ms-word.svg,"Score: 95, Severity: critical, Rules: 1",497080ee057c1c87
2026-01-16T16:20:47.534701Z,Rule Firing,application-vnd.ms-word.template.macroenabled.12.svg,"Score: 95, Severity: critical, Rules: 1",51a5190fe8082a04
2026-01-16T16:20:47.534701Z,Rule Firing,application-x-arc.svg,"Score: 95, Severity: critical, Rules: 1",6e6cc515066a0b56
2026-01-16T16:20:47.534701Z,Rule Firing,application-x-archive.svg,"Score: 95, Severity: critical, Rules: 1",a44a73ba182df763
2026-01-16T16:20:47.534701Z,Rule Firing,application-x-arj.svg,"Score: 95, Severity: critical, Rules: 1",d297108be6a795be
2026-01-16T16:20:47.534701Z,Rule Firing,application-x-bzip.svg,"Score: 95, Severity: critical, Rules: 1",573061da3d7fab4f
2026-01-16T16:20:47.534701Z,Rule Firing,application-x-desktop.svg,"Score: 95, Severity: critical, Rules: 1",4a1a98da8dc4a13d
2026-01-16T16:20:47.594697Z,Rule Firing,application-x-executable.svg,"Score: 95, Severity: critical, Rules: 1",7b4da0a915591a8d
2026-01-16T16:20:47.594697Z,Rule Firing,application-x-gzip.svg,"Score: 95, Severity: critical, Rules: 1",533ad0d8f59f6fa0
2026-01-16T16:20:47.594697Z,Rule Firing,application-x-iso.svg,"Score: 95, Severity: critical, Rules: 1",27a31fff2a1092bf
2026-01-16T16:20:47.594697Z,Rule Firing,application-x-iso9660-appimage.svg,"Score: 95, Severity: critical, Rules: 1",a9f658bd82ba639e
2026-01-16T16:20:47.594697Z,Rule Firing,application-x-javascript.svg,"Score: 95, Severity: critical, Rules: 1",c852998c3ee1de5c
2026-01-16T16:20:47.594697Z,Rule Firing,application-x-ms-dos-executable.svg,"Score: 95, Severity: critical, Rules: 1",35c46cac300f60a4
2026-01-16T16:20:47.594697Z,Rule Firing,application-x-msi.svg,"Score: 95, Severity: critical, Rules: 1",c64a8bc2ab8ba119
2026-01-16T16:20:47.594697Z,Rule Firing,application-x-osm+xml.svg,"Score: 95, Severity: critical, Rules: 1",eecd7bcf343a99e2
2026-01-16T16:20:47.594697Z,Rule Firing,application-x-partial-download.svg,"Score: 95, Severity: critical, Rules: 1",f566b5026bf4a158
2026-01-16T16:20:47.594697Z,Rule Firing,application-x-perl.svg,"Score: 95, Severity: critical, Rules: 1",c24be9bdc784ba74
2026-01-16T16:20:47.658431Z,Rule Firing,application-x-plasma.svg,"Score: 95, Severity: critical, Rules: 1",a0efd6e0f8c6ae69
2026-01-16T16:20:47.658431Z,Rule Firing,application-x-rar.svg,"Score: 95, Severity: critical, Rules: 1",0ccb36bee567442e
2026-01-16T16:20:47.658431Z,Rule Firing,application-x-sharedlib.svg,"Score: 95, Severity: critical, Rules: 1",5cf267735f6abf42
2026-01-16T16:20:47.658431Z,Rule Firing,application-x-shellscript.svg,"Score: 95, Severity: critical, Rules: 1",fe6ea823c7335094
2026-01-16T16:20:47.658431Z,Rule Firing,application-x-tar.svg,"Score: 95, Severity: critical, Rules: 1",32e31e93a50e1c2c
2026-01-16T16:20:47.658431Z,Rule Firing,application-x-theme.svg,"Score: 95, Severity: critical, Rules: 1",43ce5dffec0c147a
2026-01-16T16:20:47.658431Z,Rule Firing,application-x-trash.svg,"Score: 95, Severity: critical, Rules: 1",c1a8970c54f99873
2026-01-16T16:20:47.664611Z,Rule Firing,application-x-xz-compressed-tar.svg,"Score: 95, Severity: critical, Rules: 1",b1908d9304664427
2026-01-16T16:20:47.664611Z,Rule Firing,application-x-xz.svg,"Score: 95, Severity: critical, Rules: 1",855f83fcdd8e467b
2026-01-16T16:20:47.664611Z,Rule Firing,application-x-zerosize.svg,"Score: 95, Severity: critical, Rules: 1",df07e25076ea4e5f
2026-01-16T16:20:47.725468Z,Rule Firing,application-x-zoo.svg,"Score: 95, Severity: critical, Rules: 1",73e24f71367f65da
2026-01-16T16:20:47.726240Z,Rule Firing,application-xml.svg,"Score: 95, Severity: critical, Rules: 1",cf87ec776340b8e9
2026-01-16T16:20:47.726240Z,Rule Firing,application-zip.svg,"Score: 95, Severity: critical, Rules: 1",111b3963c39598bc
2026-01-16T16:20:47.726240Z,Rule Firing,audio-x-flac.svg,"Score: 95, Severity: critical, Rules: 1",914e04db6e241369
2026-01-16T16:20:47.726240Z,Rule Firing,audio-x-generic.svg,"Score: 95, Severity: critical, Rules: 1",b20fd4504bb8bec1
2026-01-16T16:20:47.726240Z,Rule Firing,font-x-generic.svg,"Score: 95, Severity: critical, Rules: 1",567908a00d7f272b
2026-01-16T16:20:47.726240Z,Rule Firing,image-svg+xml-compressed.svg,"Score: 95, Severity: critical, Rules: 1",aa946f7a5385b23f
2026-01-16T16:20:47.726240Z,Rule Firing,image-svg+xml.svg,"Score: 95, Severity: critical, Rules: 1",2017182fcfddbc63
2026-01-16T16:20:47.726240Z,Rule Firing,image-x-generic.svg,"Score: 95, Severity: critical, Rules: 1",1d7483a101627f23
2026-01-16T16:20:47.726240Z,Rule Firing,inode-symlink.svg,"Score: 95, Severity: critical, Rules: 1",b275cdb38e5b936d
2026-01-16T16:20:47.785669Z,Rule Firing,package-x-generic.svg,"Score: 95, Severity: critical, Rules: 1",24df213656991bbb
2026-01-16T16:20:47.785669Z,Rule Firing,text-css.svg,"Score: 95, Severity: critical, Rules: 1",33de30ead897b925
2026-01-16T16:20:47.785669Z,Rule Firing,text-richtext.svg,"Score: 95, Severity: critical, Rules: 1",8b983f1592f30eb0
2026-01-16T16:20:47.785669Z,Rule Firing,text-rust.svg,"Score: 95, Severity: critical, Rules: 1",40cde43e5da756a7
2026-01-16T16:20:47.785669Z,Rule Firing,text-x-generic.svg,"Score: 95, Severity: critical, Rules: 1",b65b3aaa9d27b236
2026-01-16T16:20:47.785669Z,Rule Firing,text-x-html.svg,"Score: 95, Severity: critical, Rules: 1",4c588be227bbfe2f
2026-01-16T16:20:47.785669Z,Rule Firing,text-x-install.svg,"Score: 95, Severity: critical, Rules: 1",d01fb4bdb8dab008
2026-01-16T16:20:47.785669Z,Rule Firing,text-x-java.svg,"Score: 95, Severity: critical, Rules: 1",f278fb7a65dc30bb
2026-01-16T16:20:47.785669Z,Rule Firing,text-x-markdown.svg,"Score: 95, Severity: critical, Rules: 1",d9b85adde0d19b86
2026-01-16T16:20:47.785669Z,Rule Firing,text-x-python.svg,"Score: 95, Severity: critical, Rules: 1",40a34bb0e8ca1831
2026-01-16T16:20:47.845810Z,Rule Firing,text-x-script.svg,"Score: 95, Severity: critical, Rules: 1",4db3febd7d4ce30a
2026-01-16T16:20:47.845810Z,Rule Firing,unknown.svg,"Score: 95, Severity: critical, Rules: 1",5d6fbda835cf3b75
2026-01-16T16:20:47.845810Z,Rule Firing,video-x-generic.svg,"Score: 95, Severity: critical, Rules: 1",8f2c6e3be6690f5f
2026-01-16T16:20:47.849369Z,Rule Firing,folder-blue.svg,"Score: 95, Severity: critical, Rules: 1",8ada96582c3d868b
2026-01-16T16:20:47.849369Z,Rule Firing,folder-documents.svg,"Score: 95, Severity: critical, Rules: 1",041a743308a482f9
2026-01-16T16:20:47.854574Z,Rule Firing,folder-download.svg,"Score: 95, Severity: critical, Rules: 1",c75589e913ce41d0
2026-01-16T16:20:47.854574Z,Rule Firing,folder-games.svg,"Score: 95, Severity: critical, Rules: 1",aa80de8e124eb17c
2026-01-16T16:20:47.854574Z,Rule Firing,folder-green.svg,"Score: 95, Severity: critical, Rules: 1",81846a1bace62458
2026-01-16T16:20:47.854574Z,Rule Firing,folder-grey.svg,"Score: 95, Severity: critical, Rules: 1",f5db4bc5df46948b
2026-01-16T16:20:47.854574Z,Rule Firing,folder-mega.svg,"Score: 95, Severity: critical, Rules: 1",7bff04169056e775
2026-01-16T16:20:47.912957Z,Rule Firing,folder-music.svg,"Score: 95, Severity: critical, Rules: 1",4872de7594924133
2026-01-16T16:20:47.912957Z,Rule Firing,folder-network-open.svg,"Score: 95, Severity: critical, Rules: 1",deb674887605cb0f
2026-01-16T16:20:47.914463Z,Rule Firing,folder-network.svg,"Score: 95, Severity: critical, Rules: 1",2e89f6ed05a87181
2026-01-16T16:20:47.914463Z,Rule Firing,folder-onedrive.svg,"Score: 95, Severity: critical, Rules: 1",002fa0d5e03b975c
2026-01-16T16:20:47.914463Z,Rule Firing,folder-open.svg,"Score: 95, Severity: critical, Rules: 1",5630c768de149ef1
2026-01-16T16:20:47.916569Z,Rule Firing,folder-pictures.svg,"Score: 95, Severity: critical, Rules: 1",d67b8ebb2fa493f2
2026-01-16T16:20:47.916569Z,Rule Firing,folder-purple.svg,"Score: 95, Severity: critical, Rules: 1",1d41fb79bfc24ac6
2026-01-16T16:20:47.916569Z,Rule Firing,folder-red.svg,"Score: 95, Severity: critical, Rules: 1",6d6accbec125ba9d
2026-01-16T16:20:47.916569Z,Rule Firing,folder-temp.svg,"Score: 95, Severity: critical, Rules: 1",4068c5a23a92ac51
2026-01-16T16:20:47.916569Z,Rule Firing,folder-template.svg,"Score: 95, Severity: critical, Rules: 1",bc496c9c128ef5c4
2026-01-16T16:20:47.976152Z,Rule Firing,folder-text.svg,"Score: 95, Severity: critical, Rules: 1",a5bdbc4449b0f5eb
2026-01-16T16:20:47.976152Z,Rule Firing,folder-vbox.svg,"Score: 95, Severity: critical, Rules: 1",4fab167b7d55bd8d
2026-01-16T16:20:47.976152Z,Rule Firing,folder-videos.svg,"Score: 95, Severity: critical, Rules: 1",0b7c20d3db82c23c
2026-01-16T16:20:47.976152Z,Rule Firing,folder.svg,"Score: 95, Severity: critical, Rules: 1",de15ba4068958100
2026-01-16T16:20:47.976152Z,Rule Firing,network-workgroup.svg,"Score: 95, Severity: critical, Rules: 1",380e5b3242ec3889
2026-01-16T16:20:47.976152Z,Rule Firing,start-here-kde.svg,"Score: 95, Severity: critical, Rules: 1",9aa77aab83ad1230
2026-01-16T16:20:47.976152Z,Rule Firing,start-here.svg,"Score: 95, Severity: critical, Rules: 1",569eab65244716e1
2026-01-16T16:20:47.976152Z,Rule Firing,user-desktop.svg,"Score: 95, Severity: critical, Rules: 1",344a133d9fa618e2
2026-01-16T16:20:47.976152Z,Rule Firing,user-home.svg,"Score: 95, Severity: critical, Rules: 1",850a1e5031a15094
2026-01-16T16:20:47.984479Z,Rule Firing,user-trash-full.svg,"Score: 95, Severity: critical, Rules: 1",38f99e96d25e4bd0
2026-01-16T16:20:48.046004Z,Rule Firing,user-trash.svg,"Score: 95, Severity: critical, Rules: 1",e5a37ddd05cd52a7
2026-01-16T16:20:48.046004Z,Rule Firing,carving.png,"Score: 95, Severity: critical, Rules: 1",dcefdd74ba372e89
2026-01-16T16:20:48.046004Z,Rule Firing,file_search.png,"Score: 95, Severity: critical, Rules: 1",495e9e734f10c237
2026-01-16T16:20:48.046004Z,Rule Firing,kali.png,"Score: 95, Severity: critical, Rules: 1",54d68ddf021788a0
2026-01-16T16:20:48.046004Z,Rule Firing,macos.png,"Score: 95, Severity: critical, Rules: 1",16d21d725f0bc5a8
2026-01-16T16:20:48.054472Z,Rule Firing,Preview_Dark.png,"Score: 95, Severity: critical, Rules: 1",81e152847bf6484c
2026-01-16T16:20:48.054472Z,Rule Firing,Preview_Light.png,"Score: 95, Severity: critical, Rules: 1",328f3368cedb97db
2026-01-16T16:20:48.055512Z,Rule Firing,registry.png,"Score: 95, Severity: critical, Rules: 1",d095b46b0090ff1f
2026-01-16T16:20:48.055512Z,Rule Firing,trace_verify.png,"Score: 95, Severity: critical, Rules: 1",a87e73f2d6d41d9d
2026-01-16T16:20:48.055512Z,Rule Firing,windows10.png,"Score: 95, Severity: critical, Rules: 1",56ba1804ae8e4b3b
2026-01-16T16:20:48.124526Z,Rule Firing,wsl3.png,"Score: 95, Severity: critical, Rules: 1",8ce221e9f996642b
2026-01-16T16:20:48.128661Z,Rule Firing,avatar-default.svg,"Score: 95, Severity: critical, Rules: 1",96e30ef60aa0c3de
2026-01-16T16:20:48.128661Z,Rule Firing,dialog-error.svg,"Score: 95, Severity: critical, Rules: 1",ec79000f4b18ba49
2026-01-16T16:20:48.128661Z,Rule Firing,dialog-information.svg,"Score: 95, Severity: critical, Rules: 1",469a6ffa50b5adce
2026-01-16T16:20:48.130675Z,Rule Firing,dialog-password.svg,"Score: 95, Severity: critical, Rules: 1",b029f7da4226e10a
2026-01-16T16:20:48.130675Z,Rule Firing,dialog-question.svg,"Score: 95, Severity: critical, Rules: 1",a4908fefc05d6c74
2026-01-16T16:20:48.130675Z,Rule Firing,dialog-warning.svg,"Score: 95, Severity: critical, Rules: 1",808740146f40e3cb
2026-01-16T16:20:48.132687Z,Rule Firing,image-loading.svg,"Score: 95, Severity: critical, Rules: 1",ca5fe603049bbe92
2026-01-16T16:20:48.132687Z,Rule Firing,image-missing.svg,"Score: 95, Severity: critical, Rules: 1",b9e01d9ffad4ac2c
2026-01-16T16:20:48.132687Z,Rule Firing,rating-unrated.svg,"Score: 95, Severity: critical, Rules: 1",2c3fc69857d6f873
2026-01-16T16:20:48.208495Z,Rule Firing,rating.svg,"Score: 95, Severity: critical, Rules: 1",9c8579f8cbb74fd1
2026-01-16T16:20:48.210507Z,Rule Firing,security-low.svg,"Score: 95, Severity: critical, Rules: 1",190514665e11da49
2026-01-16T16:20:48.210507Z,Rule Firing,security-medium.svg,"Score: 95, Severity: critical, Rules: 1",6bd6d7bb192b2f7c
2026-01-16T16:20:48.210507Z,Rule Firing,system-lock-screen.svg,"Score: 95, Severity: critical, Rules: 1",80051dba0efde38e
2026-01-16T16:20:48.212522Z,Rule Firing,system-log-out.svg,"Score: 95, Severity: critical, Rules: 1",65ce226575e8b03d
2026-01-16T16:20:48.212522Z,Rule Firing,system-reboot.svg,"Score: 95, Severity: critical, Rules: 1",ca72f491cc3a88c6
2026-01-16T16:20:48.214628Z,Rule Firing,system-shutdown.svg,"Score: 95, Severity: critical, Rules: 1",4e2f001a8e40ece1
2026-01-16T16:20:48.214628Z,Rule Firing,folder-grey.svg,"Score: 95, Severity: critical, Rules: 1",0a28add91cd1efb6
2026-01-16T16:20:48.214628Z,Rule Firing,icons8-audio-50.png,"Score: 95, Severity: critical, Rules: 1",f11f4e1fc54baaf6
2026-01-16T16:20:48.214628Z,Rule Firing,icons8-carving-64.png,"Score: 95, Severity: critical, Rules: 1",7fd4b1495c185c5c
2026-01-16T16:20:48.274446Z,Rule Firing,icons8-circled-play-50.png,"Score: 95, Severity: critical, Rules: 1",31bd9eb9207d341b
2026-01-16T16:20:48.274446Z,Rule Firing,icons8-clear-search-50.png,"Score: 95, Severity: critical, Rules: 1",d0760da346574a2b
2026-01-16T16:20:48.274446Z,Rule Firing,icons8-close-50.png,"Score: 95, Severity: critical, Rules: 1",35a3332eaddb63c1
2026-01-16T16:20:48.274446Z,Rule Firing,icons8-down-50.png,"Score: 95, Severity: critical, Rules: 1",cf52f5b114eacbb5
2026-01-16T16:20:48.274446Z,Rule Firing,icons8-download-50.png,"Score: 95, Severity: critical, Rules: 1",d1e27d5e0b8a9084
2026-01-16T16:20:48.279307Z,Rule Firing,icons8-drag-50.png,"Score: 95, Severity: critical, Rules: 1",c9f2ce64012a25c4
2026-01-16T16:20:48.279307Z,Rule Firing,icons8-drag-and-drop-50.png,"Score: 95, Severity: critical, Rules: 1",fb232a3645c1b6fe
2026-01-16T16:20:48.279307Z,Rule Firing,icons8-dropdown-48.png,"Score: 95, Severity: critical, Rules: 1",4fb5572a2bb36d2e
2026-01-16T16:20:48.279307Z,Rule Firing,icons8-enlarge-50.png,"Score: 95, Severity: critical, Rules: 1",4fd6020cc509050d
2026-01-16T16:20:48.284460Z,Rule Firing,icons8-evidence-48.png,"Score: 95, Severity: critical, Rules: 1",134eb6446d41b342
2026-01-16T16:20:48.344574Z,Rule Firing,icons8-evidence-96.png,"Score: 95, Severity: critical, Rules: 1",c0df8f5588865a25
2026-01-16T16:20:48.346191Z,Rule Firing,icons8-fast-forward-round-50.png,"Score: 95, Severity: critical, Rules: 1",22d08f7be31c7809
2026-01-16T16:20:48.346191Z,Rule Firing,icons8-help-50.png,"Score: 95, Severity: critical, Rules: 1",344febe3321444a2
2026-01-16T16:20:48.346191Z,Rule Firing,icons8-hive-48.png,"Score: 95, Severity: critical, Rules: 1",76b74ee65863a7c4
2026-01-16T16:20:48.346191Z,Rule Firing,icons8-info-50.png,"Score: 95, Severity: critical, Rules: 1",fb3b815dd69221a9
2026-01-16T16:20:48.346191Z,Rule Firing,icons8-key-48_blue.png,"Score: 95, Severity: critical, Rules: 1",2e056226876afc82
2026-01-16T16:20:48.346191Z,Rule Firing,icons8-large-icons-50.png,"Score: 95, Severity: critical, Rules: 1",c4a55a56e5c298e8
2026-01-16T16:20:48.346191Z,Rule Firing,icons8-left-arrow-50.png,"Score: 95, Severity: critical, Rules: 1",6b9f554251337f8f
2026-01-16T16:20:48.346191Z,Rule Firing,icons8-low-volume-50.png,"Score: 95, Severity: critical, Rules: 1",f5c52fbdd0463982
2026-01-16T16:20:48.346191Z,Rule Firing,icons8-medium-icons-50.png,"Score: 95, Severity: critical, Rules: 1",7e60a0426c32c567
2026-01-16T16:20:48.406288Z,Rule Firing,icons8-minimize-window-50.png,"Score: 95, Severity: critical, Rules: 1",e1f4c25c96e5f189
2026-01-16T16:20:48.406288Z,Rule Firing,icons8-mute-50.png,"Score: 95, Severity: critical, Rules: 1",7504e1a50fb2c1f8
2026-01-16T16:20:48.406288Z,Rule Firing,icons8-no-rotation-50.png,"Score: 95, Severity: critical, Rules: 1",8f0e0f2fffb96f8a
2026-01-16T16:20:48.406288Z,Rule Firing,icons8-pause-button-50.png,"Score: 95, Severity: critical, Rules: 1",6cc67879d32b75e7
2026-01-16T16:20:48.414324Z,Rule Firing,icons8-piece-of-evidence-50.png,"Score: 95, Severity: critical, Rules: 1",e6cb7f8559439f20
2026-01-16T16:20:48.414324Z,Rule Firing,icons8-print-50.png,"Score: 95, Severity: critical, Rules: 1",efead6f860ff5e95
2026-01-16T16:20:48.414324Z,Rule Firing,icons8-registry-editor-96.png,"Score: 95, Severity: critical, Rules: 1",e9a3ef2c5a26d3c7
2026-01-16T16:20:48.414324Z,Rule Firing,icons8-resize-horizontal-50.png,"Score: 95, Severity: critical, Rules: 1",a579e4f8e1d22b17
2026-01-16T16:20:48.414324Z,Rule Firing,icons8-right-arrow-50.png,"Score: 95, Severity: critical, Rules: 1",d59029caae7bd8e3
2026-01-16T16:20:48.414324Z,Rule Firing,icons8-rotate-left-50.png,"Score: 95, Severity: critical, Rules: 1",0e4abbf7cdfdc939
2026-01-16T16:20:48.474590Z,Rule Firing,icons8-rotate-right-50.png,"Score: 95, Severity: critical, Rules: 1",5de82292f90410b3
2026-01-16T16:20:48.474590Z,Rule Firing,icons8-save-as-50.png,"Score: 95, Severity: critical, Rules: 1",38d4f3aac0a584e2
2026-01-16T16:20:48.474590Z,Rule Firing,icons8-search-in-browser-50.png,"Score: 95, Severity: critical, Rules: 1",7e14a59cef585d97
2026-01-16T16:20:48.474590Z,Rule Firing,icons8-small-icons-50.png,"Score: 95, Severity: critical, Rules: 1",c50c7a4f9b532dc3
2026-01-16T16:20:48.474590Z,Rule Firing,icons8-stop-circled-50.png,"Score: 95, Severity: critical, Rules: 1",a7047c630e8047cb
2026-01-16T16:20:48.474590Z,Rule Firing,icons8-thick-arrow-pointing-up-50.png,"Score: 95, Severity: critical, Rules: 1",d30624b3d02fdb12
2026-01-16T16:20:48.474590Z,Rule Firing,icons8-tick-48.png,"Score: 95, Severity: critical, Rules: 1",0c2c468a89cb029e
2026-01-16T16:20:48.474590Z,Rule Firing,icons8-verify-48_blue.png,"Score: 95, Severity: critical, Rules: 1",700e5a9918ab51d1
2026-01-16T16:20:48.474590Z,Rule Firing,icons8-verify-48_gren.png,"Score: 95, Severity: critical, Rules: 1",f9c23ad823076bf5
2026-01-16T16:20:48.482871Z,Rule Firing,icons8-verify-blue.png,"Score: 95, Severity: critical, Rules: 1",ce9814d371eb9912
2026-01-16T16:20:48.537816Z,Rule Firing,icons8-wasp-48.png,"Score: 95, Severity: critical, Rules: 1",3930008bba91c09f
2026-01-16T16:20:48.544469Z,Rule Firing,icons8-zoom-in-50.png,"Score: 95, Severity: critical, Rules: 1",7ac7e04a7c61a895
2026-01-16T16:20:48.544469Z,Rule Firing,icons8-zoom-out-50.png,"Score: 95, Severity: critical, Rules: 1",b787ab1c0f2662de
2026-01-16T16:20:48.544469Z,Rule Firing,icons8-zoom-to-actual-size-50.png,"Score: 95, Severity: critical, Rules: 1",454c1e943f4ce300
2026-01-16T16:20:48.546535Z,Rule Firing,logo.ico,"Score: 95, Severity: critical, Rules: 1",e195670fb7e134d0
2026-01-16T16:20:48.546535Z,Rule Firing,logo.png,"Score: 95, Severity: critical, Rules: 1",b465496c4fe2c97d
2026-01-16T16:20:48.546535Z,Rule Firing,logo_veriphone.png,"Score: 95, Severity: critical, Rules: 1",34b17efdb7999bbd
2026-01-16T16:20:48.546535Z,Rule Firing,start-here.svg,"Score: 95, Severity: critical, Rules: 1",7583ac4e7496e8de
2026-01-16T16:20:48.546535Z,Rule Firing,VirusTotal_logo.svg,"Score: 95, Severity: critical, Rules: 1",da1317a7cc23ba7b
2026-01-16T16:20:48.546535Z,Rule Firing,default_index.json,"Score: 95, Severity: critical, Rules: 1",6b9a4551be47cf48
2026-01-16T16:20:48.606565Z,Rule Firing,test_case_001_ai.jsonl,"Score: 95, Severity: critical, Rules: 1",a38769b1ba09745a
2026-01-16T16:20:48.606565Z,Rule Firing,test_case_001_audit_20251125_133543.json,"Score: 95, Severity: critical, Rules: 1",14586ded62773ad1
2026-01-16T16:20:48.608571Z,Rule Firing,test_case_001_rules.jsonl,"Score: 95, Severity: critical, Rules: 1",c795c95e8d9f6bf7
2026-01-16T16:20:48.608571Z,Rule Firing,default_ai.jsonl,"Score: 95, Severity: critical, Rules: 1",ffc2f5b3594cba21
2026-01-16T16:20:48.608571Z,Rule Firing,default_rules.jsonl,"Score: 95, Severity: critical, Rules: 1",a4e1a99833884cb0
2026-01-16T16:20:48.610577Z,Rule Firing,test_high_001_ai.jsonl,"Score: 95, Severity: critical, Rules: 1",b8879c115dde6822
2026-01-16T16:20:48.610577Z,Rule Firing,ai_service.py,"Score: 95, Severity: critical, Rules: 1",6ec997084910ead8
2026-01-16T16:20:48.613112Z,Rule Firing,ai_service.cpython-311.pyc,"Score: 95, Severity: critical, Rules: 1",0afe29262fd90669
2026-01-16T16:20:48.614617Z,Rule Firing,audit_logger.cpython-311.pyc,"Score: 95, Severity: critical, Rules: 1",257eb75bebf20cdc
2026-01-16T16:20:48.614617Z,Rule Firing,block_map.cpython-311.pyc,"Score: 95, Severity: critical, Rules: 1",93bcc3458f0c4b57
2026-01-16T16:20:48.679469Z,Rule Firing,confidence_tracker.cpython-311.pyc,"Score: 95, Severity: critical, Rules: 1",103b106a17aae624
2026-01-16T16:20:48.680475Z,Rule Firing,database_manager.cpython-311.pyc,"Score: 95, Severity: critical, Rules: 1",2f7018b4772e9c7d
2026-01-16T16:20:48.680475Z,Rule Firing,evidence_utils.cpython-311.pyc,"Score: 95, Severity: critical, Rules: 1",c9174ee517c47a09
2026-01-16T16:20:48.680475Z,Rule Firing,image_manager.cpython-311.pyc,"Score: 95, Severity: critical, Rules: 1",188683f67cb257f0
2026-01-16T16:20:48.680475Z,Rule Firing,media_detector.cpython-311.pyc,"Score: 95, Severity: critical, Rules: 1",fafe64fb48a8aa8c
2026-01-16T16:20:48.684269Z,Rule Firing,notes_manager.cpython-311.pyc,"Score: 95, Severity: critical, Rules: 1",c8718d7dcbbca8a3
2026-01-16T16:20:48.685306Z,Rule Firing,pe_signature_verifier.cpython-311.pyc,"Score: 95, Severity: critical, Rules: 1",681fddf0efef40e0
2026-01-16T16:20:48.685306Z,Rule Firing,risk_scorer.cpython-311.pyc,"Score: 95, Severity: critical, Rules: 1",3bd66edba6226b18
2026-01-16T16:20:48.685306Z,Rule Firing,rule_config_manager.cpython-311.pyc,"Score: 95, Severity: critical, Rules: 1",872f7842abb7d9b1
2026-01-16T16:20:48.685306Z,Rule Firing,virustotal_checker.cpython-311.pyc,"Score: 95, Severity: critical, Rules: 1",b9e6d70458146a40
2026-01-16T16:20:48.746759Z,Rule Firing,whitelist_manager.cpython-311.pyc,"Score: 95, Severity: critical, Rules: 1",8c98c1cb08e3a16c
2026-01-16T16:20:48.746759Z,Rule Firing,audit_logger.py,"Score: 95, Severity: critical, Rules: 1",5122563f181ff705
2026-01-16T16:20:48.746759Z,Rule Firing,block_map.py,"Score: 95, Severity: critical, Rules: 1",9b73d054bcf75142
2026-01-16T16:20:48.746759Z,Rule Firing,confidence_tracker.py,"Score: 95, Severity: critical, Rules: 1",3ba6c380523c14e3
2026-01-16T16:20:48.746759Z,Rule Firing,database_manager.py,"Score: 95, Severity: critical, Rules: 1",efe3050ddae69eaa
2026-01-16T16:20:48.749809Z,Rule Firing,evidence_utils.py,"Score: 95, Severity: critical, Rules: 1",005bcdee27942681
2026-01-16T16:20:48.749809Z,Rule Firing,image_manager.py,"Score: 95, Severity: critical, Rules: 1",7eabd3895f7b740b
2026-01-16T16:20:48.749809Z,Rule Firing,media_detector.py,"Score: 95, Severity: critical, Rules: 1",d3f41740f2035885
2026-01-16T16:20:48.749809Z,Rule Firing,notes_manager.py,"Score: 95, Severity: critical, Rules: 1",769b02388d2cdb9a
2026-01-16T16:20:48.749809Z,Rule Firing,pe_signature_verifier.py,"Score: 95, Severity: critical, Rules: 1",887c36d167d67080
2026-01-16T16:20:48.809529Z,Rule Firing,risk_scorer.py,"Score: 95, Severity: critical, Rules: 1",d5802135e1e01535
2026-01-16T16:20:48.809529Z,Rule Firing,rule_config_manager.py,"Score: 95, Severity: critical, Rules: 1",91ebb4e349c68653
2026-01-16T16:20:48.814242Z,Rule Firing,virustotal_checker.py,"Score: 95, Severity: critical, Rules: 1",87996a60a687d3e0
2026-01-16T16:20:48.814242Z,Rule Firing,whitelist_manager.py,"Score: 95, Severity: critical, Rules: 1",7251fb2598abf634
2026-01-16T16:20:48.814242Z,Rule Firing,mainwindow.py,"Score: 95, Severity: critical, Rules: 1",ee919b8bd2236c77
2026-01-16T16:20:48.814242Z,Rule Firing,mainwindow.cpython-311.pyc,"Score: 95, Severity: critical, Rules: 1",83a747ec34a91488
2026-01-16T16:20:48.814242Z,Rule Firing,about.cpython-311.pyc,"Score: 95, Severity: critical, Rules: 1",2e79edbe066d0e12
2026-01-16T16:20:48.814242Z,Rule Firing,acquire.cpython-311.pyc,"Score: 95, Severity: critical, Rules: 1",a44c6041aff60ad3
2026-01-16T16:20:48.814242Z,Rule Firing,acquire_dialog.cpython-311.pyc,"Score: 95, Severity: critical, Rules: 1",d1cc63dfb19640e9
2026-01-16T16:20:48.814242Z,Rule Firing,case_audit_tab.cpython-311.pyc,"Score: 95, Severity: critical, Rules: 1",129b5a95cd57c10d
2026-01-16T16:20:48.878865Z,Rule Firing,converter.cpython-311.pyc,"Score: 95, Severity: critical, Rules: 1",95651f3995190e5f
2026-01-16T16:20:48.880871Z,Rule Firing,exif_tab.cpython-311.pyc,"Score: 95, Severity: critical, Rules: 1",54f45e1a1467851a
2026-01-16T16:20:48.880871Z,Rule Firing,file_carving.cpython-311.pyc,"Score: 95, Severity: critical, Rules: 1",edd45939bdd73838
2026-01-16T16:20:48.880871Z,Rule Firing,forensic_report_generator.cpython-311.pyc,"Score: 95, Severity: critical, Rules: 1",4d9b3db7b19045de
2026-01-16T16:20:48.882877Z,Rule Firing,hex_tab.cpython-311.pyc,"Score: 95, Severity: critical, Rules: 1",e34de6d3275d41df
2026-01-16T16:20:48.882877Z,Rule Firing,iso_derivation_dialog.cpython-311.pyc,"Score: 95, Severity: critical, Rules: 1",8bc9131c2d334f82
2026-01-16T16:20:48.882877Z,Rule Firing,list_files.cpython-311.pyc,"Score: 95, Severity: critical, Rules: 1",91a3d1892a19189f
2026-01-16T16:20:48.884390Z,Rule Firing,metadata_tab.cpython-311.pyc,"Score: 95, Severity: critical, Rules: 1",69d225e051b09d6a
2026-01-16T16:20:48.884390Z,Rule Firing,priority_tab.cpython-311.pyc,"Score: 95, Severity: critical, Rules: 1",1eeaf78ca226db9a
2026-01-16T16:20:48.884390Z,Rule Firing,registry.cpython-311.pyc,"Score: 95, Severity: critical, Rules: 1",91ab6e837dbd5478
2026-01-16T16:20:48.937376Z,Rule Firing,report_generator_dialog.cpython-311.pyc,"Score: 95, Severity: critical, Rules: 1",85bd3bd7989cbe75
2026-01-16T16:20:48.944280Z,Rule Firing,text_tab.cpython-311.pyc,"Score: 95, Severity: critical, Rules: 1",86424f1f80cfcab5
2026-01-16T16:20:48.944280Z,Rule Firing,unified_application_manager.cpython-311.pyc,"Score: 95, Severity: critical, Rules: 1",9e35b581b44123ca
2026-01-16T16:20:48.944280Z,Rule Firing,verification.cpython-311.pyc,"Score: 95, Severity: critical, Rules: 1",a8e337df0430edff
2026-01-16T16:20:48.944280Z,Rule Firing,veriphone_api.cpython-311.pyc,"Score: 95, Severity: critical, Rules: 1",b72047366ee6b03d
2026-01-16T16:20:48.944280Z,Rule Firing,virus_total_tab.cpython-311.pyc,"Score: 95, Severity: critical, Rules: 1",ca9d5efb218a6da8
2026-01-16T16:20:48.944280Z,Rule Firing,about.py,"Score: 95, Severity: critical, Rules: 1",95f2d3fdb4ba23c2
2026-01-16T16:20:48.947174Z,Rule Firing,acquire.py,"Score: 95, Severity: critical, Rules: 1",f79eed50cee2719f
2026-01-16T16:20:48.947174Z,Rule Firing,acquire_dialog.py,"Score: 95, Severity: critical, Rules: 1",490bb3d8fd5d028a
2026-01-16T16:20:48.947174Z,Rule Firing,case_audit_tab.py,"Score: 95, Severity: critical, Rules: 1",a29a77f943099a2d
2026-01-16T16:20:49.000523Z,Rule Firing,converter.py,"Score: 95, Severity: critical, Rules: 1",661de055fed8b2c3
2026-01-16T16:20:49.004699Z,Rule Firing,exif_tab.py,"Score: 95, Severity: critical, Rules: 1",6b8d96c02c31d653
2026-01-16T16:20:49.004699Z,Rule Firing,file_carving.py,"Score: 95, Severity: critical, Rules: 1",1190f54844f55d25
2026-01-16T16:20:49.006638Z,Rule Firing,forensic_report_generator.py,"Score: 95, Severity: critical, Rules: 1",c94585fc2181adae
2026-01-16T16:20:49.006638Z,Rule Firing,hex_tab.py,"Score: 95, Severity: critical, Rules: 1",f2b0c1dc79678463
2026-01-16T16:20:49.006638Z,Rule Firing,list_files.py,"Score: 95, Severity: critical, Rules: 1",17d2abbdd7c41632
2026-01-16T16:20:49.006638Z,Rule Firing,metadata_tab.py,"Score: 95, Severity: critical, Rules: 1",7432eb191342cb32
2026-01-16T16:20:49.006638Z,Rule Firing,priority_tab.py,"Score: 95, Severity: critical, Rules: 1",806c52574eae2549
2026-01-16T16:20:49.006638Z,Rule Firing,registry.py,"Score: 95, Severity: critical, Rules: 1",099651d17cb242ae
2026-01-16T16:20:49.006638Z,Rule Firing,report_generator_dialog.py,"Score: 95, Severity: critical, Rules: 1",ddfaed4dad258155
2026-01-16T16:20:49.064481Z,Rule Firing,text_tab.py,"Score: 95, Severity: critical, Rules: 1",3ea1761685d4fe58
2026-01-16T16:20:49.064481Z,Rule Firing,unified_application_manager.py,"Score: 95, Severity: critical, Rules: 1",da94a29262240b28
2026-01-16T16:20:49.064481Z,Rule Firing,verification.py,"Score: 95, Severity: critical, Rules: 1",3b94d852f2c761c2
2026-01-16T16:20:49.064481Z,Rule Firing,veriphone_api.py,"Score: 95, Severity: critical, Rules: 1",b23676146e2d27b2
2026-01-16T16:20:49.064481Z,Rule Firing,virus_total_tab.py,"Score: 95, Severity: critical, Rules: 1",08bc5e56e37a6e32
2026-01-16T16:20:49.064481Z,Rule Firing,dark_theme.qss,"Score: 95, Severity: critical, Rules: 1",33c98f03fda84244
2026-01-16T16:20:49.064481Z,Rule Firing,light_theme.qss,"Score: 95, Severity: critical, Rules: 1",99283d69a85cff24
2026-01-16T16:20:49.074655Z,Rule Firing,test_acquire.cpython-311-pytest-8.4.2.pyc,"Score: 95, Severity: critical, Rules: 1",d914e1254831ea7f
2026-01-16T16:20:49.074655Z,Rule Firing,test_forensic_iso_tool.cpython-311.pyc,"Score: 95, Severity: critical, Rules: 1",80a1cce81e0deda5
2026-01-16T16:20:49.074655Z,Rule Firing,test_mindmap_unlimited.cpython-311.pyc,"Score: 95, Severity: critical, Rules: 1",6f562d85af53605d
2026-01-16T16:20:49.134720Z,Rule Firing,test_acquire.py,"Score: 95, Severity: critical, Rules: 1",000547aa0a0363d6
2026-01-16T16:20:49.134720Z,Rule Firing,test_mindmap_unlimited.py,"Score: 95, Severity: critical, Rules: 1",52209fe360f44968
2026-01-16T16:20:49.134720Z,Rule Firing,test_report_generator.py,"Score: 95, Severity: critical, Rules: 1",4d59cbf4edd73d8f
2026-01-16T16:20:49.134720Z,Rule Firing,aim_cli.runtimeconfig.json,"Score: 75, Severity: high, Rules: 1",a29f5ed9056e2e19
2026-01-16T16:20:49.134720Z,Rule Firing,ArsenalImageMounter.runtimeconfig.json,"Score: 75, Severity: high, Rules: 1",014e8aa84b3feefe
2026-01-16T16:20:49.144527Z,Rule Firing,lzfse-net.dll,"Score: 55, Severity: medium, Rules: 1",3f4247aa6310f9ae
2026-01-16T16:20:49.147640Z,Rule Firing,bzip2.dll,"Score: 95, Severity: critical, Rules: 1",80598e03b01a7c5b
2026-01-16T16:20:49.147640Z,Rule Firing,dokan2.dll,"Score: 95, Severity: critical, Rules: 1",ca70e243bde1b08e
2026-01-16T16:20:49.147640Z,Rule Firing,libaff4.dll,"Score: 95, Severity: critical, Rules: 1",ea3cf698560f27b4
2026-01-16T16:20:49.147640Z,Rule Firing,libaff4_devio.dll,"Score: 95, Severity: critical, Rules: 1",62d38771c571f415
2026-01-16T16:20:49.210359Z,Rule Firing,libewf.dll,"Score: 95, Severity: critical, Rules: 1",611bf3aad26fc3de
2026-01-16T16:20:49.210359Z,Rule Firing,libqcow.dll,"Score: 95, Severity: critical, Rules: 1",a494609059b23b54
2026-01-16T16:20:49.210359Z,Rule Firing,raptor2.dll,"Score: 95, Severity: critical, Rules: 1",051be7e969cf99d5
2026-01-16T16:20:49.212365Z,Rule Firing,snappy.dll,"Score: 95, Severity: critical, Rules: 1",a3499a03bf80b7a0
2026-01-16T16:20:49.212365Z,Rule Firing,zlib.dll,"Score: 95, Severity: critical, Rules: 1",2a8f6685f5cd443b
2026-01-16T16:20:49.214380Z,Rule Firing,zlib1.dll,"Score: 95, Severity: critical, Rules: 1",554854e28a2a1304
2026-01-16T16:20:49.214380Z,Rule Firing,bzip2.dll,"Score: 95, Severity: critical, Rules: 1",26b59c41fa12b86b
2026-01-16T16:20:49.216410Z,Rule Firing,dokan2.dll,"Score: 95, Severity: critical, Rules: 1",e25d0e0521a44cec
2026-01-16T16:20:49.216410Z,Rule Firing,libaff4.dll,"Score: 95, Severity: critical, Rules: 1",ae1010f0f3699a33
2026-01-16T16:20:49.218290Z,Rule Firing,libaff4_devio.dll,"Score: 95, Severity: critical, Rules: 1",91560fccfa746a4c
2026-01-16T16:20:49.276409Z,Rule Firing,libewf.dll,"Score: 95, Severity: critical, Rules: 1",62a075db6fff1767
2026-01-16T16:20:49.278416Z,Rule Firing,libqcow.dll,"Score: 95, Severity: critical, Rules: 1",961459d1dba73ec8
2026-01-16T16:20:49.278416Z,Rule Firing,raptor2.dll,"Score: 95, Severity: critical, Rules: 1",bad843efeb8ca254
2026-01-16T16:20:49.278416Z,Rule Firing,snappy.dll,"Score: 95, Severity: critical, Rules: 1",3bbba64adc542861
2026-01-16T16:20:49.278416Z,Rule Firing,zlib.dll,"Score: 95, Severity: critical, Rules: 1",5dcd6fa43d24b77a
2026-01-16T16:20:49.278416Z,Rule Firing,zlib1.dll,"Score: 95, Severity: critical, Rules: 1",391f201f564ea627
2026-01-16T16:20:49.284414Z,Rule Firing,bzip2.dll,"Score: 95, Severity: critical, Rules: 1",31f7d5bafb30cfec
2026-01-16T16:20:49.285443Z,Rule Firing,dna.dll,"Score: 95, Severity: critical, Rules: 1",42dcd4ecdcd27543
2026-01-16T16:20:49.285443Z,Rule Firing,dokan2.dll,"Score: 95, Severity: critical, Rules: 1",574979b06e5f19b3
2026-01-16T16:20:49.285443Z,Rule Firing,libaff4.dll,"Score: 95, Severity: critical, Rules: 1",80344e0ec52ef1dd
2026-01-16T16:20:49.344421Z,Rule Firing,libaff4_devio.dll,"Score: 95, Severity: critical, Rules: 1",0c9464ca3971ce64
2026-01-16T16:20:49.344421Z,Rule Firing,libewf.dll,"Score: 95, Severity: critical, Rules: 1",6106160d9bd34644
2026-01-16T16:20:49.348238Z,Rule Firing,libqcow.dll,"Score: 95, Severity: critical, Rules: 1",a9bcf5fda5b20667
2026-01-16T16:20:49.348238Z,Rule Firing,msvcp120.dll,"Score: 95, Severity: critical, Rules: 1",85efb6a12036d74f
2026-01-16T16:20:49.348238Z,Rule Firing,msvcr100.dll,"Score: 95, Severity: critical, Rules: 1",3764c36a8ccff4e1
2026-01-16T16:20:49.348238Z,Rule Firing,msvcr120.dll,"Score: 95, Severity: critical, Rules: 1",bf6f2e394510841a
2026-01-16T16:20:49.348238Z,Rule Firing,raptor2.dll,"Score: 95, Severity: critical, Rules: 1",dcaca55e24651848
2026-01-16T16:20:49.354414Z,Rule Firing,snappy.dll,"Score: 95, Severity: critical, Rules: 1",3125e952fdd947cb
2026-01-16T16:20:49.354414Z,Rule Firing,zlib.dll,"Score: 95, Severity: critical, Rules: 1",51c4e9761b1395fe
2026-01-16T16:20:49.354414Z,Rule Firing,zlib1.dll,"Score: 95, Severity: critical, Rules: 1",5317caec699a01bd
2026-01-16T16:20:49.412452Z,Rule Firing,bzip2.dll,"Score: 95, Severity: critical, Rules: 1",eb543f74cc737499
2026-01-16T16:20:49.414654Z,Rule Firing,dna.dll,"Score: 95, Severity: critical, Rules: 1",085d78ed08610ac2
2026-01-16T16:20:49.414654Z,Rule Firing,dokan2.dll,"Score: 95, Severity: critical, Rules: 1",53054ea4027c11ec
2026-01-16T16:20:49.414654Z,Rule Firing,libaff4.dll,"Score: 95, Severity: critical, Rules: 1",bb90e4e1bd9e7a56
2026-01-16T16:20:49.416402Z,Rule Firing,libaff4_devio.dll,"Score: 95, Severity: critical, Rules: 1",1f571745045b5b22
2026-01-16T16:20:49.416402Z,Rule Firing,libewf.dll,"Score: 95, Severity: critical, Rules: 1",058a15c63c343338
2026-01-16T16:20:49.416402Z,Rule Firing,libqcow.dll,"Score: 95, Severity: critical, Rules: 1",347c37ca59bc9f3f
2026-01-16T16:20:49.418407Z,Rule Firing,msvcp120.dll,"Score: 95, Severity: critical, Rules: 1",93a621264a66ef22
2026-01-16T16:20:49.418407Z,Rule Firing,msvcr100.dll,"Score: 95, Severity: critical, Rules: 1",c67ca1c189e156a6
2026-01-16T16:20:49.418407Z,Rule Firing,msvcr120.dll,"Score: 95, Severity: critical, Rules: 1",06f2536f6ee275db
2026-01-16T16:20:49.476293Z,Rule Firing,raptor2.dll,"Score: 95, Severity: critical, Rules: 1",913b44078aaaf3aa
2026-01-16T16:20:49.476293Z,Rule Firing,snappy.dll,"Score: 95, Severity: critical, Rules: 1",a6dad43ce41952ea
2026-01-16T16:20:49.476293Z,Rule Firing,zlib.dll,"Score: 95, Severity: critical, Rules: 1",bec95e146c4e7a27
2026-01-16T16:20:49.481743Z,Rule Firing,zlib1.dll,"Score: 95, Severity: critical, Rules: 1",a263ef281ecb4345
2026-01-16T16:20:49.481743Z,Rule Firing,System.Text.Encodings.Web.dll,"Score: 75, Severity: high, Rules: 1",f1250d6b1bdb3818
2026-01-16T16:20:49.481743Z,Rule Firing,System.Text.Encodings.Web.dll,"Score: 100, Severity: critical, Rules: 2",58077dc0c88ed8fd
2026-01-16T16:20:49.483748Z,Rule Firing,_iblzfse.so,"Score: 75, Severity: high, Rules: 1",4048037a301e6dec
2026-01-16T16:20:49.484253Z,Rule Firing,liblzfse.so,"Score: 100, Severity: critical, Rules: 2",8c773f7e4a9dbb66
2026-01-16T16:20:49.484253Z,Rule Firing,_iblzfse.so,"Score: 75, Severity: high, Rules: 1",d1d9b47b538903ac
2026-01-16T16:20:49.484253Z,Rule Firing,liblzfse.so,"Score: 100, Severity: critical, Rules: 2",36c6e830c67946fc
2026-01-16T16:20:49.542584Z,Rule Firing,_iblzfse.so,"Score: 75, Severity: high, Rules: 1",228e41bf32cb8045
2026-01-16T16:20:49.542584Z,Rule Firing,liblzfse.so,"Score: 100, Severity: critical, Rules: 2",0d610b1b4e48338d
2026-01-16T16:20:49.542584Z,Rule Firing,liblzfse.dylib,"Score: 75, Severity: high, Rules: 1",1a685882f97fcd6a
2026-01-16T16:20:49.544590Z,Rule Firing,liblzfse.dylib,"Score: 100, Severity: critical, Rules: 2",2baf13fd85ccef8a
2026-01-16T16:20:49.544590Z,Rule Firing,Microsoft.Management.Infrastructure.dll,"Score: 75, Severity: high, Rules: 1",8dddfaababf1303f
2026-01-16T16:20:49.544590Z,Rule Firing,Microsoft.Management.Infrastructure.dll,"Score: 100, Severity: critical, Rules: 2",475061171c4fb2f4
2026-01-16T16:20:49.544590Z,Rule Firing,System.Diagnostics.EventLog.dll,"Score: 75, Severity: high, Rules: 1",174af9b90179195d
2026-01-16T16:20:49.544590Z,Rule Firing,System.Diagnostics.EventLog.Messages.dll,"Score: 75, Severity: high, Rules: 1",f904f170320e8b84
2026-01-16T16:20:49.544590Z,Rule Firing,System.Management.dll,"Score: 75, Severity: high, Rules: 1",4920e293425ae0fe
2026-01-16T16:20:49.548007Z,Rule Firing,System.ServiceProcess.ServiceController.dll,"Score: 75, Severity: high, Rules: 1",33716f0c617c1f25
2026-01-16T16:20:49.604664Z,Rule Firing,System.Text.Encoding.CodePages.dll,"Score: 75, Severity: high, Rules: 1",f4355b1931168c57
2026-01-16T16:20:49.604664Z,Rule Firing,System.Diagnostics.EventLog.dll,"Score: 100, Severity: critical, Rules: 2",f5825dbcbc2b6f69
2026-01-16T16:20:49.604664Z,Rule Firing,System.Diagnostics.EventLog.Messages.dll,"Score: 100, Severity: critical, Rules: 2",3d0e4a5466c4f98a
2026-01-16T16:20:49.604664Z,Rule Firing,System.Management.dll,"Score: 100, Severity: critical, Rules: 2",5338fddf2a4f5a44
2026-01-16T16:20:49.604664Z,Rule Firing,System.ServiceProcess.ServiceController.dll,"Score: 100, Severity: critical, Rules: 2",e7e4e7bc47861a4a
2026-01-16T16:20:49.608404Z,Rule Firing,System.Text.Encoding.CodePages.dll,"Score: 100, Severity: critical, Rules: 2",fc46c0b58ce6f863
2026-01-16T16:20:49.608404Z,Rule Firing,System.Management.dll,"Score: 75, Severity: high, Rules: 1",28668cc203fcccba
2026-01-16T16:20:49.608404Z,Rule Firing,System.Management.dll,"Score: 100, Severity: critical, Rules: 2",ab564f5006565f41
2026-01-16T16:20:49.610411Z,Rule Firing,Microsoft.Management.Infrastructure.dll,"Score: 75, Severity: high, Rules: 1",e8373095841707b7
2026-01-16T16:20:49.610411Z,Rule Firing,Microsoft.Management.Infrastructure.Native.dll,"Score: 75, Severity: high, Rules: 1",0e98f64bdf574338
2026-01-16T16:20:49.674258Z,Rule Firing,Microsoft.Management.Infrastructure.dll,"Score: 100, Severity: critical, Rules: 2",bb4cbd603dcf8fd2
2026-01-16T16:20:49.674258Z,Rule Firing,Microsoft.Management.Infrastructure.Native.dll,"Score: 100, Severity: critical, Rules: 2",8968b624067171b1
2026-01-16T16:20:49.674258Z,Rule Firing,_i.dll,"Score: 75, Severity: high, Rules: 1",689e9e24cf2df079
2026-01-16T16:20:49.674258Z,Rule Firing,Microsoft.Management.Infrastructure.Native.Unmanaged.dll,"Score: 75, Severity: high, Rules: 1",4d9f3fa0ca16da6c
2026-01-16T16:20:49.679323Z,Rule Firing,_iutils.dll,"Score: 75, Severity: high, Rules: 1",f325c003f8b5e9ee
2026-01-16T16:20:49.679323Z,Rule Firing,mi.dll,"Score: 100, Severity: critical, Rules: 2",5a8d50d28935c14c
2026-01-16T16:20:49.679323Z,Rule Firing,Microsoft.Management.Infrastructure.Native.Unmanaged.dll,"Score: 100, Severity: critical, Rules: 2",ad1a8e8616862aa1
2026-01-16T16:20:49.679323Z,Rule Firing,miutils.dll,"Score: 100, Severity: critical, Rules: 2",af64699d22ba5520
2026-01-16T16:20:49.679323Z,Rule Firing,Microsoft.Management.Infrastructure.dll,"Score: 75, Severity: high, Rules: 1",54b92651bfbf2b40
2026-01-16T16:20:49.679323Z,Rule Firing,Microsoft.Management.Infrastructure.Native.dll,"Score: 75, Severity: high, Rules: 1",66a08eeff01c2028
2026-01-16T16:20:49.748227Z,Rule Firing,Microsoft.Management.Infrastructure.dll,"Score: 100, Severity: critical, Rules: 2",b7cb81bf2afb5369
2026-01-16T16:20:49.748227Z,Rule Firing,Microsoft.Management.Infrastructure.Native.dll,"Score: 100, Severity: critical, Rules: 2",70843aaa5b718632
2026-01-16T16:20:49.748227Z,Rule Firing,_i.dll,"Score: 75, Severity: high, Rules: 1",9963666613ebd835
2026-01-16T16:20:49.748227Z,Rule Firing,Microsoft.Management.Infrastructure.Native.Unmanaged.dll,"Score: 75, Severity: high, Rules: 1",01570bf5140e463c
2026-01-16T16:20:49.748227Z,Rule Firing,_iutils.dll,"Score: 75, Severity: high, Rules: 1",1a7b06e0925b7cf8
2026-01-16T16:20:49.748227Z,Rule Firing,mi.dll,"Score: 100, Severity: critical, Rules: 2",a6c644243def84d9
2026-01-16T16:20:49.748227Z,Rule Firing,Microsoft.Management.Infrastructure.Native.Unmanaged.dll,"Score: 100, Severity: critical, Rules: 2",5942af00c04458b6
2026-01-16T16:20:49.748227Z,Rule Firing,miutils.dll,"Score: 100, Severity: critical, Rules: 2",35f34e5f63d9b288
2026-01-16T16:20:49.748227Z,Rule Firing,_zfse.dll,"Score: 75, Severity: high, Rules: 1",d81677690cfde1aa
2026-01-16T16:20:49.754488Z,Rule Firing,lzfse.dll,"Score: 100, Severity: critical, Rules: 2",ee364c5f8ff4b870
2026-01-16T16:20:49.814566Z,Rule Firing,_zfse.dll,"Score: 75, Severity: high, Rules: 1",ab6390e1e2931333
2026-01-16T16:20:49.814566Z,Rule Firing,lzfse.dll,"Score: 100, Severity: critical, Rules: 2",0f97064e547823be
2026-01-16T16:20:49.814566Z,Rule Firing,Microsoft.Management.Infrastructure.dll,"Score: 75, Severity: high, Rules: 1",198563bde85bd3b7
2026-01-16T16:20:49.814566Z,Rule Firing,Microsoft.Management.Infrastructure.Native.dll,"Score: 75, Severity: high, Rules: 1",afb1a37574545fe4
2026-01-16T16:20:49.822200Z,Rule Firing,Microsoft.Management.Infrastructure.dll,"Score: 100, Severity: critical, Rules: 2",f080498f847a0e87
2026-01-16T16:20:49.822200Z,Rule Firing,Microsoft.Management.Infrastructure.Native.dll,"Score: 100, Severity: critical, Rules: 2",86852d16e5523b3f
2026-01-16T16:20:49.824217Z,Rule Firing,_i.dll,"Score: 75, Severity: high, Rules: 1",1e77e9bd6b83f501
2026-01-16T16:20:49.824217Z,Rule Firing,Microsoft.Management.Infrastructure.Native.Unmanaged.dll,"Score: 75, Severity: high, Rules: 1",f924a71e467a4e4d
2026-01-16T16:20:49.824217Z,Rule Firing,_iutils.dll,"Score: 75, Severity: high, Rules: 1",b8a2695e81c76a71
2026-01-16T16:20:49.824217Z,Rule Firing,mi.dll,"Score: 100, Severity: critical, Rules: 2",2bd4da5d63a30125
2026-01-16T16:20:49.879505Z,Rule Firing,Microsoft.Management.Infrastructure.Native.Unmanaged.dll,"Score: 100, Severity: critical, Rules: 2",21413528f85e8271
2026-01-16T16:20:49.884540Z,Rule Firing,miutils.dll,"Score: 100, Severity: critical, Rules: 2",9bc17cf10be8e3ce
2026-01-16T16:20:49.885571Z,Rule Firing,Microsoft.Management.Infrastructure.dll,"Score: 75, Severity: high, Rules: 1",a97616dceffa745f
2026-01-16T16:20:49.885571Z,Rule Firing,Microsoft.Management.Infrastructure.Native.dll,"Score: 75, Severity: high, Rules: 1",113b2d880486bee8
2026-01-16T16:20:49.885571Z,Rule Firing,Microsoft.Management.Infrastructure.dll,"Score: 100, Severity: critical, Rules: 2",19de213d8393c96e
2026-01-16T16:20:49.885571Z,Rule Firing,Microsoft.Management.Infrastructure.Native.dll,"Score: 100, Severity: critical, Rules: 2",339c864ae2d7e159
2026-01-16T16:20:49.885571Z,Rule Firing,_i.dll,"Score: 75, Severity: high, Rules: 1",c4cf0a4477fb3457
2026-01-16T16:20:49.885571Z,Rule Firing,Microsoft.Management.Infrastructure.Native.Unmanaged.dll,"Score: 75, Severity: high, Rules: 1",fa34476a3de7366c
2026-01-16T16:20:49.885571Z,Rule Firing,_iutils.dll,"Score: 75, Severity: high, Rules: 1",4025ab4c25f110db
2026-01-16T16:20:49.885571Z,Rule Firing,mi.dll,"Score: 100, Severity: critical, Rules: 2",41c3b1c8cad93b44
2026-01-16T16:20:49.948709Z,Rule Firing,Microsoft.Management.Infrastructure.Native.Unmanaged.dll,"Score: 100, Severity: critical, Rules: 2",9c84648d8345977c
2026-01-16T16:20:49.954413Z,Rule Firing,miutils.dll,"Score: 100, Severity: critical, Rules: 2",d61230cd227b835c
2026-01-16T16:20:49.954413Z,Rule Firing,Microsoft.Management.Infrastructure.dll,"Score: 75, Severity: high, Rules: 1",e12a91508cc111e2
2026-01-16T16:20:49.954413Z,Rule Firing,Microsoft.Management.Infrastructure.Native.dll,"Score: 75, Severity: high, Rules: 1",18239c45629aa662
2026-01-16T16:20:49.954413Z,Rule Firing,Microsoft.Management.Infrastructure.dll,"Score: 100, Severity: critical, Rules: 2",a262266327bf9fd8
2026-01-16T16:20:49.954413Z,Rule Firing,Microsoft.Management.Infrastructure.Native.dll,"Score: 100, Severity: critical, Rules: 2",5527924fe3540724
2026-01-16T16:20:49.954413Z,Rule Firing,_i.dll,"Score: 75, Severity: high, Rules: 1",0b4d27de58ca9b04
2026-01-16T16:20:49.954413Z,Rule Firing,Microsoft.Management.Infrastructure.Native.Unmanaged.dll,"Score: 75, Severity: high, Rules: 1",678149db43fb7eab
2026-01-16T16:20:49.954413Z,Rule Firing,_iutils.dll,"Score: 75, Severity: high, Rules: 1",6079ba0390f3af7f
2026-01-16T16:20:49.954413Z,Rule Firing,mi.dll,"Score: 100, Severity: critical, Rules: 2",733a29bd2939f8c0
2026-01-16T16:20:50.014357Z,Rule Firing,Microsoft.Management.Infrastructure.Native.Unmanaged.dll,"Score: 100, Severity: critical, Rules: 2",e07c7913193b9540
2026-01-16T16:20:50.014357Z,Rule Firing,miutils.dll,"Score: 100, Severity: critical, Rules: 2",a83bd5a2d5a87e0f
2026-01-16T16:20:50.014357Z,Rule Firing,Microsoft.Management.Infrastructure.dll,"Score: 75, Severity: high, Rules: 1",e7aee1f7190e1a82
2026-01-16T16:20:50.014357Z,Rule Firing,Microsoft.Management.Infrastructure.Native.dll,"Score: 75, Severity: high, Rules: 1",05acc8e233b10d96
2026-01-16T16:20:50.014357Z,Rule Firing,Microsoft.Management.Infrastructure.dll,"Score: 100, Severity: critical, Rules: 2",3b0f541b0141d087
2026-01-16T16:20:50.014357Z,Rule Firing,Microsoft.Management.Infrastructure.Native.dll,"Score: 100, Severity: critical, Rules: 2",d311118637edb39c
2026-01-16T16:20:50.014357Z,Rule Firing,_i.dll,"Score: 75, Severity: high, Rules: 1",10493bbde9b57269
2026-01-16T16:20:50.024559Z,Rule Firing,Microsoft.Management.Infrastructure.Native.Unmanaged.dll,"Score: 75, Severity: high, Rules: 1",f4b588d2c95893cc
2026-01-16T16:20:50.024559Z,Rule Firing,_iutils.dll,"Score: 75, Severity: high, Rules: 1",ec18d83db54d1894
2026-01-16T16:20:50.024559Z,Rule Firing,mi.dll,"Score: 100, Severity: critical, Rules: 2",08cd48c008ff4007
2026-01-16T16:20:50.076048Z,Rule Firing,Microsoft.Management.Infrastructure.Native.Unmanaged.dll,"Score: 100, Severity: critical, Rules: 2",a0d81aceaa8fa241
2026-01-16T16:20:50.084641Z,Rule Firing,miutils.dll,"Score: 100, Severity: critical, Rules: 2",f6817d7eb6f6b0d1
2026-01-16T16:20:50.084641Z,Rule Firing,Microsoft.Management.Infrastructure.dll,"Score: 75, Severity: high, Rules: 1",ab13c94f0d3d67c0
2026-01-16T16:20:50.084641Z,Rule Firing,Microsoft.Management.Infrastructure.Native.dll,"Score: 75, Severity: high, Rules: 1",053da95f363b25e5
2026-01-16T16:20:50.084641Z,Rule Firing,Microsoft.Management.Infrastructure.dll,"Score: 100, Severity: critical, Rules: 2",4299f8c3c4f24f3c
2026-01-16T16:20:50.084641Z,Rule Firing,Microsoft.Management.Infrastructure.Native.dll,"Score: 100, Severity: critical, Rules: 2",327c505c9052e9e0
2026-01-16T16:20:50.084641Z,Rule Firing,_i.dll,"Score: 75, Severity: high, Rules: 1",84d1fb9436b7e263
2026-01-16T16:20:50.084641Z,Rule Firing,_iutils.dll,"Score: 75, Severity: high, Rules: 1",5df2b303187fc77f
2026-01-16T16:20:50.084641Z,Rule Firing,mi.dll,"Score: 100, Severity: critical, Rules: 2",db514ca13a1ac22b
2026-01-16T16:20:50.089715Z,Rule Firing,miutils.dll,"Score: 100, Severity: critical, Rules: 2",31e8e0b4cf7a3c58
2026-01-16T16:20:50.144558Z,Rule Firing,Microsoft.Management.Infrastructure.dll,"Score: 75, Severity: high, Rules: 1",5a1a6cf4d0aa822d
2026-01-16T16:20:50.144558Z,Rule Firing,Microsoft.Management.Infrastructure.Native.dll,"Score: 75, Severity: high, Rules: 1",eb480d60d3127be3
2026-01-16T16:20:50.149106Z,Rule Firing,Microsoft.Management.Infrastructure.dll,"Score: 100, Severity: critical, Rules: 2",8a33691c831fa1c4
2026-01-16T16:20:50.149106Z,Rule Firing,Microsoft.Management.Infrastructure.Native.dll,"Score: 100, Severity: critical, Rules: 2",36abf228bb86062e
2026-01-16T16:20:50.149106Z,Rule Firing,_i.dll,"Score: 75, Severity: high, Rules: 1",414901425b755163
2026-01-16T16:20:50.149106Z,Rule Firing,_iutils.dll,"Score: 75, Severity: high, Rules: 1",d8b9fc1d08b87300
2026-01-16T16:20:50.149106Z,Rule Firing,mi.dll,"Score: 100, Severity: critical, Rules: 2",336f9292b9ac3c77
2026-01-16T16:20:50.149106Z,Rule Firing,miutils.dll,"Score: 100, Severity: critical, Rules: 2",b3eb1f3c7e28784b
2026-01-16T16:20:50.149106Z,Rule Firing,Microsoft.Management.Infrastructure.dll,"Score: 75, Severity: high, Rules: 1",c7d67a67b8d7436d
2026-01-16T16:20:50.149106Z,Rule Firing,Microsoft.Management.Infrastructure.Native.dll,"Score: 75, Severity: high, Rules: 1",e08ecc63fe426945
2026-01-16T16:20:50.209673Z,Rule Firing,Microsoft.Management.Infrastructure.dll,"Score: 100, Severity: critical, Rules: 2",963563360fd422ee
2026-01-16T16:20:50.209673Z,Rule Firing,Microsoft.Management.Infrastructure.Native.dll,"Score: 100, Severity: critical, Rules: 2",0ef3ee3ac721292e
2026-01-16T16:20:50.209673Z,Rule Firing,_i.dll,"Score: 75, Severity: high, Rules: 1",a0106cc45d06b901
2026-01-16T16:20:50.214277Z,Rule Firing,Microsoft.Management.Infrastructure.Native.Unmanaged.dll,"Score: 75, Severity: high, Rules: 1",028fe6a21a7d0f42
2026-01-16T16:20:50.214277Z,Rule Firing,_iutils.dll,"Score: 75, Severity: high, Rules: 1",432a98f84a164155
2026-01-16T16:20:50.214277Z,Rule Firing,mi.dll,"Score: 100, Severity: critical, Rules: 2",a1a26452f7ced67c
2026-01-16T16:20:50.214277Z,Rule Firing,Microsoft.Management.Infrastructure.Native.Unmanaged.dll,"Score: 100, Severity: critical, Rules: 2",8d7439512b9321a9
2026-01-16T16:20:50.214277Z,Rule Firing,miutils.dll,"Score: 100, Severity: critical, Rules: 2",cd8be720c7223723
2026-01-16T16:20:50.214277Z,Rule Firing,Microsoft.Management.Infrastructure.dll,"Score: 75, Severity: high, Rules: 1",18f306ac9653bebd
2026-01-16T16:20:50.214277Z,Rule Firing,Microsoft.Management.Infrastructure.Native.dll,"Score: 75, Severity: high, Rules: 1",479599ab0331956f
2026-01-16T16:20:50.282447Z,Rule Firing,Microsoft.Management.Infrastructure.dll,"Score: 100, Severity: critical, Rules: 2",85c62f0d2b931053
2026-01-16T16:20:50.284453Z,Rule Firing,Microsoft.Management.Infrastructure.Native.dll,"Score: 100, Severity: critical, Rules: 2",3f156ac566867383
2026-01-16T16:20:50.284453Z,Rule Firing,_i.dll,"Score: 75, Severity: high, Rules: 1",411198d5f85441b9
2026-01-16T16:20:50.284453Z,Rule Firing,Microsoft.Management.Infrastructure.Native.Unmanaged.dll,"Score: 75, Severity: high, Rules: 1",f0767bca34bb96d8
2026-01-16T16:20:50.286512Z,Rule Firing,_iutils.dll,"Score: 75, Severity: high, Rules: 1",82b1579278923057
2026-01-16T16:20:50.286512Z,Rule Firing,mi.dll,"Score: 100, Severity: critical, Rules: 2",2ea54934c105806b
2026-01-16T16:20:50.286512Z,Rule Firing,Microsoft.Management.Infrastructure.Native.Unmanaged.dll,"Score: 100, Severity: critical, Rules: 2",672803b7bda4e157
2026-01-16T16:20:50.288519Z,Rule Firing,miutils.dll,"Score: 100, Severity: critical, Rules: 2",b57185b7b9baf846
2026-01-16T16:20:50.288519Z,Rule Firing,aim_cli.dll,"Score: 95, Severity: critical, Rules: 1",5edba21b8fc2f35c
2026-01-16T16:20:50.288519Z,Rule Firing,aim_cli.exe,"Score: 95, Severity: critical, Rules: 1",ce35c7d41c494767
2026-01-16T16:20:50.356424Z,Rule Firing,aim_cli.runtimeconfig.json,"Score: 100, Severity: critical, Rules: 2",3823baf6d73ddb9d
2026-01-16T16:20:50.356424Z,Rule Firing,Arsenal Recon - End User License Agreement.txt,"Score: 95, Severity: critical, Rules: 1",80d2e6f3471648f8
2026-01-16T16:20:50.356424Z,Rule Firing,Arsenal.ImageMounter.dll,"Score: 95, Severity: critical, Rules: 1",423d0b69801918db
2026-01-16T16:20:50.358431Z,Rule Firing,Arsenal.ImageMounter.Forms.dll,"Score: 95, Severity: critical, Rules: 1",37ad01576aaef333
2026-01-16T16:20:50.358431Z,Rule Firing,ArsenalImageMounter.deps.json,"Score: 95, Severity: critical, Rules: 1",94121fd4bb68aea3
2026-01-16T16:20:50.358431Z,Rule Firing,ArsenalImageMounter.dll,"Score: 95, Severity: critical, Rules: 1",394a7fe625eb0d1a
2026-01-16T16:20:50.358431Z,Rule Firing,ArsenalImageMounter.exe,"Score: 95, Severity: critical, Rules: 1",b3913d9bc644d97f
2026-01-16T16:20:50.360437Z,Rule Firing,ArsenalImageMounter.log,"Score: 95, Severity: critical, Rules: 1",7ff8deca7b3236fa
2026-01-16T16:20:50.360437Z,Rule Firing,ArsenalImageMounter.runtimeconfig.json,"Score: 100, Severity: critical, Rules: 2",5b28b9446a9f7639
2026-01-16T16:20:50.362184Z,Rule Firing,ArsenalImageMounter_ARM64.exe,"Score: 95, Severity: critical, Rules: 1",04b9af8fe1e3b603
2026-01-16T16:20:50.424428Z,Rule Firing,DiscUtils.BootConfig.dll,"Score: 95, Severity: critical, Rules: 1",a2d4ac0e677e3c29
2026-01-16T16:20:50.426174Z,Rule Firing,DiscUtils.Btrfs.dll,"Score: 95, Severity: critical, Rules: 1",da69cc9c9d9da58b
2026-01-16T16:20:50.426174Z,Rule Firing,DiscUtils.Core.dll,"Score: 95, Severity: critical, Rules: 1",256f20a714d3522c
2026-01-16T16:20:50.426174Z,Rule Firing,DiscUtils.Dmg.dll,"Score: 95, Severity: critical, Rules: 1",7066a80603ea2868
2026-01-16T16:20:50.428181Z,Rule Firing,DiscUtils.Ext.dll,"Score: 95, Severity: critical, Rules: 1",2a430dbebd35c183
2026-01-16T16:20:50.428181Z,Rule Firing,DiscUtils.Fat.dll,"Score: 95, Severity: critical, Rules: 1",dd1e4f1bc0451767
2026-01-16T16:20:50.428181Z,Rule Firing,DiscUtils.HfsPlus.dll,"Score: 95, Severity: critical, Rules: 1",79dcf3f11b3e33f4
2026-01-16T16:20:50.428181Z,Rule Firing,DiscUtils.Iso9660.dll,"Score: 95, Severity: critical, Rules: 1",61e85e517cc0f803
2026-01-16T16:20:50.428181Z,Rule Firing,DiscUtils.Lvm.dll,"Score: 95, Severity: critical, Rules: 1",f50b5f4568ef9887
2026-01-16T16:20:50.428181Z,Rule Firing,DiscUtils.Nfs.dll,"Score: 95, Severity: critical, Rules: 1",e2c11768cc923daa
2026-01-16T16:20:50.490809Z,Rule Firing,DiscUtils.Ntfs.dll,"Score: 95, Severity: critical, Rules: 1",4c3b2ddb5868393c
2026-01-16T16:20:50.490809Z,Rule Firing,DiscUtils.OpticalDisk.dll,"Score: 95, Severity: critical, Rules: 1",38b7e42f135b5086
2026-01-16T16:20:50.490809Z,Rule Firing,DiscUtils.Registry.dll,"Score: 95, Severity: critical, Rules: 1",35d0f162db204963
2026-01-16T16:20:50.490809Z,Rule Firing,DiscUtils.SquashFs.dll,"Score: 95, Severity: critical, Rules: 1",1a64d3daa1582f7f
2026-01-16T16:20:50.490809Z,Rule Firing,DiscUtils.Streams.dll,"Score: 95, Severity: critical, Rules: 1",b92f83accd8f3c86
2026-01-16T16:20:50.494531Z,Rule Firing,DiscUtils.Swap.dll,"Score: 95, Severity: critical, Rules: 1",e2b44c3e4204ae5d
2026-01-16T16:20:50.494531Z,Rule Firing,DiscUtils.Udf.dll,"Score: 95, Severity: critical, Rules: 1",dafb03d8d33c9e8e
2026-01-16T16:20:50.494531Z,Rule Firing,DiscUtils.Vdi.dll,"Score: 95, Severity: critical, Rules: 1",f0f32cad8634b996
2026-01-16T16:20:50.494531Z,Rule Firing,DiscUtils.Vhd.dll,"Score: 95, Severity: critical, Rules: 1",83b73701117ba775
2026-01-16T16:20:50.497529Z,Rule Firing,DiscUtils.Vhdx.dll,"Score: 95, Severity: critical, Rules: 1",d1db38af6ff66615
2026-01-16T16:20:50.554737Z,Rule Firing,DiscUtils.VirtualFileSystem.dll,"Score: 95, Severity: critical, Rules: 1",b290784c5923d1f7
2026-01-16T16:20:50.554737Z,Rule Firing,DiscUtils.Vmdk.dll,"Score: 95, Severity: critical, Rules: 1",a852a627e8be7074
2026-01-16T16:20:50.554737Z,Rule Firing,DiscUtils.Wim.dll,"Score: 95, Severity: critical, Rules: 1",5df9e132a6745510
2026-01-16T16:20:50.554737Z,Rule Firing,DiscUtils.Xfs.dll,"Score: 95, Severity: critical, Rules: 1",feb872227dd8bc1c
2026-01-16T16:20:50.554737Z,Rule Firing,DiscUtils.Xva.dll,"Score: 95, Severity: critical, Rules: 1",a0e703815c3f3bef
2026-01-16T16:20:50.554737Z,Rule Firing,ExFat.Core.dll,"Score: 95, Severity: critical, Rules: 1",65c9a9899d54e683
2026-01-16T16:20:50.554737Z,Rule Firing,ExFat.DiscUtils.dll,"Score: 95, Severity: critical, Rules: 1",2be1627dd989a88a
2026-01-16T16:20:50.554737Z,Rule Firing,lzfse-net.dll,"Score: 100, Severity: critical, Rules: 2",52650174a44130cb
2026-01-16T16:20:50.554737Z,Rule Firing,lzo.net.dll,"Score: 95, Severity: critical, Rules: 1",d5c2cc5ba4a5aad5
2026-01-16T16:20:50.554737Z,Rule Firing,Microsoft.Win32.TaskScheduler.dll,"Score: 95, Severity: critical, Rules: 1",5931a7df1e6373f9
2026-01-16T16:20:50.618225Z,Rule Firing,readme.txt,"Score: 95, Severity: critical, Rules: 1",5c603480ed2c7bc5
2026-01-16T16:20:50.618225Z,Rule Firing,readme_cli.txt,"Score: 95, Severity: critical, Rules: 1",2ade3841b81480d9
2026-01-16T16:20:50.618225Z,Rule Firing,System.Diagnostics.EventLog.dll,"Score: 95, Severity: critical, Rules: 1",445c758a634a1ce2
2026-01-16T16:20:50.618225Z,Rule Firing,System.Management.dll,"Score: 95, Severity: critical, Rules: 1",a599e883a7cdb687
2026-01-16T16:20:50.618225Z,Rule Firing,System.Resources.Extensions.dll,"Score: 95, Severity: critical, Rules: 1",9a93d9bbd1135fd7
2026-01-16T16:20:50.618225Z,Rule Firing,System.ServiceProcess.ServiceController.dll,"Score: 95, Severity: critical, Rules: 1",d8394048f2e4d0ab
2026-01-16T16:20:50.618225Z,Rule Firing,System.Text.Encoding.CodePages.dll,"Score: 95, Severity: critical, Rules: 1",0aaada873adb3486
2026-01-16T16:20:50.624272Z,Rule Firing,System.Text.Encodings.Web.dll,"Score: 95, Severity: critical, Rules: 1",e672df631c895518
2026-01-16T16:20:50.624272Z,Rule Firing,System.Text.Json.dll,"Score: 95, Severity: critical, Rules: 1",d9030e112124982b
2026-01-16T16:20:50.624272Z,Rule Firing,api-ms-win-crt-runtime-l1-1-0.dll,"Score: 75, Severity: high, Rules: 1",1e032817e05847b8
2026-01-16T16:20:50.698747Z,Rule Firing,vcruntime140.dll,"Score: 75, Severity: high, Rules: 1",730749cf01754583
2026-01-16T16:20:50.700854Z,Rule Firing,api-ms-win-core-console-l1-1-0.dll,"Score: 95, Severity: critical, Rules: 1",45619eb8ce992116
2026-01-16T16:20:50.700854Z,Rule Firing,api-ms-win-core-datetime-l1-1-0.dll,"Score: 95, Severity: critical, Rules: 1",797df716bb61783a
2026-01-16T16:20:50.702860Z,Rule Firing,api-ms-win-core-debug-l1-1-0.dll,"Score: 95, Severity: critical, Rules: 1",01f50670b4d56e95
2026-01-16T16:20:50.702860Z,Rule Firing,api-ms-win-core-errorhandling-l1-1-0.dll,"Score: 95, Severity: critical, Rules: 1",abe9abe056a24405
2026-01-16T16:20:50.702860Z,Rule Firing,api-ms-win-core-file-l1-1-0.dll,"Score: 95, Severity: critical, Rules: 1",997ac8b6676d9bd7
2026-01-16T16:20:50.704366Z,Rule Firing,api-ms-win-core-file-l1-2-0.dll,"Score: 95, Severity: critical, Rules: 1",6381a64ceabcbd28
2026-01-16T16:20:50.704366Z,Rule Firing,api-ms-win-core-file-l2-1-0.dll,"Score: 95, Severity: critical, Rules: 1",ee43f8c5606fcc86
2026-01-16T16:20:50.704366Z,Rule Firing,api-ms-win-core-handle-l1-1-0.dll,"Score: 95, Severity: critical, Rules: 1",bed07e9321ffea8c
2026-01-16T16:20:50.704366Z,Rule Firing,api-ms-win-core-heap-l1-1-0.dll,"Score: 95, Severity: critical, Rules: 1",696d03bb817bca5f
2026-01-16T16:20:50.764577Z,Rule Firing,api-ms-win-core-interlocked-l1-1-0.dll,"Score: 95, Severity: critical, Rules: 1",c71c1d068fa12297
2026-01-16T16:20:50.764577Z,Rule Firing,api-ms-win-core-libraryloader-l1-1-0.dll,"Score: 95, Severity: critical, Rules: 1",f7f04ae955dff243
2026-01-16T16:20:50.764577Z,Rule Firing,api-ms-win-core-localization-l1-2-0.dll,"Score: 95, Severity: critical, Rules: 1",f3085e52b3ce6538
2026-01-16T16:20:50.764577Z,Rule Firing,api-ms-win-core-memory-l1-1-0.dll,"Score: 95, Severity: critical, Rules: 1",c1948f2052289ad6
2026-01-16T16:20:50.764577Z,Rule Firing,api-ms-win-core-namedpipe-l1-1-0.dll,"Score: 95, Severity: critical, Rules: 1",d55ccb0d568470c6
2026-01-16T16:20:50.764577Z,Rule Firing,api-ms-win-core-processenvironment-l1-1-0.dll,"Score: 95, Severity: critical, Rules: 1",fb4eb89f2041ee4d
2026-01-16T16:20:50.774401Z,Rule Firing,api-ms-win-core-processthreads-l1-1-0.dll,"Score: 95, Severity: critical, Rules: 1",ec1a96fd37d6b827
2026-01-16T16:20:50.774401Z,Rule Firing,api-ms-win-core-processthreads-l1-1-1.dll,"Score: 95, Severity: critical, Rules: 1",bc78e0dac8e122b1
2026-01-16T16:20:50.774401Z,Rule Firing,api-ms-win-core-profile-l1-1-0.dll,"Score: 95, Severity: critical, Rules: 1",ee52a5cd90bc9e44
2026-01-16T16:20:50.776509Z,Rule Firing,api-ms-win-core-rtlsupport-l1-1-0.dll,"Score: 95, Severity: critical, Rules: 1",e07cc9c2139db0d6
2026-01-16T16:20:50.840818Z,Rule Firing,api-ms-win-core-string-l1-1-0.dll,"Score: 95, Severity: critical, Rules: 1",bc661c11044b43bc
2026-01-16T16:20:50.844426Z,Rule Firing,api-ms-win-core-synch-l1-1-0.dll,"Score: 95, Severity: critical, Rules: 1",78911f5382f30547
2026-01-16T16:20:50.844426Z,Rule Firing,api-ms-win-core-synch-l1-2-0.dll,"Score: 95, Severity: critical, Rules: 1",43bdb87bd6b509c1
2026-01-16T16:20:50.844426Z,Rule Firing,api-ms-win-core-sysinfo-l1-1-0.dll,"Score: 95, Severity: critical, Rules: 1",af7b20ecb5737ce0
2026-01-16T16:20:50.844426Z,Rule Firing,api-ms-win-core-timezone-l1-1-0.dll,"Score: 95, Severity: critical, Rules: 1",55f6d9fe010eee38
2026-01-16T16:20:50.844426Z,Rule Firing,api-ms-win-core-util-l1-1-0.dll,"Score: 95, Severity: critical, Rules: 1",b716584f200a4a0b
2026-01-16T16:20:50.844426Z,Rule Firing,api-ms-win-crt-conio-l1-1-0.dll,"Score: 95, Severity: critical, Rules: 1",0dcb031ef4ff0409
2026-01-16T16:20:50.849495Z,Rule Firing,api-ms-win-crt-convert-l1-1-0.dll,"Score: 95, Severity: critical, Rules: 1",a8250634a71e20ba
2026-01-16T16:20:50.849495Z,Rule Firing,api-ms-win-crt-environment-l1-1-0.dll,"Score: 95, Severity: critical, Rules: 1",cd7b480d373f0584
2026-01-16T16:20:50.849495Z,Rule Firing,api-ms-win-crt-filesystem-l1-1-0.dll,"Score: 95, Severity: critical, Rules: 1",a07b829da8ce1025
2026-01-16T16:20:50.918540Z,Rule Firing,api-ms-win-crt-heap-l1-1-0.dll,"Score: 95, Severity: critical, Rules: 1",35f42df44f92825e
2026-01-16T16:20:50.918540Z,Rule Firing,api-ms-win-crt-locale-l1-1-0.dll,"Score: 95, Severity: critical, Rules: 1",1d0519e5b0568553
2026-01-16T16:20:50.920286Z,Rule Firing,api-ms-win-crt-math-l1-1-0.dll,"Score: 95, Severity: critical, Rules: 1",c341a5a67e4e6c44
2026-01-16T16:20:50.920286Z,Rule Firing,api-ms-win-crt-multibyte-l1-1-0.dll,"Score: 95, Severity: critical, Rules: 1",1ab4eded44caf59d
2026-01-16T16:20:50.920286Z,Rule Firing,api-ms-win-crt-private-l1-1-0.dll,"Score: 95, Severity: critical, Rules: 1",9184e0a366d4872c
2026-01-16T16:20:50.922292Z,Rule Firing,api-ms-win-crt-process-l1-1-0.dll,"Score: 95, Severity: critical, Rules: 1",a63f6be1034c68d9
2026-01-16T16:20:50.922292Z,Rule Firing,api-ms-win-crt-runtime-l1-1-0.dll,"Score: 100, Severity: critical, Rules: 2",16a0aff8d73089c3
2026-01-16T16:20:50.922292Z,Rule Firing,api-ms-win-crt-stdio-l1-1-0.dll,"Score: 95, Severity: critical, Rules: 1",2bf1dd20dba61deb
2026-01-16T16:20:50.924298Z,Rule Firing,api-ms-win-crt-string-l1-1-0.dll,"Score: 95, Severity: critical, Rules: 1",d1c312a6f5e5ba00
2026-01-16T16:20:50.924298Z,Rule Firing,api-ms-win-crt-time-l1-1-0.dll,"Score: 95, Severity: critical, Rules: 1",17796d70190a27ff
2026-01-16T16:20:50.989623Z,Rule Firing,api-ms-win-crt-utility-l1-1-0.dll,"Score: 95, Severity: critical, Rules: 1",421c89d6b425bff0
2026-01-16T16:20:50.989623Z,Rule Firing,blkcalc.exe,"Score: 95, Severity: critical, Rules: 1",898eb355874b5b2c
2026-01-16T16:20:50.994649Z,Rule Firing,blkcat.exe,"Score: 95, Severity: critical, Rules: 1",398fc557df745d50
2026-01-16T16:20:50.994649Z,Rule Firing,blkls.exe,"Score: 95, Severity: critical, Rules: 1",047f301e79a1f972
2026-01-16T16:20:50.994649Z,Rule Firing,blkstat.exe,"Score: 95, Severity: critical, Rules: 1",f632b8387c80ea7e
2026-01-16T16:20:50.994649Z,Rule Firing,concrt140.dll,"Score: 95, Severity: critical, Rules: 1",c2a4dd47427b4b0e
2026-01-16T16:20:50.994649Z,Rule Firing,fcat.exe,"Score: 95, Severity: critical, Rules: 1",305c9e9b1d19152e
2026-01-16T16:20:50.994649Z,Rule Firing,ffind.exe,"Score: 95, Severity: critical, Rules: 1",a8778542717db525
2026-01-16T16:20:50.994649Z,Rule Firing,fls.exe,"Score: 95, Severity: critical, Rules: 1",bbc59d577d76efd2
2026-01-16T16:20:50.998457Z,Rule Firing,fsstat.exe,"Score: 95, Severity: critical, Rules: 1",45ae3b6c25093488
2026-01-16T16:20:51.064634Z,Rule Firing,hfind.exe,"Score: 95, Severity: critical, Rules: 1",022b5fa1985efd63
2026-01-16T16:20:51.064634Z,Rule Firing,icat.exe,"Score: 95, Severity: critical, Rules: 1",4708fc316e2794d2
2026-01-16T16:20:51.064634Z,Rule Firing,ifind.exe,"Score: 95, Severity: critical, Rules: 1",fb6dd9bdfe94c7e1
2026-01-16T16:20:51.064634Z,Rule Firing,ils.exe,"Score: 95, Severity: critical, Rules: 1",3caa093712e3747d
2026-01-16T16:20:51.064634Z,Rule Firing,img_cat.exe,"Score: 95, Severity: critical, Rules: 1",d07760a08c7abd8d
2026-01-16T16:20:51.064634Z,Rule Firing,img_stat.exe,"Score: 95, Severity: critical, Rules: 1",31f5d63756a1ba7d
2026-01-16T16:20:51.064634Z,Rule Firing,istat.exe,"Score: 95, Severity: critical, Rules: 1",6f1aecbadb727800
2026-01-16T16:20:51.064634Z,Rule Firing,jcat.exe,"Score: 95, Severity: critical, Rules: 1",c52f3985f3da3e76
2026-01-16T16:20:51.064634Z,Rule Firing,jls.exe,"Score: 95, Severity: critical, Rules: 1",9d3759b2e130b51c
2026-01-16T16:20:51.064634Z,Rule Firing,libewf.dll,"Score: 95, Severity: critical, Rules: 1",23828c9299150927
2026-01-16T16:20:51.134444Z,Rule Firing,libtsk_jni.dll,"Score: 95, Severity: critical, Rules: 1",ce816b2dbef7b9f7
2026-01-16T16:20:51.134444Z,Rule Firing,libvhdi.dll,"Score: 95, Severity: critical, Rules: 1",e2254dde766156a6
2026-01-16T16:20:51.134444Z,Rule Firing,libvmdk.dll,"Score: 95, Severity: critical, Rules: 1",115100006abfbdea
2026-01-16T16:20:51.134444Z,Rule Firing,mactime.pl,"Score: 95, Severity: critical, Rules: 1",cf3bdc71a95d0bf3
2026-01-16T16:20:51.134444Z,Rule Firing,mmcat.exe,"Score: 95, Severity: critical, Rules: 1",d267cf388a7dc00a
2026-01-16T16:20:51.134444Z,Rule Firing,mmls.exe,"Score: 95, Severity: critical, Rules: 1",8ef66b5bb065e77e
2026-01-16T16:20:51.140402Z,Rule Firing,mmstat.exe,"Score: 95, Severity: critical, Rules: 1",a45a130f86a35def
2026-01-16T16:20:51.140402Z,Rule Firing,msvcp140.dll,"Score: 95, Severity: critical, Rules: 1",df3e397e278eb3f0
2026-01-16T16:20:51.140402Z,Rule Firing,pstat.exe,"Score: 95, Severity: critical, Rules: 1",1c281819932dc66d
2026-01-16T16:20:51.140402Z,Rule Firing,tsk_comparedir.exe,"Score: 95, Severity: critical, Rules: 1",e0a4898141b67239
2026-01-16T16:20:51.194619Z,Rule Firing,tsk_gettimes.exe,"Score: 95, Severity: critical, Rules: 1",e943167f3b4ab831
2026-01-16T16:20:51.204391Z,Rule Firing,tsk_imageinfo.exe,"Score: 95, Severity: critical, Rules: 1",07e511f7f75b3568
2026-01-16T16:20:51.204391Z,Rule Firing,tsk_loaddb.exe,"Score: 95, Severity: critical, Rules: 1",a3b89f770dec59ee
2026-01-16T16:20:51.204391Z,Rule Firing,tsk_recover.exe,"Score: 95, Severity: critical, Rules: 1",5b822ea282187738
2026-01-16T16:20:51.206460Z,Rule Firing,ucrtbase.dll,"Score: 95, Severity: critical, Rules: 1",ad289eae0a60523f
2026-01-16T16:20:51.206460Z,Rule Firing,vccorlib140.dll,"Score: 95, Severity: critical, Rules: 1",0b969f06d3566919
2026-01-16T16:20:51.208467Z,Rule Firing,vcruntime140.dll,"Score: 100, Severity: critical, Rules: 2",23b5e7e97344a391
2026-01-16T16:20:51.208467Z,Rule Firing,zlib.dll,"Score: 95, Severity: critical, Rules: 1",29a5331f8dc434e8
2026-01-16T16:20:51.208467Z,Rule Firing,libtsk.lib,"Score: 95, Severity: critical, Rules: 1",32073c1a768ae77b
2026-01-16T16:20:51.210473Z,Rule Firing,libtsk_jni.lib,"Score: 95, Severity: critical, Rules: 1",7a6a2e89c3c36f48
2026-01-16T16:20:51.274641Z,Rule Firing,cpl1.0.txt,"Score: 95, Severity: critical, Rules: 1",6dd7008468a4ef8b
2026-01-16T16:20:51.274641Z,Rule Firing,IBM-LICENSE,"Score: 95, Severity: critical, Rules: 1",f08c62cf087c728d
2026-01-16T16:20:51.274641Z,Rule Firing,NEWS.txt,"Score: 95, Severity: critical, Rules: 1",4bffbf4824a56254
2026-01-16T16:20:51.274641Z,Rule Firing,README-win32.txt,"Score: 95, Severity: critical, Rules: 1",b93af4f49be73dcf
2026-01-16T16:20:51.274641Z,Rule Firing,README.txt,"Score: 95, Severity: critical, Rules: 1",64dfbd934c7fc3e7
2026-01-16T16:20:51.274641Z,Rule Firing,forensic_iso_tool.cpython-311.pyc,"Score: 95, Severity: critical, Rules: 1",7133ea4dcbcbc8aa
2026-01-16T16:20:51.274641Z,Rule Firing,acquire_cli.py,"Score: 95, Severity: critical, Rules: 1",78b693918a2bd329
2026-01-16T16:20:51.274641Z,Rule Firing,generate_forensic_report.py,"Score: 95, Severity: critical, Rules: 1",545d90ac2225995e
2026-01-16T16:20:51.283121Z,Rule Firing,new_database_mappings.db,"Score: 95, Severity: critical, Rules: 1",b03a227c18fb5b23
2026-01-16T16:20:51.284642Z,Rule Firing,mindmap_widget.cpython-311.pyc,"Score: 95, Severity: critical, Rules: 1",33105bda079f15a9
2026-01-16T16:20:51.344454Z,Rule Firing,__init__.cpython-311.pyc,"Score: 95, Severity: critical, Rules: 1",1342e19d7d9c7203
2026-01-16T16:20:51.344454Z,Rule Firing,mindmap_widget.py,"Score: 95, Severity: critical, Rules: 1",1e9abcc007aa2589
2026-01-16T16:20:51.346200Z,Rule Firing,__init__.py,"Score: 95, Severity: critical, Rules: 1",e0a4bf3dcb66adbd
2026-01-16T16:20:51.346200Z,Rule Firing,__init__.cpython-311.pyc,"Score: 95, Severity: critical, Rules: 1",7f786530bd692a4f
2026-01-16T16:20:51.346200Z,Rule Firing,__init__.py,"Score: 95, Severity: critical, Rules: 1",5547fbd238759371
2026-01-16T16:20:51.350037Z,Rule Firing,__pip-runner__.py,"Score: 75, Severity: high, Rules: 1",efe69f020a13fd80
2026-01-16T16:20:51.354546Z,Rule Firing,autocompletion.cpython-311.pyc,"Score: 95, Severity: critical, Rules: 1",62b92aed73903464
2026-01-16T16:20:51.354546Z,Rule Firing,base_command.cpython-311.pyc,"Score: 95, Severity: critical, Rules: 1",8b9b475fbb632771
2026-01-16T16:20:51.354546Z,Rule Firing,cmdoptions.cpython-311.pyc,"Score: 95, Severity: critical, Rules: 1",719b5b8ad3c19bbd
2026-01-16T16:20:51.357949Z,Rule Firing,command_context.cpython-311.pyc,"Score: 95, Severity: critical, Rules: 1",84afb5d9b1db89fd
2026-01-16T16:20:51.416719Z,Rule Firing,index_command.cpython-311.pyc,"Score: 95, Severity: critical, Rules: 1",aa26f23f95887e42
2026-01-16T16:20:51.416719Z,Rule Firing,main.cpython-311.pyc,"Score: 95, Severity: critical, Rules: 1",5e2f9625f20b6193
2026-01-16T16:20:51.416719Z,Rule Firing,main_parser.cpython-311.pyc,"Score: 95, Severity: critical, Rules: 1",ad265c16df6c603d
2026-01-16T16:20:51.416719Z,Rule Firing,parser.cpython-311.pyc,"Score: 95, Severity: critical, Rules: 1",89b24ce717c90183
2026-01-16T16:20:51.416719Z,Rule Firing,progress_bars.cpython-311.pyc,"Score: 95, Severity: critical, Rules: 1",9135b20ee1f380b2
2026-01-16T16:20:51.416719Z,Rule Firing,req_command.cpython-311.pyc,"Score: 95, Severity: critical, Rules: 1",cdfa526d42b20f56
2026-01-16T16:20:51.416719Z,Rule Firing,spinners.cpython-311.pyc,"Score: 95, Severity: critical, Rules: 1",b727a6ceb6e45c66
2026-01-16T16:20:51.416719Z,Rule Firing,status_codes.cpython-311.pyc,"Score: 95, Severity: critical, Rules: 1",ba52c729e6ab90cc
2026-01-16T16:20:51.416719Z,Rule Firing,__init__.cpython-311.pyc,"Score: 95, Severity: critical, Rules: 1",633dfbf7cbedd89d
2026-01-16T16:20:51.424456Z,Rule Firing,autocompletion.py,"Score: 95, Severity: critical, Rules: 1",4d450b3d8b541cf0
2026-01-16T16:20:51.487238Z,Rule Firing,base_command.py,"Score: 95, Severity: critical, Rules: 1",842089e5593c1a65
2026-01-16T16:20:51.487238Z,Rule Firing,cmdoptions.py,"Score: 95, Severity: critical, Rules: 1",7151d8fa8f6f81be
2026-01-16T16:20:51.487238Z,Rule Firing,command_context.py,"Score: 95, Severity: critical, Rules: 1",b6bd76861340e7a0
2026-01-16T16:20:51.487238Z,Rule Firing,index_command.py,"Score: 95, Severity: critical, Rules: 1",1483fa37c794fbde
2026-01-16T16:20:51.487238Z,Rule Firing,main.py,"Score: 95, Severity: critical, Rules: 1",93ecfcc04f34ae1c
2026-01-16T16:20:51.487238Z,Rule Firing,main_parser.py,"Score: 95, Severity: critical, Rules: 1",95e3a781f90dc045
2026-01-16T16:20:51.487238Z,Rule Firing,parser.py,"Score: 95, Severity: critical, Rules: 1",354cf09bffcca473
2026-01-16T16:20:51.494269Z,Rule Firing,progress_bars.py,"Score: 95, Severity: critical, Rules: 1",99bf4f487fa62ec9
2026-01-16T16:20:51.494269Z,Rule Firing,req_command.py,"Score: 95, Severity: critical, Rules: 1",096fa3ac7b540759
2026-01-16T16:20:51.494269Z,Rule Firing,spinners.py,"Score: 95, Severity: critical, Rules: 1",8679140f96f2ce45
2026-01-16T16:20:51.556334Z,Rule Firing,status_codes.py,"Score: 95, Severity: critical, Rules: 1",f4c8350aa29d5fb6
2026-01-16T16:20:51.558339Z,Rule Firing,__init__.py,"Score: 95, Severity: critical, Rules: 1",1d3437e601bee3a8
2026-01-16T16:20:51.562478Z,Rule Firing,cache.cpython-311.pyc,"Score: 95, Severity: critical, Rules: 1",a4bd9c1876683b48
2026-01-16T16:20:51.562478Z,Rule Firing,check.cpython-311.pyc,"Score: 95, Severity: critical, Rules: 1",2256b92564ed8083
2026-01-16T16:20:51.562478Z,Rule Firing,completion.cpython-311.pyc,"Score: 95, Severity: critical, Rules: 1",6ca5f2ec99aaaac7
2026-01-16T16:20:51.564483Z,Rule Firing,configuration.cpython-311.pyc,"Score: 95, Severity: critical, Rules: 1",af85e3f5efd1d55e
2026-01-16T16:20:51.564483Z,Rule Firing,debug.cpython-311.pyc,"Score: 95, Severity: critical, Rules: 1",713455e246b05161
2026-01-16T16:20:51.564483Z,Rule Firing,download.cpython-311.pyc,"Score: 95, Severity: critical, Rules: 1",d59deb50bde4bb96
2026-01-16T16:20:51.566229Z,Rule Firing,freeze.cpython-311.pyc,"Score: 95, Severity: critical, Rules: 1",51a0801e0101b31b
2026-01-16T16:20:51.566229Z,Rule Firing,hash.cpython-311.pyc,"Score: 95, Severity: critical, Rules: 1",537b3c3ba38c5de9
2026-01-16T16:20:51.630390Z,Rule Firing,help.cpython-311.pyc,"Score: 95, Severity: critical, Rules: 1",b749af7c632aeb81
2026-01-16T16:20:51.630390Z,Rule Firing,index.cpython-311.pyc,"Score: 95, Severity: critical, Rules: 1",631acd40977f4ba8
2026-01-16T16:20:51.630390Z,Rule Firing,inspect.cpython-311.pyc,"Score: 95, Severity: critical, Rules: 1",c07661138df645f7
2026-01-16T16:20:51.634380Z,Rule Firing,install.cpython-311.pyc,"Score: 95, Severity: critical, Rules: 1",6df54d34cd69d9b6
2026-01-16T16:20:51.634380Z,Rule Firing,list.cpython-311.pyc,"Score: 95, Severity: critical, Rules: 1",0e4b6f702d7e0ee3
2026-01-16T16:20:51.634380Z,Rule Firing,lock.cpython-311.pyc,"Score: 95, Severity: critical, Rules: 1",53a5c4bc0d6d360b
2026-01-16T16:20:51.634380Z,Rule Firing,search.cpython-311.pyc,"Score: 95, Severity: critical, Rules: 1",2578c6f1fbad4f62
2026-01-16T16:20:51.634380Z,Rule Firing,show.cpython-311.pyc,"Score: 95, Severity: critical, Rules: 1",c7fca06151332e0e
2026-01-16T16:20:51.634380Z,Rule Firing,uninstall.cpython-311.pyc,"Score: 95, Severity: critical, Rules: 1",051cf6a67b7d50d3
2026-01-16T16:20:51.634380Z,Rule Firing,wheel.cpython-311.pyc,"Score: 95, Severity: critical, Rules: 1",47641a178d3da937
2026-01-16T16:20:51.694665Z,Rule Firing,__init__.cpython-311.pyc,"Score: 95, Severity: critical, Rules: 1",607fd5ceed56fc93
2026-01-16T16:20:51.704418Z,Rule Firing,cache.py,"Score: 95, Severity: critical, Rules: 1",5fe437644d012ca8
2026-01-16T16:20:51.704418Z,Rule Firing,check.py,"Score: 95, Severity: critical, Rules: 1",debe063e88dadeb6
2026-01-16T16:20:51.704418Z,Rule Firing,completion.py,"Score: 95, Severity: critical, Rules: 1",8bb6f4222a90a3bb
2026-01-16T16:20:51.704418Z,Rule Firing,configuration.py,"Score: 95, Severity: critical, Rules: 1",0b7790a9f3af755e
2026-01-16T16:20:51.709461Z,Rule Firing,debug.py,"Score: 95, Severity: critical, Rules: 1",bfd1e175ff44b44c
2026-01-16T16:20:51.709461Z,Rule Firing,download.py,"Score: 95, Severity: critical, Rules: 1",a199d2170c4324e7
2026-01-16T16:20:51.709461Z,Rule Firing,freeze.py,"Score: 95, Severity: critical, Rules: 1",e1451d35f8ef735d
2026-01-16T16:20:51.709461Z,Rule Firing,hash.py,"Score: 95, Severity: critical, Rules: 1",b733c1f7c98deba0
2026-01-16T16:20:51.709461Z,Rule Firing,help.py,"Score: 95, Severity: critical, Rules: 1",48e8cdc8d4f5a505
2026-01-16T16:20:51.774533Z,Rule Firing,index.py,"Score: 95, Severity: critical, Rules: 1",9988767de2ba4aef
2026-01-16T16:20:51.774533Z,Rule Firing,inspect.py,"Score: 95, Severity: critical, Rules: 1",36cd530f63d3a422
2026-01-16T16:20:51.774533Z,Rule Firing,install.py,"Score: 95, Severity: critical, Rules: 1",53d237bb99ab5d6f
2026-01-16T16:20:51.774533Z,Rule Firing,list.py,"Score: 95, Severity: critical, Rules: 1",bf296f65d9645ea4
2026-01-16T16:20:51.774533Z,Rule Firing,lock.py,"Score: 95, Severity: critical, Rules: 1",338ce3685938e324
2026-01-16T16:20:51.774533Z,Rule Firing,search.py,"Score: 95, Severity: critical, Rules: 1",dd962f48c55a2dbd
2026-01-16T16:20:51.774533Z,Rule Firing,show.py,"Score: 95, Severity: critical, Rules: 1",29aaee7c3474ec54
2026-01-16T16:20:51.778663Z,Rule Firing,uninstall.py,"Score: 95, Severity: critical, Rules: 1",c309d136343d9647
2026-01-16T16:20:51.778663Z,Rule Firing,wheel.py,"Score: 95, Severity: critical, Rules: 1",7b4c9f0bb0ad0bb4
2026-01-16T16:20:51.778663Z,Rule Firing,__init__.py,"Score: 95, Severity: critical, Rules: 1",9b9243dc7a628a7f
2026-01-16T16:20:51.844678Z,Rule Firing,base.cpython-311.pyc,"Score: 95, Severity: critical, Rules: 1",19069f7dd1caed42
2026-01-16T16:20:51.844678Z,Rule Firing,installed.cpython-311.pyc,"Score: 95, Severity: critical, Rules: 1",1a6d9aca2d4c1b85
2026-01-16T16:20:51.844678Z,Rule Firing,sdist.cpython-311.pyc,"Score: 95, Severity: critical, Rules: 1",f51579e949aee5ba
2026-01-16T16:20:51.844678Z,Rule Firing,wheel.cpython-311.pyc,"Score: 95, Severity: critical, Rules: 1",fdaabb05caa1f4b0
2026-01-16T16:20:51.851502Z,Rule Firing,__init__.cpython-311.pyc,"Score: 95, Severity: critical, Rules: 1",20d7c84222e02af0
2026-01-16T16:20:51.851502Z,Rule Firing,base.py,"Score: 95, Severity: critical, Rules: 1",c7fdc1a8b038c378
2026-01-16T16:20:51.851502Z,Rule Firing,installed.py,"Score: 95, Severity: critical, Rules: 1",c166aeb0d640a068
2026-01-16T16:20:51.853561Z,Rule Firing,sdist.py,"Score: 95, Severity: critical, Rules: 1",383ce779a3fe5498
2026-01-16T16:20:51.854568Z,Rule Firing,wheel.py,"Score: 95, Severity: critical, Rules: 1",899be49cfc61599d
2026-01-16T16:20:51.854568Z,Rule Firing,__init__.py,"Score: 95, Severity: critical, Rules: 1",42e04e19b249598f
2026-01-16T16:20:51.914479Z,Rule Firing,collector.cpython-311.pyc,"Score: 95, Severity: critical, Rules: 1",78e1b0db428f0acf
2026-01-16T16:20:51.914479Z,Rule Firing,package_finder.cpython-311.pyc,"Score: 95, Severity: critical, Rules: 1",2f1b844f972fe5a6
2026-01-16T16:20:51.919729Z,Rule Firing,sources.cpython-311.pyc,"Score: 95, Severity: critical, Rules: 1",05f8bfbe8c6430cc
2026-01-16T16:20:51.919729Z,Rule Firing,__init__.cpython-311.pyc,"Score: 95, Severity: critical, Rules: 1",6d26bf7801d6083a
2026-01-16T16:20:51.919729Z,Rule Firing,collector.py,"Score: 95, Severity: critical, Rules: 1",179fc23bb4aff060
2026-01-16T16:20:51.919729Z,Rule Firing,package_finder.py,"Score: 95, Severity: critical, Rules: 1",49b724136d614ac7
2026-01-16T16:20:51.919729Z,Rule Firing,sources.py,"Score: 95, Severity: critical, Rules: 1",be8ace6f3072f6f0
2026-01-16T16:20:51.919729Z,Rule Firing,__init__.py,"Score: 95, Severity: critical, Rules: 1",c7841cfe1ab74bd9
2026-01-16T16:20:51.924351Z,Rule Firing,base.cpython-311.pyc,"Score: 95, Severity: critical, Rules: 1",b033a8543b030252
2026-01-16T16:20:51.924351Z,Rule Firing,_distutils.cpython-311.pyc,"Score: 95, Severity: critical, Rules: 1",53f082c1be4053a1
2026-01-16T16:20:51.984394Z,Rule Firing,_sysconfig.cpython-311.pyc,"Score: 95, Severity: critical, Rules: 1",5b57d6b6c34065d8
2026-01-16T16:20:51.984394Z,Rule Firing,__init__.cpython-311.pyc,"Score: 95, Severity: critical, Rules: 1",288941f9a50035bd
2026-01-16T16:20:51.984394Z,Rule Firing,base.py,"Score: 95, Severity: critical, Rules: 1",67d7f368af9c53cc
2026-01-16T16:20:51.984394Z,Rule Firing,_distutils.py,"Score: 95, Severity: critical, Rules: 1",9f88622f58632354
2026-01-16T16:20:51.989527Z,Rule Firing,_sysconfig.py,"Score: 95, Severity: critical, Rules: 1",9c0a18687adee6ba
2026-01-16T16:20:51.989527Z,Rule Firing,__init__.py,"Score: 95, Severity: critical, Rules: 1",6e15a1f2ee58e888
2026-01-16T16:20:51.989527Z,Rule Firing,_compat.cpython-311.pyc,"Score: 95, Severity: critical, Rules: 1",ea95c40f3fe6dd0b
2026-01-16T16:20:51.989527Z,Rule Firing,_dists.cpython-311.pyc,"Score: 95, Severity: critical, Rules: 1",a16cd0d8ae7e8a1a
2026-01-16T16:20:51.989527Z,Rule Firing,_envs.cpython-311.pyc,"Score: 95, Severity: critical, Rules: 1",d555c08f2d0c3308
2026-01-16T16:20:51.993540Z,Rule Firing,__init__.cpython-311.pyc,"Score: 95, Severity: critical, Rules: 1",c5d3b911fe533e89
2026-01-16T16:20:52.054567Z,Rule Firing,_compat.py,"Score: 95, Severity: critical, Rules: 1",411fd6fe5ed3fc1d
2026-01-16T16:20:52.056312Z,Rule Firing,_dists.py,"Score: 95, Severity: critical, Rules: 1",31f9cf8c4cb4091c
2026-01-16T16:20:52.056312Z,Rule Firing,_envs.py,"Score: 95, Severity: critical, Rules: 1",793e55f63328b7b7
2026-01-16T16:20:52.056312Z,Rule Firing,__init__.py,"Score: 95, Severity: critical, Rules: 1",b0906239a84fea7b
2026-01-16T16:20:52.058319Z,Rule Firing,base.cpython-311.pyc,"Score: 95, Severity: critical, Rules: 1",ad60de506c870891
2026-01-16T16:20:52.058319Z,Rule Firing,pkg_resources.cpython-311.pyc,"Score: 95, Severity: critical, Rules: 1",71bbdb7cecd23c87
2026-01-16T16:20:52.058319Z,Rule Firing,_json.cpython-311.pyc,"Score: 95, Severity: critical, Rules: 1",1a7c082df7b2773a
2026-01-16T16:20:52.058319Z,Rule Firing,__init__.cpython-311.pyc,"Score: 95, Severity: critical, Rules: 1",b020a846f277f997
2026-01-16T16:20:52.060397Z,Rule Firing,base.py,"Score: 95, Severity: critical, Rules: 1",9aee2d901b2be9dd
2026-01-16T16:20:52.060397Z,Rule Firing,pkg_resources.py,"Score: 95, Severity: critical, Rules: 1",8eabfe7e6c0a143a
2026-01-16T16:20:52.122427Z,Rule Firing,_json.py,"Score: 95, Severity: critical, Rules: 1",741b983094a2be0b
2026-01-16T16:20:52.122427Z,Rule Firing,__init__.py,"Score: 95, Severity: critical, Rules: 1",5cdfc27a0296b3e9
2026-01-16T16:20:52.124432Z,Rule Firing,candidate.cpython-311.pyc,"Score: 95, Severity: critical, Rules: 1",0be1933c59caad10
2026-01-16T16:20:52.124432Z,Rule Firing,direct_url.cpython-311.pyc,"Score: 95, Severity: critical, Rules: 1",b578165314de7fed
2026-01-16T16:20:52.124432Z,Rule Firing,format_control.cpython-311.pyc,"Score: 95, Severity: critical, Rules: 1",309a557589ff8652
2026-01-16T16:20:52.128442Z,Rule Firing,index.cpython-311.pyc,"Score: 95, Severity: critical, Rules: 1",6864c5457b2f751a
2026-01-16T16:20:52.128442Z,Rule Firing,installation_report.cpython-311.pyc,"Score: 95, Severity: critical, Rules: 1",cc39f7f0b12fdcbc
2026-01-16T16:20:52.128442Z,Rule Firing,link.cpython-311.pyc,"Score: 95, Severity: critical, Rules: 1",f7defadd6ab78cb6
2026-01-16T16:20:52.128442Z,Rule Firing,pylock.cpython-311.pyc,"Score: 95, Severity: critical, Rules: 1",5f786be7484b1276
2026-01-16T16:20:52.128442Z,Rule Firing,scheme.cpython-311.pyc,"Score: 95, Severity: critical, Rules: 1",d5bb678152d07463
2026-01-16T16:20:52.194363Z,Rule Firing,search_scope.cpython-311.pyc,"Score: 95, Severity: critical, Rules: 1",dcab2f250f25dfec
2026-01-16T16:20:52.199494Z,Rule Firing,selection_prefs.cpython-311.pyc,"Score: 95, Severity: critical, Rules: 1",feebc07cff8cf3fc
2026-01-16T16:20:52.199494Z,Rule Firing,target_python.cpython-311.pyc,"Score: 95, Severity: critical, Rules: 1",d7b3442173bb472a
2026-01-16T16:20:52.199494Z,Rule Firing,wheel.cpython-311.pyc,"Score: 95, Severity: critical, Rules: 1",11b61fa2b02a4dbc
2026-01-16T16:20:52.199494Z,Rule Firing,__init__.cpython-311.pyc,"Score: 95, Severity: critical, Rules: 1",ec092cc5a2a9fd71
2026-01-16T16:20:52.199494Z,Rule Firing,candidate.py,"Score: 95, Severity: critical, Rules: 1",ed4ccbd720bb16e4
2026-01-16T16:20:52.199494Z,Rule Firing,direct_url.py,"Score: 95, Severity: critical, Rules: 1",52b2f42cfa1044ec
2026-01-16T16:20:52.199494Z,Rule Firing,format_control.py,"Score: 95, Severity: critical, Rules: 1",dfd88533b92de08a
2026-01-16T16:20:52.199494Z,Rule Firing,index.py,"Score: 95, Severity: critical, Rules: 1",66cd4798f75a210f
2026-01-16T16:20:52.199494Z,Rule Firing,installation_report.py,"Score: 95, Severity: critical, Rules: 1",5ca71d9042421b46
2026-01-16T16:20:52.269407Z,Rule Firing,link.py,"Score: 95, Severity: critical, Rules: 1",29d36935d530b00f
2026-01-16T16:20:52.269407Z,Rule Firing,pylock.py,"Score: 95, Severity: critical, Rules: 1",7140f7dc677bb71b
2026-01-16T16:20:52.269407Z,Rule Firing,scheme.py,"Score: 95, Severity: critical, Rules: 1",a716351554d57fa2
2026-01-16T16:20:52.269407Z,Rule Firing,search_scope.py,"Score: 95, Severity: critical, Rules: 1",d33835db0818b9ee
2026-01-16T16:20:52.269407Z,Rule Firing,selection_prefs.py,"Score: 95, Severity: critical, Rules: 1",94f6377e6597f626
2026-01-16T16:20:52.274425Z,Rule Firing,target_python.py,"Score: 95, Severity: critical, Rules: 1",04a76272a11bfa33
2026-01-16T16:20:52.274425Z,Rule Firing,wheel.py,"Score: 95, Severity: critical, Rules: 1",761194c7a4f01f9c
2026-01-16T16:20:52.274425Z,Rule Firing,__init__.py,"Score: 95, Severity: critical, Rules: 1",091526eafaf01ddb
2026-01-16T16:20:52.274425Z,Rule Firing,auth.cpython-311.pyc,"Score: 95, Severity: critical, Rules: 1",afa9f4d3a80a3aee
2026-01-16T16:20:52.278820Z,Rule Firing,cache.cpython-311.pyc,"Score: 95, Severity: critical, Rules: 1",c59f9278237d3927
2026-01-16T16:20:52.346393Z,Rule Firing,download.cpython-311.pyc,"Score: 95, Severity: critical, Rules: 1",086de277963e2821
2026-01-16T16:20:52.348398Z,Rule Firing,lazy_wheel.cpython-311.pyc,"Score: 95, Severity: critical, Rules: 1",456dcbd2e1e4ad71
2026-01-16T16:20:52.348398Z,Rule Firing,session.cpython-311.pyc,"Score: 95, Severity: critical, Rules: 1",dc812fb08af9dc9c
2026-01-16T16:20:52.348398Z,Rule Firing,utils.cpython-311.pyc,"Score: 95, Severity: critical, Rules: 1",1c3be82133b4ddaa
2026-01-16T16:20:52.348398Z,Rule Firing,xmlrpc.cpython-311.pyc,"Score: 95, Severity: critical, Rules: 1",bc0b5687ee1d227e
2026-01-16T16:20:52.350404Z,Rule Firing,__init__.cpython-311.pyc,"Score: 95, Severity: critical, Rules: 1",369bef8d13a94887
2026-01-16T16:20:52.350404Z,Rule Firing,auth.py,"Score: 95, Severity: critical, Rules: 1",cf99344ff131f020
2026-01-16T16:20:52.350404Z,Rule Firing,cache.py,"Score: 95, Severity: critical, Rules: 1",c14a3ee5eeb68e68
2026-01-16T16:20:52.350404Z,Rule Firing,download.py,"Score: 95, Severity: critical, Rules: 1",cf514f4a2ae065b5
2026-01-16T16:20:52.352410Z,Rule Firing,lazy_wheel.py,"Score: 95, Severity: critical, Rules: 1",a23fc949431beb5b
2026-01-16T16:20:52.414213Z,Rule Firing,session.py,"Score: 95, Severity: critical, Rules: 1",a4efccc99af4066b
2026-01-16T16:20:52.416327Z,Rule Firing,utils.py,"Score: 95, Severity: critical, Rules: 1",f8d5cf83e6179f35
2026-01-16T16:20:52.416327Z,Rule Firing,xmlrpc.py,"Score: 95, Severity: critical, Rules: 1",340138ac22e17e8b
2026-01-16T16:20:52.416327Z,Rule Firing,__init__.py,"Score: 95, Severity: critical, Rules: 1",fa4891cfd0d7b635
2026-01-16T16:20:52.418333Z,Rule Firing,__init__.py,"Score: 30, Severity: low, Rules: 1",311dc03a503a670d
2026-01-16T16:20:52.418333Z,Rule Firing,__init__.py,"Score: 30, Severity: low, Rules: 1",c21082e65aa93a15
2026-01-16T16:20:52.420339Z,Rule Firing,build_tracker.cpython-311.pyc,"Score: 95, Severity: critical, Rules: 1",26dad60ac455f1f5
2026-01-16T16:20:52.420339Z,Rule Firing,metadata.cpython-311.pyc,"Score: 95, Severity: critical, Rules: 1",ab8d47f043f67486
2026-01-16T16:20:52.420339Z,Rule Firing,metadata_editable.cpython-311.pyc,"Score: 95, Severity: critical, Rules: 1",3845475f06c8176b
2026-01-16T16:20:52.423702Z,Rule Firing,wheel.cpython-311.pyc,"Score: 95, Severity: critical, Rules: 1",7e008e9e19f799e5
2026-01-16T16:20:52.488719Z,Rule Firing,wheel_editable.cpython-311.pyc,"Score: 95, Severity: critical, Rules: 1",cec22568c4e118a8
2026-01-16T16:20:52.488719Z,Rule Firing,__init__.cpython-311.pyc,"Score: 95, Severity: critical, Rules: 1",d345f2f3ad1a1aed
2026-01-16T16:20:52.488719Z,Rule Firing,build_tracker.py,"Score: 95, Severity: critical, Rules: 1",fa2cbed25d2acf11
2026-01-16T16:20:52.488719Z,Rule Firing,metadata.py,"Score: 95, Severity: critical, Rules: 1",05bda01cb563da43
2026-01-16T16:20:52.490725Z,Rule Firing,metadata_editable.py,"Score: 95, Severity: critical, Rules: 1",75db86e05bdad16a
2026-01-16T16:20:52.490725Z,Rule Firing,wheel.py,"Score: 95, Severity: critical, Rules: 1",7b0b19185cc8b1d8
2026-01-16T16:20:52.490725Z,Rule Firing,wheel_editable.py,"Score: 95, Severity: critical, Rules: 1",284f205654d6c7dc
2026-01-16T16:20:52.490725Z,Rule Firing,__init__.py,"Score: 100, Severity: critical, Rules: 2",9c73a3a863450420
2026-01-16T16:20:52.490725Z,Rule Firing,wheel.cpython-311.pyc,"Score: 95, Severity: critical, Rules: 1",4ea82eaf6919ee0b
2026-01-16T16:20:52.490725Z,Rule Firing,__init__.cpython-311.pyc,"Score: 95, Severity: critical, Rules: 1",e58da204ebab37dd
2026-01-16T16:20:52.564669Z,Rule Firing,wheel.py,"Score: 95, Severity: critical, Rules: 1",dae922cf962668e5
2026-01-16T16:20:52.564669Z,Rule Firing,__init__.py,"Score: 95, Severity: critical, Rules: 1",0b0349ed813b23dd
2026-01-16T16:20:52.564669Z,Rule Firing,check.cpython-311.pyc,"Score: 95, Severity: critical, Rules: 1",e576d9fa1c3cf2b3
2026-01-16T16:20:52.564669Z,Rule Firing,freeze.cpython-311.pyc,"Score: 95, Severity: critical, Rules: 1",7a8f3b818561054d
2026-01-16T16:20:52.564669Z,Rule Firing,prepare.cpython-311.pyc,"Score: 95, Severity: critical, Rules: 1",5fa48d51361f6456
2026-01-16T16:20:52.564669Z,Rule Firing,__init__.cpython-311.pyc,"Score: 95, Severity: critical, Rules: 1",abc424d5cc1ebb91
2026-01-16T16:20:52.564669Z,Rule Firing,check.py,"Score: 95, Severity: critical, Rules: 1",273569983992f9c8
2026-01-16T16:20:52.564669Z,Rule Firing,freeze.py,"Score: 95, Severity: critical, Rules: 1",77c3df0e3f103d7a
2026-01-16T16:20:52.564669Z,Rule Firing,prepare.py,"Score: 95, Severity: critical, Rules: 1",795e82b0237b753b
2026-01-16T16:20:52.574483Z,Rule Firing,__init__.py,"Score: 100, Severity: critical, Rules: 2",6c99746d6a1cfa7b
2026-01-16T16:20:52.642691Z,Rule Firing,constructors.cpython-311.pyc,"Score: 95, Severity: critical, Rules: 1",ffceee1fd379e8d6
2026-01-16T16:20:52.644703Z,Rule Firing,req_dependency_group.cpython-311.pyc,"Score: 95, Severity: critical, Rules: 1",a05b3ed6afa34835
2026-01-16T16:20:52.644703Z,Rule Firing,req_file.cpython-311.pyc,"Score: 95, Severity: critical, Rules: 1",e1424993f1cda568
2026-01-16T16:20:52.644703Z,Rule Firing,req_install.cpython-311.pyc,"Score: 95, Severity: critical, Rules: 1",b532478bce46d358
2026-01-16T16:20:52.644703Z,Rule Firing,req_set.cpython-311.pyc,"Score: 95, Severity: critical, Rules: 1",171327e23825716f
2026-01-16T16:20:52.644703Z,Rule Firing,req_uninstall.cpython-311.pyc,"Score: 95, Severity: critical, Rules: 1",85b682c05f04c138
2026-01-16T16:20:52.644703Z,Rule Firing,__init__.cpython-311.pyc,"Score: 95, Severity: critical, Rules: 1",1a923683da991ba9
2026-01-16T16:20:52.649457Z,Rule Firing,constructors.py,"Score: 95, Severity: critical, Rules: 1",6b61d8cd8db3474b
2026-01-16T16:20:52.649457Z,Rule Firing,req_dependency_group.py,"Score: 95, Severity: critical, Rules: 1",1c78fac69c05a8f7
2026-01-16T16:20:52.649457Z,Rule Firing,req_file.py,"Score: 95, Severity: critical, Rules: 1",f7c099ca95a516c2
2026-01-16T16:20:52.714369Z,Rule Firing,req_install.py,"Score: 95, Severity: critical, Rules: 1",fb9fb1254828a980
2026-01-16T16:20:52.714369Z,Rule Firing,req_set.py,"Score: 95, Severity: critical, Rules: 1",94dab90baf3a308c
2026-01-16T16:20:52.714369Z,Rule Firing,req_uninstall.py,"Score: 95, Severity: critical, Rules: 1",10fb2b1ad54dbfaa
2026-01-16T16:20:52.714369Z,Rule Firing,__init__.py,"Score: 95, Severity: critical, Rules: 1",d36d8f940fc4c776
2026-01-16T16:20:52.714369Z,Rule Firing,__init__.py,"Score: 30, Severity: low, Rules: 1",5099588ca0f36136
2026-01-16T16:20:52.714369Z,Rule Firing,__init__.py,"Score: 30, Severity: low, Rules: 1",2debcc97ea88ef7c
2026-01-16T16:20:52.714369Z,Rule Firing,resolver.cpython-311.pyc,"Score: 95, Severity: critical, Rules: 1",369761110773a9fb
2026-01-16T16:20:52.714369Z,Rule Firing,__init__.cpython-311.pyc,"Score: 95, Severity: critical, Rules: 1",49f4dd2a59478823
2026-01-16T16:20:52.714369Z,Rule Firing,resolver.py,"Score: 95, Severity: critical, Rules: 1",b04558f259d882d2
2026-01-16T16:20:52.714369Z,Rule Firing,__init__.py,"Score: 100, Severity: critical, Rules: 2",43e7b0fe79b7d994
2026-01-16T16:20:52.779560Z,Rule Firing,__init__.py,"Score: 30, Severity: low, Rules: 1",7f7152248b6a7315
2026-01-16T16:20:52.784586Z,Rule Firing,base.cpython-311.pyc,"Score: 95, Severity: critical, Rules: 1",08dbe1d4f40b20b4
2026-01-16T16:20:52.786341Z,Rule Firing,candidates.cpython-311.pyc,"Score: 95, Severity: critical, Rules: 1",e63e6148fb6742ce
2026-01-16T16:20:52.786341Z,Rule Firing,factory.cpython-311.pyc,"Score: 95, Severity: critical, Rules: 1",7c8e23107a88ec74
2026-01-16T16:20:52.786341Z,Rule Firing,found_candidates.cpython-311.pyc,"Score: 95, Severity: critical, Rules: 1",b0a829db99a523bd
2026-01-16T16:20:52.790196Z,Rule Firing,provider.cpython-311.pyc,"Score: 95, Severity: critical, Rules: 1",6ae43a7aac2edac6
2026-01-16T16:20:52.790196Z,Rule Firing,reporter.cpython-311.pyc,"Score: 95, Severity: critical, Rules: 1",7903f6461d46af00
2026-01-16T16:20:52.790196Z,Rule Firing,requirements.cpython-311.pyc,"Score: 95, Severity: critical, Rules: 1",fb77bd0eaf449c89
2026-01-16T16:20:52.790196Z,Rule Firing,resolver.cpython-311.pyc,"Score: 95, Severity: critical, Rules: 1",ba2bd95d4d97cdbe
2026-01-16T16:20:52.790196Z,Rule Firing,__init__.cpython-311.pyc,"Score: 95, Severity: critical, Rules: 1",561e2dc9cb8ed5ce
2026-01-16T16:20:52.864525Z,Rule Firing,base.py,"Score: 95, Severity: critical, Rules: 1",07eb3b1e0559a320
2026-01-16T16:20:52.865649Z,Rule Firing,candidates.py,"Score: 95, Severity: critical, Rules: 1",a486c43047f8e56f
2026-01-16T16:20:52.865649Z,Rule Firing,factory.py,"Score: 95, Severity: critical, Rules: 1",753b9204484d371f
2026-01-16T16:20:52.865649Z,Rule Firing,found_candidates.py,"Score: 95, Severity: critical, Rules: 1",a8e5df4bd7317343
2026-01-16T16:20:52.865649Z,Rule Firing,provider.py,"Score: 95, Severity: critical, Rules: 1",99dcf957f41ffba0
2026-01-16T16:20:52.865649Z,Rule Firing,reporter.py,"Score: 95, Severity: critical, Rules: 1",20102eb66b44aaaa
2026-01-16T16:20:52.865649Z,Rule Firing,requirements.py,"Score: 95, Severity: critical, Rules: 1",cb1215c9ad69cac9
2026-01-16T16:20:52.865649Z,Rule Firing,resolver.py,"Score: 95, Severity: critical, Rules: 1",75ce1548672faf3f
2026-01-16T16:20:52.865649Z,Rule Firing,__init__.py,"Score: 100, Severity: critical, Rules: 2",4eae995b2b6b6763
2026-01-16T16:20:52.865649Z,Rule Firing,base.cpython-311.pyc,"Score: 95, Severity: critical, Rules: 1",1236bc33aa33c34b
2026-01-16T16:20:52.928796Z,Rule Firing,__init__.cpython-311.pyc,"Score: 95, Severity: critical, Rules: 1",9dcbdf93e411ad0c
2026-01-16T16:20:52.928796Z,Rule Firing,base.py,"Score: 95, Severity: critical, Rules: 1",dc26fbff6c00a5ad
2026-01-16T16:20:52.928796Z,Rule Firing,__init__.py,"Score: 100, Severity: critical, Rules: 2",0f103b3b880c8d7e
2026-01-16T16:20:52.934483Z,Rule Firing,__init__.py,"Score: 30, Severity: low, Rules: 1",a49dd1006da8f4d1
2026-01-16T16:20:52.939586Z,Rule Firing,appdirs.cpython-311.pyc,"Score: 95, Severity: critical, Rules: 1",0e1f5857b5029ab9
2026-01-16T16:20:52.939586Z,Rule Firing,compat.cpython-311.pyc,"Score: 95, Severity: critical, Rules: 1",2648772293d88efe
2026-01-16T16:20:52.939586Z,Rule Firing,compatibility_tags.cpython-311.pyc,"Score: 95, Severity: critical, Rules: 1",ccd7b97e0e950c09
2026-01-16T16:20:52.939586Z,Rule Firing,datetime.cpython-311.pyc,"Score: 95, Severity: critical, Rules: 1",16c925ecca0bf9b5
2026-01-16T16:20:53.034441Z,Rule Firing,deprecation.cpython-311.pyc,"Score: 95, Severity: critical, Rules: 1",057540c8e937fc47
2026-01-16T16:20:53.034441Z,Rule Firing,direct_url_helpers.cpython-311.pyc,"Score: 95, Severity: critical, Rules: 1",cfa0d8a167adde28
2026-01-16T16:20:53.104272Z,Rule Firing,egg_link.cpython-311.pyc,"Score: 95, Severity: critical, Rules: 1",f11fc6c0d7213bcc
2026-01-16T16:20:53.104272Z,Rule Firing,entrypoints.cpython-311.pyc,"Score: 95, Severity: critical, Rules: 1",31173d757adbd291
2026-01-16T16:20:53.104272Z,Rule Firing,filesystem.cpython-311.pyc,"Score: 95, Severity: critical, Rules: 1",2b9d0198bf557f7e
2026-01-16T16:20:53.104272Z,Rule Firing,filetypes.cpython-311.pyc,"Score: 95, Severity: critical, Rules: 1",f043a0f63b1c5e85
2026-01-16T16:20:53.104272Z,Rule Firing,glibc.cpython-311.pyc,"Score: 95, Severity: critical, Rules: 1",74963da7bbbda126
2026-01-16T16:20:53.104272Z,Rule Firing,hashes.cpython-311.pyc,"Score: 95, Severity: critical, Rules: 1",9d1f8e07a8a31034
2026-01-16T16:20:53.104272Z,Rule Firing,logging.cpython-311.pyc,"Score: 95, Severity: critical, Rules: 1",5574a00ca3268691
2026-01-16T16:20:53.104272Z,Rule Firing,misc.cpython-311.pyc,"Score: 95, Severity: critical, Rules: 1",f8e63be738b7bf53
2026-01-16T16:20:53.104272Z,Rule Firing,packaging.cpython-311.pyc,"Score: 95, Severity: critical, Rules: 1",558564e20b3b20ef
2026-01-16T16:20:53.104272Z,Rule Firing,retry.cpython-311.pyc,"Score: 95, Severity: critical, Rules: 1",bf2b78441b7e9cea
2026-01-16T16:20:53.179874Z,Rule Firing,subprocess.cpython-311.pyc,"Score: 95, Severity: critical, Rules: 1",d6e0d49213a83feb
2026-01-16T16:20:53.179874Z,Rule Firing,temp_dir.cpython-311.pyc,"Score: 95, Severity: critical, Rules: 1",44cc54599743ee68
2026-01-16T16:20:53.179874Z,Rule Firing,unpacking.cpython-311.pyc,"Score: 95, Severity: critical, Rules: 1",1997f660c61ab15a
2026-01-16T16:20:53.179874Z,Rule Firing,urls.cpython-311.pyc,"Score: 95, Severity: critical, Rules: 1",8bc686059357fc3f
2026-01-16T16:20:53.179874Z,Rule Firing,virtualenv.cpython-311.pyc,"Score: 95, Severity: critical, Rules: 1",594f1c30aacd0eab
2026-01-16T16:20:53.179874Z,Rule Firing,wheel.cpython-311.pyc,"Score: 95, Severity: critical, Rules: 1",377fae4430ea6c0f
2026-01-16T16:20:53.179874Z,Rule Firing,_jaraco_text.cpython-311.pyc,"Score: 95, Severity: critical, Rules: 1",76433709e60c217f
2026-01-16T16:20:53.184260Z,Rule Firing,_log.cpython-311.pyc,"Score: 95, Severity: critical, Rules: 1",cff79d3eb7d4a2d5
2026-01-16T16:20:53.184260Z,Rule Firing,__init__.cpython-311.pyc,"Score: 95, Severity: critical, Rules: 1",e803db1f2a28d062
2026-01-16T16:20:53.184260Z,Rule Firing,appdirs.py,"Score: 95, Severity: critical, Rules: 1",46cc4ef97c17e6d6
2026-01-16T16:20:53.248163Z,Rule Firing,compat.py,"Score: 95, Severity: critical, Rules: 1",b6ea0f19e03677c2
2026-01-16T16:20:53.248163Z,Rule Firing,compatibility_tags.py,"Score: 95, Severity: critical, Rules: 1",ba20e0345b8fe1f2
2026-01-16T16:20:53.248163Z,Rule Firing,datetime.py,"Score: 95, Severity: critical, Rules: 1",4bb7be556922fc8b
2026-01-16T16:20:53.248163Z,Rule Firing,deprecation.py,"Score: 95, Severity: critical, Rules: 1",8a4987873de7dc7a
2026-01-16T16:20:53.248163Z,Rule Firing,direct_url_helpers.py,"Score: 95, Severity: critical, Rules: 1",28e8524170faebfa
2026-01-16T16:20:53.248163Z,Rule Firing,egg_link.py,"Score: 95, Severity: critical, Rules: 1",f047dc2b5afe98fa
2026-01-16T16:20:53.253096Z,Rule Firing,entrypoints.py,"Score: 95, Severity: critical, Rules: 1",d293e04c8b265cf0
2026-01-16T16:20:53.253096Z,Rule Firing,filesystem.py,"Score: 95, Severity: critical, Rules: 1",42acfa1154c9ffdd
2026-01-16T16:20:53.254781Z,Rule Firing,filetypes.py,"Score: 95, Severity: critical, Rules: 1",736b084c6efa763e
2026-01-16T16:20:53.254781Z,Rule Firing,glibc.py,"Score: 95, Severity: critical, Rules: 1",aa9458a5b38eb334
2026-01-16T16:20:53.328274Z,Rule Firing,hashes.py,"Score: 95, Severity: critical, Rules: 1",b9e1cbb2530dcb05
2026-01-16T16:20:53.328274Z,Rule Firing,logging.py,"Score: 95, Severity: critical, Rules: 1",ca6d70772194ac2b
2026-01-16T16:20:53.328274Z,Rule Firing,misc.py,"Score: 95, Severity: critical, Rules: 1",1bf09508102b6490
2026-01-16T16:20:53.330287Z,Rule Firing,packaging.py,"Score: 95, Severity: critical, Rules: 1",e6efc0cb0029d5f4
2026-01-16T16:20:53.330287Z,Rule Firing,retry.py,"Score: 95, Severity: critical, Rules: 1",90c136f5daef7064
2026-01-16T16:20:53.330287Z,Rule Firing,subprocess.py,"Score: 95, Severity: critical, Rules: 1",61a8810e0e075858
2026-01-16T16:20:53.330287Z,Rule Firing,temp_dir.py,"Score: 95, Severity: critical, Rules: 1",e4f3b294978776bc
2026-01-16T16:20:53.332298Z,Rule Firing,unpacking.py,"Score: 95, Severity: critical, Rules: 1",9fd31b176eb422c8
2026-01-16T16:20:53.334309Z,Rule Firing,urls.py,"Score: 95, Severity: critical, Rules: 1",3a0342a52af7825b
2026-01-16T16:20:53.334309Z,Rule Firing,virtualenv.py,"Score: 95, Severity: critical, Rules: 1",f1307600a6184719
2026-01-16T16:20:53.407969Z,Rule Firing,wheel.py,"Score: 95, Severity: critical, Rules: 1",28ab1f30d3cce9f1
2026-01-16T16:20:53.407969Z,Rule Firing,_jaraco_text.py,"Score: 95, Severity: critical, Rules: 1",568ee22141836c09
2026-01-16T16:20:53.407969Z,Rule Firing,_log.py,"Score: 95, Severity: critical, Rules: 1",ea8c3a1366ba7419
2026-01-16T16:20:53.407969Z,Rule Firing,__init__.py,"Score: 100, Severity: critical, Rules: 2",8d8343a50dcb8363
2026-01-16T16:20:53.407969Z,Rule Firing,bazaar.cpython-311.pyc,"Score: 95, Severity: critical, Rules: 1",85371d6c0552a8c1
2026-01-16T16:20:53.414538Z,Rule Firing,git.cpython-311.pyc,"Score: 95, Severity: critical, Rules: 1",96562bf3f22e07d8
2026-01-16T16:20:53.414538Z,Rule Firing,mercurial.cpython-311.pyc,"Score: 95, Severity: critical, Rules: 1",c8e3bdd79a0a8c18
2026-01-16T16:20:53.416810Z,Rule Firing,subversion.cpython-311.pyc,"Score: 95, Severity: critical, Rules: 1",6274d7a075bf6606
2026-01-16T16:20:53.416810Z,Rule Firing,versioncontrol.cpython-311.pyc,"Score: 95, Severity: critical, Rules: 1",7e636b3ffab8e74d
2026-01-16T16:20:53.416810Z,Rule Firing,__init__.cpython-311.pyc,"Score: 95, Severity: critical, Rules: 1",5de5fc29b0f341c7
2026-01-16T16:20:53.484499Z,Rule Firing,bazaar.py,"Score: 95, Severity: critical, Rules: 1",6b1740e88e74fc56
2026-01-16T16:20:53.484499Z,Rule Firing,git.py,"Score: 95, Severity: critical, Rules: 1",3861d86d48906741
2026-01-16T16:20:53.486246Z,Rule Firing,mercurial.py,"Score: 95, Severity: critical, Rules: 1",1f86af184bc47afd
2026-01-16T16:20:53.486246Z,Rule Firing,subversion.py,"Score: 95, Severity: critical, Rules: 1",16d9f3652c17b586
2026-01-16T16:20:53.486246Z,Rule Firing,versioncontrol.py,"Score: 95, Severity: critical, Rules: 1",fe2301d8647b3e2f
2026-01-16T16:20:53.486246Z,Rule Firing,__init__.py,"Score: 95, Severity: critical, Rules: 1",23a06c9722b84b14
2026-01-16T16:20:53.489900Z,Rule Firing,build_env.cpython-311.pyc,"Score: 95, Severity: critical, Rules: 1",a4542712390cb776
2026-01-16T16:20:53.489900Z,Rule Firing,cache.cpython-311.pyc,"Score: 95, Severity: critical, Rules: 1",51a7c32757c4af63
2026-01-16T16:20:53.489900Z,Rule Firing,configuration.cpython-311.pyc,"Score: 95, Severity: critical, Rules: 1",6821af1d5eae99f0
2026-01-16T16:20:53.489900Z,Rule Firing,exceptions.cpython-311.pyc,"Score: 95, Severity: critical, Rules: 1",33e1eeaee176676a
2026-01-16T16:20:53.559494Z,Rule Firing,main.cpython-311.pyc,"Score: 95, Severity: critical, Rules: 1",9a3c461431e9c575
2026-01-16T16:20:53.559494Z,Rule Firing,pyproject.cpython-311.pyc,"Score: 95, Severity: critical, Rules: 1",6e3cadc63e1502c9
2026-01-16T16:20:53.564509Z,Rule Firing,self_outdated_check.cpython-311.pyc,"Score: 95, Severity: critical, Rules: 1",d2e1619a2cc9c64a
2026-01-16T16:20:53.564509Z,Rule Firing,wheel_builder.cpython-311.pyc,"Score: 95, Severity: critical, Rules: 1",c7e0b5050775af69
2026-01-16T16:20:53.564509Z,Rule Firing,__init__.cpython-311.pyc,"Score: 95, Severity: critical, Rules: 1",97b093d9e6ac679e
2026-01-16T16:20:53.566262Z,Rule Firing,build_env.py,"Score: 95, Severity: critical, Rules: 1",f0a80d805d9d8d66
2026-01-16T16:20:53.566262Z,Rule Firing,cache.py,"Score: 95, Severity: critical, Rules: 1",81aefea16a262f7a
2026-01-16T16:20:53.566262Z,Rule Firing,configuration.py,"Score: 95, Severity: critical, Rules: 1",50af5bbe652eb0f9
2026-01-16T16:20:53.566262Z,Rule Firing,exceptions.py,"Score: 95, Severity: critical, Rules: 1",2c829b60faf4b7ac
2026-01-16T16:20:53.566262Z,Rule Firing,main.py,"Score: 95, Severity: critical, Rules: 1",b8bc10e8ab1f9978
2026-01-16T16:20:53.636324Z,Rule Firing,pyproject.py,"Score: 95, Severity: critical, Rules: 1",ebc1c3c9eb3d1b28
2026-01-16T16:20:53.636324Z,Rule Firing,self_outdated_check.py,"Score: 95, Severity: critical, Rules: 1",8bcca64d0f292f83
2026-01-16T16:20:53.636324Z,Rule Firing,wheel_builder.py,"Score: 95, Severity: critical, Rules: 1",4f1873c9b84a23bd
2026-01-16T16:20:53.636324Z,Rule Firing,__init__.py,"Score: 95, Severity: critical, Rules: 1",cb753acf01bb3494
2026-01-16T16:20:53.638562Z,Rule Firing,py.typed,"Score: 30, Severity: low, Rules: 1",57e454021e056363
2026-01-16T16:20:53.638562Z,Rule Firing,file_cache.cpython-311.pyc,"Score: 95, Severity: critical, Rules: 1",0d764b2255e70286
2026-01-16T16:20:53.644218Z,Rule Firing,redis_cache.cpython-311.pyc,"Score: 95, Severity: critical, Rules: 1",5fa04c1ffa16cb4e
2026-01-16T16:20:53.644218Z,Rule Firing,__init__.cpython-311.pyc,"Score: 95, Severity: critical, Rules: 1",40d4837dedbf1687
2026-01-16T16:20:53.645974Z,Rule Firing,file_cache.py,"Score: 95, Severity: critical, Rules: 1",583b69e353c1010b
2026-01-16T16:20:53.645974Z,Rule Firing,redis_cache.py,"Score: 95, Severity: critical, Rules: 1",696ea36590054a26
2026-01-16T16:20:53.728320Z,Rule Firing,__init__.py,"Score: 95, Severity: critical, Rules: 1",e852e4683074fc5c
2026-01-16T16:20:53.730330Z,Rule Firing,adapter.cpython-311.pyc,"Score: 95, Severity: critical, Rules: 1",66256fb091d42e49
2026-01-16T16:20:53.730330Z,Rule Firing,cache.cpython-311.pyc,"Score: 95, Severity: critical, Rules: 1",5d0a700a3d79f66c
2026-01-16T16:20:53.732341Z,Rule Firing,controller.cpython-311.pyc,"Score: 95, Severity: critical, Rules: 1",59d8d01b965a6ef1
2026-01-16T16:20:53.732341Z,Rule Firing,filewrapper.cpython-311.pyc,"Score: 95, Severity: critical, Rules: 1",418139c4cebe4783
2026-01-16T16:20:53.734352Z,Rule Firing,heuristics.cpython-311.pyc,"Score: 95, Severity: critical, Rules: 1",b36edf1d89e56ffc
2026-01-16T16:20:53.734352Z,Rule Firing,serialize.cpython-311.pyc,"Score: 95, Severity: critical, Rules: 1",1f9e4aa03105afc2
2026-01-16T16:20:53.736491Z,Rule Firing,wrapper.cpython-311.pyc,"Score: 95, Severity: critical, Rules: 1",35af0bb4129466bf
2026-01-16T16:20:53.736491Z,Rule Firing,_cmd.cpython-311.pyc,"Score: 95, Severity: critical, Rules: 1",6a78500f11e34a8d
2026-01-16T16:20:53.736491Z,Rule Firing,__init__.cpython-311.pyc,"Score: 95, Severity: critical, Rules: 1",1c40d4fbb3b94b68
2026-01-16T16:20:53.805728Z,Rule Firing,adapter.py,"Score: 95, Severity: critical, Rules: 1",ccb6cafa79f2547e
2026-01-16T16:20:53.805728Z,Rule Firing,cache.py,"Score: 95, Severity: critical, Rules: 1",abe4628e61546621
2026-01-16T16:20:53.805728Z,Rule Firing,controller.py,"Score: 95, Severity: critical, Rules: 1",7fc8fedd61cc826d
2026-01-16T16:20:53.805728Z,Rule Firing,filewrapper.py,"Score: 95, Severity: critical, Rules: 1",9742bd5bd31be69c
2026-01-16T16:20:53.805728Z,Rule Firing,heuristics.py,"Score: 95, Severity: critical, Rules: 1",7dcb08c8df6068dc
2026-01-16T16:20:53.805728Z,Rule Firing,LICENSE.txt,"Score: 95, Severity: critical, Rules: 1",35e28a1c6eff4c19
2026-01-16T16:20:53.805728Z,Rule Firing,py.typed,"Score: 100, Severity: critical, Rules: 2",e3c42d0a3fb91483
2026-01-16T16:20:53.805728Z,Rule Firing,serialize.py,"Score: 95, Severity: critical, Rules: 1",f19db8f24b631cd1
2026-01-16T16:20:53.805728Z,Rule Firing,wrapper.py,"Score: 95, Severity: critical, Rules: 1",67ccd4466cf0eca0
2026-01-16T16:20:53.805728Z,Rule Firing,_cmd.py,"Score: 95, Severity: critical, Rules: 1",a023e16a21774622
2026-01-16T16:20:53.874637Z,Rule Firing,__init__.py,"Score: 95, Severity: critical, Rules: 1",6b7f7cec293089e2
2026-01-16T16:20:53.874637Z,Rule Firing,py.typed,"Score: 30, Severity: low, Rules: 1",ef6617d84caac207
2026-01-16T16:20:53.874637Z,Rule Firing,core.cpython-311.pyc,"Score: 95, Severity: critical, Rules: 1",ebc9c0658f94782c
2026-01-16T16:20:53.874637Z,Rule Firing,__init__.cpython-311.pyc,"Score: 95, Severity: critical, Rules: 1",1d590011cd4ad1f3
2026-01-16T16:20:53.874637Z,Rule Firing,__main__.cpython-311.pyc,"Score: 95, Severity: critical, Rules: 1",c1be690ed55da695
2026-01-16T16:20:53.874637Z,Rule Firing,cacert.pem,"Score: 95, Severity: critical, Rules: 1",a3cdf0b6e291901d
2026-01-16T16:20:53.874637Z,Rule Firing,core.py,"Score: 95, Severity: critical, Rules: 1",33c964632b40a909
2026-01-16T16:20:53.874637Z,Rule Firing,LICENSE,"Score: 95, Severity: critical, Rules: 1",bf1296b6a59bec80
2026-01-16T16:20:53.874637Z,Rule Firing,py.typed,"Score: 100, Severity: critical, Rules: 2",6ac3199c4fc351ab
2026-01-16T16:20:53.874637Z,Rule Firing,__init__.py,"Score: 95, Severity: critical, Rules: 1",ec2e7113a361e749
2026-01-16T16:20:53.953909Z,Rule Firing,__main__.py,"Score: 95, Severity: critical, Rules: 1",345160dc5b7d02d1
2026-01-16T16:20:53.954470Z,Rule Firing,py.typed,"Score: 30, Severity: low, Rules: 1",a2f73aaaf55b62e5
2026-01-16T16:20:53.954470Z,Rule Firing,_implementation.cpython-311.pyc,"Score: 95, Severity: critical, Rules: 1",d932f02950e4232b
2026-01-16T16:20:53.954470Z,Rule Firing,_lint_dependency_groups.cpython-311.pyc,"Score: 95, Severity: critical, Rules: 1",fed9af54cffce54d
2026-01-16T16:20:53.954470Z,Rule Firing,_pip_wrapper.cpython-311.pyc,"Score: 95, Severity: critical, Rules: 1",b473a5cb81263cfc
2026-01-16T16:20:53.954470Z,Rule Firing,_toml_compat.cpython-311.pyc,"Score: 95, Severity: critical, Rules: 1",7d4f3cfd043f7ce4
2026-01-16T16:20:53.959514Z,Rule Firing,__init__.cpython-311.pyc,"Score: 95, Severity: critical, Rules: 1",d9012609de5b4dc8
2026-01-16T16:20:53.959514Z,Rule Firing,__main__.cpython-311.pyc,"Score: 95, Severity: critical, Rules: 1",9a51458fc11c215b
2026-01-16T16:20:53.959514Z,Rule Firing,LICENSE.txt,"Score: 95, Severity: critical, Rules: 1",c37d1cf96bce9b57
2026-01-16T16:20:53.959514Z,Rule Firing,py.typed,"Score: 100, Severity: critical, Rules: 2",7266d89cfa5c4190
2026-01-16T16:20:54.024482Z,Rule Firing,_implementation.py,"Score: 95, Severity: critical, Rules: 1",1e0365c0ac5c3e29
2026-01-16T16:20:54.028123Z,Rule Firing,_lint_dependency_groups.py,"Score: 95, Severity: critical, Rules: 1",cbdc7e9aa854ebe6
2026-01-16T16:20:54.028123Z,Rule Firing,_pip_wrapper.py,"Score: 95, Severity: critical, Rules: 1",ed1cdc3b32f49b8f
2026-01-16T16:20:54.028123Z,Rule Firing,_toml_compat.py,"Score: 95, Severity: critical, Rules: 1",406b9cfff21508df
2026-01-16T16:20:54.028123Z,Rule Firing,__init__.py,"Score: 95, Severity: critical, Rules: 1",b84386475ef34361
2026-01-16T16:20:54.028123Z,Rule Firing,__main__.py,"Score: 95, Severity: critical, Rules: 1",1d8cc6a0fccc92c1
2026-01-16T16:20:54.028123Z,Rule Firing,compat.cpython-311.pyc,"Score: 95, Severity: critical, Rules: 1",f8d7f22f00d3c8b8
2026-01-16T16:20:54.034425Z,Rule Firing,resources.cpython-311.pyc,"Score: 95, Severity: critical, Rules: 1",61900bf26f43744b
2026-01-16T16:20:54.034425Z,Rule Firing,scripts.cpython-311.pyc,"Score: 95, Severity: critical, Rules: 1",bfd03da4e687c915
2026-01-16T16:20:54.034425Z,Rule Firing,util.cpython-311.pyc,"Score: 95, Severity: critical, Rules: 1",080781081931847f
2026-01-16T16:20:54.107981Z,Rule Firing,__init__.cpython-311.pyc,"Score: 95, Severity: critical, Rules: 1",43e1f454b0e6cc5a
2026-01-16T16:20:54.107981Z,Rule Firing,compat.py,"Score: 95, Severity: critical, Rules: 1",51882fe4005d9edf
2026-01-16T16:20:54.107981Z,Rule Firing,LICENSE.txt,"Score: 95, Severity: critical, Rules: 1",9bec1e2a8dc46a16
2026-01-16T16:20:54.107981Z,Rule Firing,resources.py,"Score: 95, Severity: critical, Rules: 1",78dceb6c0e59ceb2
2026-01-16T16:20:54.107981Z,Rule Firing,scripts.py,"Score: 95, Severity: critical, Rules: 1",f43eebc30afb0eb9
2026-01-16T16:20:54.107981Z,Rule Firing,t32.exe,"Score: 95, Severity: critical, Rules: 1",362723397f403006
2026-01-16T16:20:54.114299Z,Rule Firing,t64-arm.exe,"Score: 95, Severity: critical, Rules: 1",258fe9f356999f93
2026-01-16T16:20:54.114299Z,Rule Firing,t64.exe,"Score: 95, Severity: critical, Rules: 1",1a391ea73beb1100
2026-01-16T16:20:54.114299Z,Rule Firing,util.py,"Score: 95, Severity: critical, Rules: 1",5cd1717fa30c6e32
2026-01-16T16:20:54.114299Z,Rule Firing,w32.exe,"Score: 95, Severity: critical, Rules: 1",78171b205b776f6c
2026-01-16T16:20:54.179451Z,Rule Firing,w64-arm.exe,"Score: 95, Severity: critical, Rules: 1",691a99bafca34c2b
2026-01-16T16:20:54.184466Z,Rule Firing,w64.exe,"Score: 95, Severity: critical, Rules: 1",16844f1128bace7a
2026-01-16T16:20:54.184466Z,Rule Firing,__init__.py,"Score: 95, Severity: critical, Rules: 1",28ab942ea2bb7c9f
2026-01-16T16:20:54.184466Z,Rule Firing,py.typed,"Score: 30, Severity: low, Rules: 1",76cb77199910f0a6
2026-01-16T16:20:54.187018Z,Rule Firing,distro.cpython-311.pyc,"Score: 95, Severity: critical, Rules: 1",8d7776b31b53cdf8
2026-01-16T16:20:54.187018Z,Rule Firing,__init__.cpython-311.pyc,"Score: 95, Severity: critical, Rules: 1",b1a5d2efa3ee4933
2026-01-16T16:20:54.187018Z,Rule Firing,__main__.cpython-311.pyc,"Score: 95, Severity: critical, Rules: 1",b00338ad18a895d3
2026-01-16T16:20:54.187018Z,Rule Firing,distro.py,"Score: 95, Severity: critical, Rules: 1",b4c751f92aa0075c
2026-01-16T16:20:54.187018Z,Rule Firing,LICENSE,"Score: 95, Severity: critical, Rules: 1",4aa2b403da0a9e03
2026-01-16T16:20:54.187018Z,Rule Firing,py.typed,"Score: 100, Severity: critical, Rules: 2",aa314118d26d2d77
2026-01-16T16:20:54.249644Z,Rule Firing,__init__.py,"Score: 95, Severity: critical, Rules: 1",669b9d3d12d80600
2026-01-16T16:20:54.254583Z,Rule Firing,__main__.py,"Score: 95, Severity: critical, Rules: 1",a1a442352fe7f11d
2026-01-16T16:20:54.254583Z,Rule Firing,py.typed,"Score: 30, Severity: low, Rules: 1",679822c89e5f7e6c
2026-01-16T16:20:54.254583Z,Rule Firing,codec.cpython-311.pyc,"Score: 95, Severity: critical, Rules: 1",79785bc7593adadc
2026-01-16T16:20:54.254583Z,Rule Firing,compat.cpython-311.pyc,"Score: 95, Severity: critical, Rules: 1",aa164b5a98341ff2
2026-01-16T16:20:54.254583Z,Rule Firing,core.cpython-311.pyc,"Score: 95, Severity: critical, Rules: 1",7bdffc6678b0b02c
2026-01-16T16:20:54.254583Z,Rule Firing,idnadata.cpython-311.pyc,"Score: 95, Severity: critical, Rules: 1",f952d0193d632992
2026-01-16T16:20:54.254583Z,Rule Firing,intranges.cpython-311.pyc,"Score: 95, Severity: critical, Rules: 1",6bf92da6698daddc
2026-01-16T16:20:54.262584Z,Rule Firing,package_data.cpython-311.pyc,"Score: 95, Severity: critical, Rules: 1",df4501e0714a6161
2026-01-16T16:20:54.262584Z,Rule Firing,uts46data.cpython-311.pyc,"Score: 95, Severity: critical, Rules: 1",4559a4e3286e429a
2026-01-16T16:20:54.328422Z,Rule Firing,__init__.cpython-311.pyc,"Score: 95, Severity: critical, Rules: 1",2ad64cbf65da7de6
2026-01-16T16:20:54.328422Z,Rule Firing,codec.py,"Score: 95, Severity: critical, Rules: 1",77eb3717f58b6cdf
2026-01-16T16:20:54.328422Z,Rule Firing,compat.py,"Score: 95, Severity: critical, Rules: 1",3ddad533178823d4
2026-01-16T16:20:54.328422Z,Rule Firing,core.py,"Score: 95, Severity: critical, Rules: 1",33afada345c021f9
2026-01-16T16:20:54.331778Z,Rule Firing,idnadata.py,"Score: 95, Severity: critical, Rules: 1",fb917a44abf12c6f
2026-01-16T16:20:54.331778Z,Rule Firing,intranges.py,"Score: 95, Severity: critical, Rules: 1",d523fb096a9079f7
2026-01-16T16:20:54.331778Z,Rule Firing,LICENSE.md,"Score: 95, Severity: critical, Rules: 1",cbbe57de651a3989
2026-01-16T16:20:54.331778Z,Rule Firing,package_data.py,"Score: 95, Severity: critical, Rules: 1",8def3b7ce2722e2c
2026-01-16T16:20:54.334367Z,Rule Firing,py.typed,"Score: 100, Severity: critical, Rules: 2",ba2108be25d21a25
2026-01-16T16:20:54.334367Z,Rule Firing,uts46data.py,"Score: 95, Severity: critical, Rules: 1",56cb273e35e639ed
2026-01-16T16:20:54.410040Z,Rule Firing,__init__.py,"Score: 95, Severity: critical, Rules: 1",7fd31bd54d1c786e
2026-01-16T16:20:54.414356Z,Rule Firing,exceptions.cpython-311.pyc,"Score: 95, Severity: critical, Rules: 1",a970bc4b29e7bec8
2026-01-16T16:20:54.416895Z,Rule Firing,ext.cpython-311.pyc,"Score: 95, Severity: critical, Rules: 1",f40d5e55652dbd39
2026-01-16T16:20:54.416895Z,Rule Firing,fallback.cpython-311.pyc,"Score: 95, Severity: critical, Rules: 1",1519e6c9d2eaad50
2026-01-16T16:20:54.416895Z,Rule Firing,__init__.cpython-311.pyc,"Score: 95, Severity: critical, Rules: 1",bcf4b3123a2a09b4
2026-01-16T16:20:54.416895Z,Rule Firing,COPYING,"Score: 95, Severity: critical, Rules: 1",44cadc4a3193fa97
2026-01-16T16:20:54.416895Z,Rule Firing,exceptions.py,"Score: 95, Severity: critical, Rules: 1",091b279df53117da
2026-01-16T16:20:54.416895Z,Rule Firing,ext.py,"Score: 95, Severity: critical, Rules: 1",40c621694d2b70bc
2026-01-16T16:20:54.416895Z,Rule Firing,fallback.py,"Score: 95, Severity: critical, Rules: 1",57b8f4593d251dfd
2026-01-16T16:20:54.416895Z,Rule Firing,__init__.py,"Score: 95, Severity: critical, Rules: 1",bd6fe4016d51ee92
2026-01-16T16:20:54.504250Z,Rule Firing,py.typed,"Score: 30, Severity: low, Rules: 1",1f6d80db44595f99
2026-01-16T16:20:54.510333Z,Rule Firing,_spdx.cpython-311.pyc,"Score: 95, Severity: critical, Rules: 1",3f5c82e75d0ccef1
2026-01-16T16:20:54.510333Z,Rule Firing,__init__.cpython-311.pyc,"Score: 95, Severity: critical, Rules: 1",b5146dafac456af9
2026-01-16T16:20:54.512348Z,Rule Firing,_spdx.py,"Score: 95, Severity: critical, Rules: 1",fc83a1cf25a8fcb2
2026-01-16T16:20:54.512348Z,Rule Firing,__init__.py,"Score: 95, Severity: critical, Rules: 1",cd4d5e6a19ec50a1
2026-01-16T16:20:54.516407Z,Rule Firing,markers.cpython-311.pyc,"Score: 95, Severity: critical, Rules: 1",85675d7e5a8695b5
2026-01-16T16:20:54.516407Z,Rule Firing,metadata.cpython-311.pyc,"Score: 95, Severity: critical, Rules: 1",4b0ae140bae3fe25
2026-01-16T16:20:54.518415Z,Rule Firing,requirements.cpython-311.pyc,"Score: 95, Severity: critical, Rules: 1",6fdfcf024e23b521
2026-01-16T16:20:54.518415Z,Rule Firing,specifiers.cpython-311.pyc,"Score: 95, Severity: critical, Rules: 1",b89b2515915579f9
2026-01-16T16:20:54.520423Z,Rule Firing,tags.cpython-311.pyc,"Score: 95, Severity: critical, Rules: 1",e23b770a3bde0716
2026-01-16T16:20:54.591590Z,Rule Firing,utils.cpython-311.pyc,"Score: 95, Severity: critical, Rules: 1",158c328f795dd1a9
2026-01-16T16:20:54.591590Z,Rule Firing,version.cpython-311.pyc,"Score: 95, Severity: critical, Rules: 1",9f41f65284751155
2026-01-16T16:20:54.591590Z,Rule Firing,_elffile.cpython-311.pyc,"Score: 95, Severity: critical, Rules: 1",d2ee47e6f52cfcca
2026-01-16T16:20:54.591590Z,Rule Firing,_manylinux.cpython-311.pyc,"Score: 95, Severity: critical, Rules: 1",1917509300294407
2026-01-16T16:20:54.593595Z,Rule Firing,_musllinux.cpython-311.pyc,"Score: 95, Severity: critical, Rules: 1",b4aab345b58d13cf
2026-01-16T16:20:54.594601Z,Rule Firing,_parser.cpython-311.pyc,"Score: 95, Severity: critical, Rules: 1",6a3d9300243dbd6d
2026-01-16T16:20:54.594601Z,Rule Firing,_structures.cpython-311.pyc,"Score: 95, Severity: critical, Rules: 1",69394b3c9bdb3373
2026-01-16T16:20:54.594601Z,Rule Firing,_tokenizer.cpython-311.pyc,"Score: 95, Severity: critical, Rules: 1",1807bebbd39166ea
2026-01-16T16:20:54.594601Z,Rule Firing,__init__.cpython-311.pyc,"Score: 95, Severity: critical, Rules: 1",fe06fd4fd1286f02
2026-01-16T16:20:54.594601Z,Rule Firing,LICENSE,"Score: 95, Severity: critical, Rules: 1",112c28f90880162b
2026-01-16T16:20:54.662309Z,Rule Firing,LICENSE.APACHE,"Score: 95, Severity: critical, Rules: 1",6fc7df6623d5aee9
2026-01-16T16:20:54.664313Z,Rule Firing,LICENSE.BSD,"Score: 95, Severity: critical, Rules: 1",e5edb59e14919155
2026-01-16T16:20:54.664313Z,Rule Firing,markers.py,"Score: 95, Severity: critical, Rules: 1",5a7b11713e56633a
2026-01-16T16:20:54.664313Z,Rule Firing,metadata.py,"Score: 95, Severity: critical, Rules: 1",dc8bb05317e62608
2026-01-16T16:20:54.666395Z,Rule Firing,py.typed,"Score: 100, Severity: critical, Rules: 2",5c52b44d8dff23a9
2026-01-16T16:20:54.666395Z,Rule Firing,requirements.py,"Score: 95, Severity: critical, Rules: 1",9638dc6338bcb9c0
2026-01-16T16:20:54.666395Z,Rule Firing,specifiers.py,"Score: 95, Severity: critical, Rules: 1",107e2d6678a23e43
2026-01-16T16:20:54.666395Z,Rule Firing,tags.py,"Score: 95, Severity: critical, Rules: 1",2c63ea8b6274fd4b
2026-01-16T16:20:54.668401Z,Rule Firing,utils.py,"Score: 95, Severity: critical, Rules: 1",0e09ce0f9a028280
2026-01-16T16:20:54.668401Z,Rule Firing,version.py,"Score: 95, Severity: critical, Rules: 1",cdfa316c846c6ee7
2026-01-16T16:20:54.732520Z,Rule Firing,_elffile.py,"Score: 95, Severity: critical, Rules: 1",6c448b1c451912ce
2026-01-16T16:20:54.734525Z,Rule Firing,_manylinux.py,"Score: 95, Severity: critical, Rules: 1",b68d43f8daf8fffc
2026-01-16T16:20:54.734525Z,Rule Firing,_musllinux.py,"Score: 95, Severity: critical, Rules: 1",fb3f177fbc770d3a
2026-01-16T16:20:54.734525Z,Rule Firing,_parser.py,"Score: 95, Severity: critical, Rules: 1",e5f2ee727faa1d10
2026-01-16T16:20:54.734525Z,Rule Firing,_structures.py,"Score: 95, Severity: critical, Rules: 1",9b21a5f68e28ec3f
2026-01-16T16:20:54.734525Z,Rule Firing,_tokenizer.py,"Score: 95, Severity: critical, Rules: 1",8f95904bba0637f4
2026-01-16T16:20:54.737437Z,Rule Firing,__init__.py,"Score: 95, Severity: critical, Rules: 1",11f673cf1447f890
2026-01-16T16:20:54.737437Z,Rule Firing,__init__.cpython-311.pyc,"Score: 95, Severity: critical, Rules: 1",693fbd8d8313f33f
2026-01-16T16:20:54.737437Z,Rule Firing,LICENSE,"Score: 95, Severity: critical, Rules: 1",5b1761ce9387bf5d
2026-01-16T16:20:54.739629Z,Rule Firing,__init__.py,"Score: 95, Severity: critical, Rules: 1",d87f7927fc8283c6
2026-01-16T16:20:54.804639Z,Rule Firing,py.typed,"Score: 30, Severity: low, Rules: 1",bf9713f1a90d3466
2026-01-16T16:20:54.806699Z,Rule Firing,android.cpython-311.pyc,"Score: 95, Severity: critical, Rules: 1",13777e4c034bfdde
2026-01-16T16:20:54.806699Z,Rule Firing,api.cpython-311.pyc,"Score: 95, Severity: critical, Rules: 1",15ab54aa07b4e38f
2026-01-16T16:20:54.806699Z,Rule Firing,macos.cpython-311.pyc,"Score: 95, Severity: critical, Rules: 1",f3ab54008d1afa5e
2026-01-16T16:20:54.806699Z,Rule Firing,unix.cpython-311.pyc,"Score: 95, Severity: critical, Rules: 1",7fd01d2d6c09628b
2026-01-16T16:20:54.806699Z,Rule Firing,version.cpython-311.pyc,"Score: 95, Severity: critical, Rules: 1",a73cd1914cdf8436
2026-01-16T16:20:54.809762Z,Rule Firing,windows.cpython-311.pyc,"Score: 95, Severity: critical, Rules: 1",484306d54ea66e5d
2026-01-16T16:20:54.809762Z,Rule Firing,__init__.cpython-311.pyc,"Score: 95, Severity: critical, Rules: 1",795400d88e6f9679
2026-01-16T16:20:54.809762Z,Rule Firing,__main__.cpython-311.pyc,"Score: 95, Severity: critical, Rules: 1",55ddf94d55ead851
2026-01-16T16:20:54.809762Z,Rule Firing,android.py,"Score: 95, Severity: critical, Rules: 1",09e0683083b8e58c
2026-01-16T16:20:54.876665Z,Rule Firing,api.py,"Score: 95, Severity: critical, Rules: 1",e8fa70fb0932fac7
2026-01-16T16:20:54.876665Z,Rule Firing,LICENSE,"Score: 95, Severity: critical, Rules: 1",740bf6ca08103f04
2026-01-16T16:20:54.878671Z,Rule Firing,macos.py,"Score: 95, Severity: critical, Rules: 1",a7659189ee2631b5
2026-01-16T16:20:54.878671Z,Rule Firing,py.typed,"Score: 100, Severity: critical, Rules: 2",5763a0732ea4d499
2026-01-16T16:20:54.878671Z,Rule Firing,unix.py,"Score: 95, Severity: critical, Rules: 1",c34b9c22c6da6a68
2026-01-16T16:20:54.880677Z,Rule Firing,version.py,"Score: 95, Severity: critical, Rules: 1",345786052268f3e2
2026-01-16T16:20:54.880677Z,Rule Firing,windows.py,"Score: 95, Severity: critical, Rules: 1",ffb721f04a00a535
2026-01-16T16:20:54.881682Z,Rule Firing,__init__.py,"Score: 95, Severity: critical, Rules: 1",95fc2ba93db3ea60
2026-01-16T16:20:54.881682Z,Rule Firing,__main__.py,"Score: 95, Severity: critical, Rules: 1",3e63f70358c415e4
2026-01-16T16:20:54.884195Z,Rule Firing,__init__.cpython-311.pyc,"Score: 95, Severity: critical, Rules: 1",14cffe65d6931f10
2026-01-16T16:20:54.945608Z,Rule Firing,__init__.py,"Score: 95, Severity: critical, Rules: 1",1dbf3e1dfe25ed64
2026-01-16T16:20:54.945608Z,Rule Firing,_mapping.cpython-311.pyc,"Score: 95, Severity: critical, Rules: 1",13cb63551af268bd
2026-01-16T16:20:54.945608Z,Rule Firing,__init__.cpython-311.pyc,"Score: 95, Severity: critical, Rules: 1",020262694cde5518
2026-01-16T16:20:54.954472Z,Rule Firing,_mapping.py,"Score: 95, Severity: critical, Rules: 1",e65223979066a577
2026-01-16T16:20:54.954472Z,Rule Firing,__init__.py,"Score: 95, Severity: critical, Rules: 1",337653a304a4fc61
2026-01-16T16:20:54.954472Z,Rule Firing,python.cpython-311.pyc,"Score: 95, Severity: critical, Rules: 1",c37a2c2a1713d75d
2026-01-16T16:20:54.954472Z,Rule Firing,_mapping.cpython-311.pyc,"Score: 95, Severity: critical, Rules: 1",13911c09d30223a6
2026-01-16T16:20:54.954472Z,Rule Firing,__init__.cpython-311.pyc,"Score: 95, Severity: critical, Rules: 1",f33b7c1451f4467a
2026-01-16T16:20:54.954472Z,Rule Firing,python.py,"Score: 95, Severity: critical, Rules: 1",9131dfb3f1b1493e
2026-01-16T16:20:54.954472Z,Rule Firing,_mapping.py,"Score: 95, Severity: critical, Rules: 1",7ad0a95d6f32cad5
2026-01-16T16:20:55.025320Z,Rule Firing,__init__.py,"Score: 95, Severity: critical, Rules: 1",cc8d18022875fe1a
2026-01-16T16:20:55.025320Z,Rule Firing,_mapping.cpython-311.pyc,"Score: 95, Severity: critical, Rules: 1",b812e2904786cfbe
2026-01-16T16:20:55.025320Z,Rule Firing,__init__.cpython-311.pyc,"Score: 95, Severity: critical, Rules: 1",15c57a53263012f1
2026-01-16T16:20:55.025320Z,Rule Firing,_mapping.py,"Score: 95, Severity: critical, Rules: 1",586e1dc881335900
2026-01-16T16:20:55.025320Z,Rule Firing,__init__.py,"Score: 95, Severity: critical, Rules: 1",7a5ccae77b6f47a1
2026-01-16T16:20:55.025320Z,Rule Firing,console.cpython-311.pyc,"Score: 95, Severity: critical, Rules: 1",f658d94757628980
2026-01-16T16:20:55.025320Z,Rule Firing,filter.cpython-311.pyc,"Score: 95, Severity: critical, Rules: 1",58de2382a7f9e195
2026-01-16T16:20:55.025320Z,Rule Firing,formatter.cpython-311.pyc,"Score: 95, Severity: critical, Rules: 1",16950d213536fd6a
2026-01-16T16:20:55.025320Z,Rule Firing,lexer.cpython-311.pyc,"Score: 95, Severity: critical, Rules: 1",444e345ed3b2e3ea
2026-01-16T16:20:55.034733Z,Rule Firing,modeline.cpython-311.pyc,"Score: 95, Severity: critical, Rules: 1",4cc1d9d2b9523cb2
2026-01-16T16:20:55.105692Z,Rule Firing,plugin.cpython-311.pyc,"Score: 95, Severity: critical, Rules: 1",9baa6f076501b250
2026-01-16T16:20:55.105692Z,Rule Firing,regexopt.cpython-311.pyc,"Score: 95, Severity: critical, Rules: 1",0afda719778ac5ca
2026-01-16T16:20:55.105692Z,Rule Firing,scanner.cpython-311.pyc,"Score: 95, Severity: critical, Rules: 1",703e1d6e9232bd78
2026-01-16T16:20:55.105692Z,Rule Firing,sphinxext.cpython-311.pyc,"Score: 95, Severity: critical, Rules: 1",e9a583d81043708a
2026-01-16T16:20:55.105692Z,Rule Firing,style.cpython-311.pyc,"Score: 95, Severity: critical, Rules: 1",b597a5c332052032
2026-01-16T16:20:55.105692Z,Rule Firing,token.cpython-311.pyc,"Score: 95, Severity: critical, Rules: 1",13528e4a77ca44b2
2026-01-16T16:20:55.105692Z,Rule Firing,unistring.cpython-311.pyc,"Score: 95, Severity: critical, Rules: 1",3c945831bf0aad9b
2026-01-16T16:20:55.105692Z,Rule Firing,util.cpython-311.pyc,"Score: 95, Severity: critical, Rules: 1",6f8897eb87205561
2026-01-16T16:20:55.105692Z,Rule Firing,__init__.cpython-311.pyc,"Score: 95, Severity: critical, Rules: 1",25ab73e3b28fbf9a
2026-01-16T16:20:55.105692Z,Rule Firing,__main__.cpython-311.pyc,"Score: 95, Severity: critical, Rules: 1",2842eca85453e241
2026-01-16T16:20:55.200363Z,Rule Firing,console.py,"Score: 95, Severity: critical, Rules: 1",5a996afbf9b2c913
2026-01-16T16:20:55.200363Z,Rule Firing,filter.py,"Score: 95, Severity: critical, Rules: 1",c685bdc302173496
2026-01-16T16:20:55.200363Z,Rule Firing,formatter.py,"Score: 95, Severity: critical, Rules: 1",8b397ef112f400c0
2026-01-16T16:20:55.202779Z,Rule Firing,lexer.py,"Score: 95, Severity: critical, Rules: 1",ee49970aba11c6a3
2026-01-16T16:20:55.202779Z,Rule Firing,LICENSE,"Score: 95, Severity: critical, Rules: 1",b1f804ea4c68b350
2026-01-16T16:20:55.202779Z,Rule Firing,modeline.py,"Score: 95, Severity: critical, Rules: 1",c429558e4b6d61ee
2026-01-16T16:20:55.204286Z,Rule Firing,plugin.py,"Score: 95, Severity: critical, Rules: 1",10ef7606f6c9d65d
2026-01-16T16:20:55.204286Z,Rule Firing,regexopt.py,"Score: 95, Severity: critical, Rules: 1",1ef57e8ca098b72c
2026-01-16T16:20:55.204286Z,Rule Firing,scanner.py,"Score: 95, Severity: critical, Rules: 1",ecb5246c865747ff
2026-01-16T16:20:55.206401Z,Rule Firing,sphinxext.py,"Score: 95, Severity: critical, Rules: 1",5079eed2c9475403
2026-01-16T16:20:55.272397Z,Rule Firing,style.py,"Score: 95, Severity: critical, Rules: 1",23615e9d2ff4bc23
2026-01-16T16:20:55.274401Z,Rule Firing,token.py,"Score: 95, Severity: critical, Rules: 1",6f45a043a1ecc846
2026-01-16T16:20:55.274401Z,Rule Firing,unistring.py,"Score: 95, Severity: critical, Rules: 1",ea8f5171c0a9820d
2026-01-16T16:20:55.274401Z,Rule Firing,util.py,"Score: 95, Severity: critical, Rules: 1",3f4f7200a8710ab8
2026-01-16T16:20:55.276423Z,Rule Firing,__init__.py,"Score: 95, Severity: critical, Rules: 1",65b603b3e8ed891f
2026-01-16T16:20:55.276423Z,Rule Firing,__main__.py,"Score: 95, Severity: critical, Rules: 1",2c185cb3ee08299c
2026-01-16T16:20:55.276423Z,Rule Firing,py.typed,"Score: 30, Severity: low, Rules: 1",cdd25acd58b15eb7
2026-01-16T16:20:55.279113Z,Rule Firing,_in_process.cpython-311.pyc,"Score: 95, Severity: critical, Rules: 1",8966a9857c63c279
2026-01-16T16:20:55.279113Z,Rule Firing,__init__.cpython-311.pyc,"Score: 95, Severity: critical, Rules: 1",ff7a0918a5dd286e
2026-01-16T16:20:55.279113Z,Rule Firing,_in_process.py,"Score: 95, Severity: critical, Rules: 1",05ee7818843a6ee6
2026-01-16T16:20:55.352434Z,Rule Firing,__init__.py,"Score: 95, Severity: critical, Rules: 1",48078ef8e73c40d0
2026-01-16T16:20:55.352434Z,Rule Firing,_impl.cpython-311.pyc,"Score: 95, Severity: critical, Rules: 1",35184f5cd6ee47df
2026-01-16T16:20:55.352434Z,Rule Firing,__init__.cpython-311.pyc,"Score: 95, Severity: critical, Rules: 1",605484df0b28f327
2026-01-16T16:20:55.354440Z,Rule Firing,LICENSE,"Score: 95, Severity: critical, Rules: 1",220dbfe72158782b
2026-01-16T16:20:55.354440Z,Rule Firing,py.typed,"Score: 100, Severity: critical, Rules: 2",a578252fed3873ad
2026-01-16T16:20:55.355517Z,Rule Firing,_impl.py,"Score: 95, Severity: critical, Rules: 1",8d5302e6fd5b9dd5
2026-01-16T16:20:55.355517Z,Rule Firing,__init__.py,"Score: 95, Severity: critical, Rules: 1",e79662515872e13d
2026-01-16T16:20:55.359557Z,Rule Firing,adapters.cpython-311.pyc,"Score: 95, Severity: critical, Rules: 1",4465dcc551a701ef
2026-01-16T16:20:55.359557Z,Rule Firing,api.cpython-311.pyc,"Score: 95, Severity: critical, Rules: 1",ad6fd146eda52751
2026-01-16T16:20:55.362001Z,Rule Firing,auth.cpython-311.pyc,"Score: 95, Severity: critical, Rules: 1",6c1e2e60d2617ac4
2026-01-16T16:20:55.430461Z,Rule Firing,certs.cpython-311.pyc,"Score: 95, Severity: critical, Rules: 1",ed23bb1dbd9852c4
2026-01-16T16:20:55.430461Z,Rule Firing,compat.cpython-311.pyc,"Score: 95, Severity: critical, Rules: 1",99d021b692c47961
2026-01-16T16:20:55.430461Z,Rule Firing,cookies.cpython-311.pyc,"Score: 95, Severity: critical, Rules: 1",696ea45a7d9d3c15
2026-01-16T16:20:55.430461Z,Rule Firing,exceptions.cpython-311.pyc,"Score: 95, Severity: critical, Rules: 1",697d590f444441f0
2026-01-16T16:20:55.432471Z,Rule Firing,help.cpython-311.pyc,"Score: 95, Severity: critical, Rules: 1",313b8fa1f873839c
2026-01-16T16:20:55.432471Z,Rule Firing,hooks.cpython-311.pyc,"Score: 95, Severity: critical, Rules: 1",754421dd5a729345
2026-01-16T16:20:55.432471Z,Rule Firing,models.cpython-311.pyc,"Score: 95, Severity: critical, Rules: 1",29f614cca5e48df0
2026-01-16T16:20:55.434477Z,Rule Firing,packages.cpython-311.pyc,"Score: 95, Severity: critical, Rules: 1",d74009888a890e2e
2026-01-16T16:20:55.434477Z,Rule Firing,sessions.cpython-311.pyc,"Score: 95, Severity: critical, Rules: 1",65ae99fe6f596dd7
2026-01-16T16:20:55.436223Z,Rule Firing,status_codes.cpython-311.pyc,"Score: 95, Severity: critical, Rules: 1",32b5dc5b0cb7c5b1
2026-01-16T16:20:55.499749Z,Rule Firing,structures.cpython-311.pyc,"Score: 95, Severity: critical, Rules: 1",7fd0c38d930f87d0
2026-01-16T16:20:55.499749Z,Rule Firing,utils.cpython-311.pyc,"Score: 95, Severity: critical, Rules: 1",90b171b76984eb33
2026-01-16T16:20:55.499749Z,Rule Firing,_internal_utils.cpython-311.pyc,"Score: 95, Severity: critical, Rules: 1",3ade8caeea760e11
2026-01-16T16:20:55.504317Z,Rule Firing,__init__.cpython-311.pyc,"Score: 95, Severity: critical, Rules: 1",58006532d9db0f2c
2026-01-16T16:20:55.504317Z,Rule Firing,__version__.cpython-311.pyc,"Score: 95, Severity: critical, Rules: 1",85a5ad8c782322f3
2026-01-16T16:20:55.504317Z,Rule Firing,adapters.py,"Score: 95, Severity: critical, Rules: 1",9b06d3239fb8a47b
2026-01-16T16:20:55.504317Z,Rule Firing,api.py,"Score: 95, Severity: critical, Rules: 1",9b3fc7d82cda96a9
2026-01-16T16:20:55.504317Z,Rule Firing,auth.py,"Score: 95, Severity: critical, Rules: 1",56e0231bc8e137da
2026-01-16T16:20:55.504317Z,Rule Firing,certs.py,"Score: 95, Severity: critical, Rules: 1",6bb0852314e64ffc
2026-01-16T16:20:55.509383Z,Rule Firing,compat.py,"Score: 95, Severity: critical, Rules: 1",3b6ba06b8f637f35
2026-01-16T16:20:55.578475Z,Rule Firing,cookies.py,"Score: 95, Severity: critical, Rules: 1",302291cc7e9f41d8
2026-01-16T16:20:55.578475Z,Rule Firing,exceptions.py,"Score: 95, Severity: critical, Rules: 1",c0be8b1bd7c63cbe
2026-01-16T16:20:55.578475Z,Rule Firing,help.py,"Score: 95, Severity: critical, Rules: 1",e851f91bf0fc474b
2026-01-16T16:20:55.578475Z,Rule Firing,hooks.py,"Score: 95, Severity: critical, Rules: 1",6cc5540914b043b1
2026-01-16T16:20:55.578475Z,Rule Firing,LICENSE,"Score: 95, Severity: critical, Rules: 1",1efa93806a31226a
2026-01-16T16:20:55.578475Z,Rule Firing,models.py,"Score: 95, Severity: critical, Rules: 1",3dc26a64c01a9a2d
2026-01-16T16:20:55.578475Z,Rule Firing,packages.py,"Score: 95, Severity: critical, Rules: 1",b858ae9580ab1bf4
2026-01-16T16:20:55.578475Z,Rule Firing,sessions.py,"Score: 95, Severity: critical, Rules: 1",5fe44fb59ceb7935
2026-01-16T16:20:55.578475Z,Rule Firing,status_codes.py,"Score: 95, Severity: critical, Rules: 1",468f7e8fa0d8e602
2026-01-16T16:20:55.584501Z,Rule Firing,structures.py,"Score: 95, Severity: critical, Rules: 1",2d6dcd2c28f80956
2026-01-16T16:20:55.657964Z,Rule Firing,utils.py,"Score: 95, Severity: critical, Rules: 1",4ce08e3c284e1986
2026-01-16T16:20:55.657964Z,Rule Firing,_internal_utils.py,"Score: 95, Severity: critical, Rules: 1",f721b95409056a61
2026-01-16T16:20:55.659970Z,Rule Firing,__init__.py,"Score: 95, Severity: critical, Rules: 1",731892e3bcd0444e
2026-01-16T16:20:55.659970Z,Rule Firing,__version__.py,"Score: 95, Severity: critical, Rules: 1",7ffa0f750ef3db18
2026-01-16T16:20:55.659970Z,Rule Firing,py.typed,"Score: 30, Severity: low, Rules: 1",69bc5e9d4626a966
2026-01-16T16:20:55.662913Z,Rule Firing,abstract.cpython-311.pyc,"Score: 95, Severity: critical, Rules: 1",4a2dc54eddb553c8
2026-01-16T16:20:55.662913Z,Rule Firing,criterion.cpython-311.pyc,"Score: 95, Severity: critical, Rules: 1",ddf5cd9690a4f1f1
2026-01-16T16:20:55.664427Z,Rule Firing,exceptions.cpython-311.pyc,"Score: 95, Severity: critical, Rules: 1",ab4b807e757c42fc
2026-01-16T16:20:55.664427Z,Rule Firing,resolution.cpython-311.pyc,"Score: 95, Severity: critical, Rules: 1",49553ba6b43b2584
2026-01-16T16:20:55.664427Z,Rule Firing,__init__.cpython-311.pyc,"Score: 95, Severity: critical, Rules: 1",5a010a2d996fff4d
2026-01-16T16:20:55.732700Z,Rule Firing,abstract.py,"Score: 95, Severity: critical, Rules: 1",ddd9dea56e2b2cf4
2026-01-16T16:20:55.734205Z,Rule Firing,criterion.py,"Score: 95, Severity: critical, Rules: 1",78692838083fe274
2026-01-16T16:20:55.734205Z,Rule Firing,exceptions.py,"Score: 95, Severity: critical, Rules: 1",7972bd47dbacd783
2026-01-16T16:20:55.734205Z,Rule Firing,resolution.py,"Score: 95, Severity: critical, Rules: 1",dbb5791c2a9bb1d7
2026-01-16T16:20:55.736287Z,Rule Firing,__init__.py,"Score: 95, Severity: critical, Rules: 1",17921cd21cc6e332
2026-01-16T16:20:55.736287Z,Rule Firing,providers.cpython-311.pyc,"Score: 95, Severity: critical, Rules: 1",0b082920dbb4ff04
2026-01-16T16:20:55.736287Z,Rule Firing,reporters.cpython-311.pyc,"Score: 95, Severity: critical, Rules: 1",5edbb9901a1f725c
2026-01-16T16:20:55.736287Z,Rule Firing,structs.cpython-311.pyc,"Score: 95, Severity: critical, Rules: 1",36b75f97a5bd766e
2026-01-16T16:20:55.739116Z,Rule Firing,__init__.cpython-311.pyc,"Score: 95, Severity: critical, Rules: 1",3327b3e5878c3642
2026-01-16T16:20:55.739116Z,Rule Firing,LICENSE,"Score: 95, Severity: critical, Rules: 1",0d88e8dc8b464acc
2026-01-16T16:20:55.808292Z,Rule Firing,providers.py,"Score: 95, Severity: critical, Rules: 1",2b4b4a2e366a294b
2026-01-16T16:20:55.810296Z,Rule Firing,py.typed,"Score: 100, Severity: critical, Rules: 2",600fe9c038673999
2026-01-16T16:20:55.810296Z,Rule Firing,reporters.py,"Score: 95, Severity: critical, Rules: 1",4598e9f97602ede2
2026-01-16T16:20:55.810296Z,Rule Firing,structs.py,"Score: 95, Severity: critical, Rules: 1",3fa6c158fcc5c840
2026-01-16T16:20:55.812302Z,Rule Firing,__init__.py,"Score: 95, Severity: critical, Rules: 1",364f7586a0f8c63f
2026-01-16T16:20:55.814306Z,Rule Firing,py.typed,"Score: 30, Severity: low, Rules: 1",ce936f9759d4ccd6
2026-01-16T16:20:55.829455Z,Rule Firing,abc.cpython-311.pyc,"Score: 95, Severity: critical, Rules: 1",ce8bd5a0c70d0e6a
2026-01-16T16:20:55.829455Z,Rule Firing,align.cpython-311.pyc,"Score: 95, Severity: critical, Rules: 1",f3212b255211d244
2026-01-16T16:20:55.829455Z,Rule Firing,ansi.cpython-311.pyc,"Score: 95, Severity: critical, Rules: 1",b0d3b391b5ebbad1
2026-01-16T16:20:55.829455Z,Rule Firing,bar.cpython-311.pyc,"Score: 95, Severity: critical, Rules: 1",d113ffe62c9f6922
2026-01-16T16:20:55.900394Z,Rule Firing,box.cpython-311.pyc,"Score: 95, Severity: critical, Rules: 1",49f3c982b102d0b9
2026-01-16T16:20:55.902398Z,Rule Firing,cells.cpython-311.pyc,"Score: 95, Severity: critical, Rules: 1",684ea14e31c3b5b7
2026-01-16T16:20:55.902398Z,Rule Firing,color.cpython-311.pyc,"Score: 95, Severity: critical, Rules: 1",fd7ef69656158beb
2026-01-16T16:20:55.902398Z,Rule Firing,color_triplet.cpython-311.pyc,"Score: 95, Severity: critical, Rules: 1",0a28ff7d51036b6f
2026-01-16T16:20:55.904403Z,Rule Firing,columns.cpython-311.pyc,"Score: 95, Severity: critical, Rules: 1",caed016586536c4c
2026-01-16T16:20:55.904403Z,Rule Firing,console.cpython-311.pyc,"Score: 95, Severity: critical, Rules: 1",7a5bf19efcd8b934
2026-01-16T16:20:55.904403Z,Rule Firing,constrain.cpython-311.pyc,"Score: 95, Severity: critical, Rules: 1",b479afeb7ace72ae
2026-01-16T16:20:55.906513Z,Rule Firing,containers.cpython-311.pyc,"Score: 95, Severity: critical, Rules: 1",de5096786fa0c3a5
2026-01-16T16:20:55.906513Z,Rule Firing,control.cpython-311.pyc,"Score: 95, Severity: critical, Rules: 1",25212b57b42bf572
2026-01-16T16:20:55.906513Z,Rule Firing,default_styles.cpython-311.pyc,"Score: 95, Severity: critical, Rules: 1",bbb1618bdef32f49
2026-01-16T16:20:55.974267Z,Rule Firing,diagnose.cpython-311.pyc,"Score: 95, Severity: critical, Rules: 1",1f546c7ccea343a7
2026-01-16T16:20:55.976321Z,Rule Firing,emoji.cpython-311.pyc,"Score: 95, Severity: critical, Rules: 1",b45e0e50b18507b6
2026-01-16T16:20:55.976321Z,Rule Firing,errors.cpython-311.pyc,"Score: 95, Severity: critical, Rules: 1",f5d6fa172bcfe1f2
2026-01-16T16:20:55.976321Z,Rule Firing,filesize.cpython-311.pyc,"Score: 95, Severity: critical, Rules: 1",34a8e5f0e9f450fa
2026-01-16T16:20:55.978327Z,Rule Firing,file_proxy.cpython-311.pyc,"Score: 95, Severity: critical, Rules: 1",c6c98dbc1da4acbf
2026-01-16T16:20:55.978327Z,Rule Firing,highlighter.cpython-311.pyc,"Score: 95, Severity: critical, Rules: 1",6fff4077feb1c365
2026-01-16T16:20:55.978327Z,Rule Firing,json.cpython-311.pyc,"Score: 95, Severity: critical, Rules: 1",bbf0ac12b30eb6ec
2026-01-16T16:20:55.978327Z,Rule Firing,jupyter.cpython-311.pyc,"Score: 95, Severity: critical, Rules: 1",1e57c91ac46d6433
2026-01-16T16:20:55.980515Z,Rule Firing,layout.cpython-311.pyc,"Score: 95, Severity: critical, Rules: 1",ce15b1a929a4ac68
2026-01-16T16:20:55.980515Z,Rule Firing,live.cpython-311.pyc,"Score: 95, Severity: critical, Rules: 1",3471cfaadbd14b10
2026-01-16T16:20:56.046428Z,Rule Firing,live_render.cpython-311.pyc,"Score: 95, Severity: critical, Rules: 1",ab1ed66cebbc022b
2026-01-16T16:20:56.046428Z,Rule Firing,logging.cpython-311.pyc,"Score: 95, Severity: critical, Rules: 1",a9340b26a72d442e
2026-01-16T16:20:56.049393Z,Rule Firing,markup.cpython-311.pyc,"Score: 95, Severity: critical, Rules: 1",410da881fd639246
2026-01-16T16:20:56.049393Z,Rule Firing,measure.cpython-311.pyc,"Score: 95, Severity: critical, Rules: 1",966c51c8d105f175
2026-01-16T16:20:56.049393Z,Rule Firing,padding.cpython-311.pyc,"Score: 95, Severity: critical, Rules: 1",e8d8b865b17d7738
2026-01-16T16:20:56.049393Z,Rule Firing,pager.cpython-311.pyc,"Score: 95, Severity: critical, Rules: 1",6a4dea2996f67e11
2026-01-16T16:20:56.049393Z,Rule Firing,palette.cpython-311.pyc,"Score: 95, Severity: critical, Rules: 1",913bf267c3d60426
2026-01-16T16:20:56.052384Z,Rule Firing,panel.cpython-311.pyc,"Score: 95, Severity: critical, Rules: 1",3cb3a754f8a11d44
2026-01-16T16:20:56.052384Z,Rule Firing,pretty.cpython-311.pyc,"Score: 95, Severity: critical, Rules: 1",780ff8926043b114
2026-01-16T16:20:56.052384Z,Rule Firing,progress.cpython-311.pyc,"Score: 95, Severity: critical, Rules: 1",c6ab6c69e7e62e4c
2026-01-16T16:20:56.122206Z,Rule Firing,progress_bar.cpython-311.pyc,"Score: 95, Severity: critical, Rules: 1",57d7ff00b9136330
2026-01-16T16:20:56.122206Z,Rule Firing,prompt.cpython-311.pyc,"Score: 95, Severity: critical, Rules: 1",308b4dd67e7ececb
2026-01-16T16:20:56.122206Z,Rule Firing,protocol.cpython-311.pyc,"Score: 95, Severity: critical, Rules: 1",b32fc71171d02d47
2026-01-16T16:20:56.122206Z,Rule Firing,region.cpython-311.pyc,"Score: 95, Severity: critical, Rules: 1",78151e12b69786e0
2026-01-16T16:20:56.124211Z,Rule Firing,repr.cpython-311.pyc,"Score: 95, Severity: critical, Rules: 1",233c0c921f95ec15
2026-01-16T16:20:56.124211Z,Rule Firing,rule.cpython-311.pyc,"Score: 95, Severity: critical, Rules: 1",29ca513e62b20c23
2026-01-16T16:20:56.124211Z,Rule Firing,scope.cpython-311.pyc,"Score: 95, Severity: critical, Rules: 1",02c5587efed337e2
2026-01-16T16:20:56.126134Z,Rule Firing,screen.cpython-311.pyc,"Score: 95, Severity: critical, Rules: 1",ce23753ec0e83286
2026-01-16T16:20:56.126134Z,Rule Firing,segment.cpython-311.pyc,"Score: 95, Severity: critical, Rules: 1",841fd38f4fe68184
2026-01-16T16:20:56.126134Z,Rule Firing,spinner.cpython-311.pyc,"Score: 95, Severity: critical, Rules: 1",420c0ad62e12efab
2026-01-16T16:20:56.198709Z,Rule Firing,status.cpython-311.pyc,"Score: 95, Severity: critical, Rules: 1",3fd5e3904f17a311
2026-01-16T16:20:56.198709Z,Rule Firing,style.cpython-311.pyc,"Score: 95, Severity: critical, Rules: 1",7f2b5eebbcd916f3
2026-01-16T16:20:56.200713Z,Rule Firing,styled.cpython-311.pyc,"Score: 95, Severity: critical, Rules: 1",6a79c3a7d10acd87
2026-01-16T16:20:56.200713Z,Rule Firing,syntax.cpython-311.pyc,"Score: 95, Severity: critical, Rules: 1",f28568c875e6a672
2026-01-16T16:20:56.200713Z,Rule Firing,table.cpython-311.pyc,"Score: 95, Severity: critical, Rules: 1",93e927bc1c4903dd
2026-01-16T16:20:56.202719Z,Rule Firing,terminal_theme.cpython-311.pyc,"Score: 95, Severity: critical, Rules: 1",52931f787e97dd69
2026-01-16T16:20:56.202719Z,Rule Firing,text.cpython-311.pyc,"Score: 95, Severity: critical, Rules: 1",968474eab4c98e0f
2026-01-16T16:20:56.202719Z,Rule Firing,theme.cpython-311.pyc,"Score: 95, Severity: critical, Rules: 1",66568e3e83f93d29
2026-01-16T16:20:56.204224Z,Rule Firing,themes.cpython-311.pyc,"Score: 95, Severity: critical, Rules: 1",11a40e7043fc3444
2026-01-16T16:20:56.204224Z,Rule Firing,traceback.cpython-311.pyc,"Score: 95, Severity: critical, Rules: 1",0917955b0dd7dbce
2026-01-16T16:20:56.274631Z,Rule Firing,tree.cpython-311.pyc,"Score: 95, Severity: critical, Rules: 1",07b18eae6bcd7327
2026-01-16T16:20:56.274631Z,Rule Firing,_cell_widths.cpython-311.pyc,"Score: 95, Severity: critical, Rules: 1",c6489c63b05dde0c
2026-01-16T16:20:56.274631Z,Rule Firing,_emoji_codes.cpython-311.pyc,"Score: 95, Severity: critical, Rules: 1",4d628fcd9bfbcb04
2026-01-16T16:20:56.274631Z,Rule Firing,_emoji_replace.cpython-311.pyc,"Score: 95, Severity: critical, Rules: 1",3c893970e7fde9d3
2026-01-16T16:20:56.274631Z,Rule Firing,_export_format.cpython-311.pyc,"Score: 95, Severity: critical, Rules: 1",397a35aa077b70f4
2026-01-16T16:20:56.274631Z,Rule Firing,_extension.cpython-311.pyc,"Score: 95, Severity: critical, Rules: 1",25777e0607260c14
2026-01-16T16:20:56.274631Z,Rule Firing,_fileno.cpython-311.pyc,"Score: 95, Severity: critical, Rules: 1",2796b5981881913a
2026-01-16T16:20:56.274631Z,Rule Firing,_inspect.cpython-311.pyc,"Score: 95, Severity: critical, Rules: 1",816bc456cf6ad477
2026-01-16T16:20:56.274631Z,Rule Firing,_log_render.cpython-311.pyc,"Score: 95, Severity: critical, Rules: 1",da5e8624166a8a1f
2026-01-16T16:20:56.284516Z,Rule Firing,_loop.cpython-311.pyc,"Score: 95, Severity: critical, Rules: 1",43a6aa3272ea71f3
2026-01-16T16:20:56.349803Z,Rule Firing,_null_file.cpython-311.pyc,"Score: 95, Severity: critical, Rules: 1",e2304da692dde39e
2026-01-16T16:20:56.349803Z,Rule Firing,_palettes.cpython-311.pyc,"Score: 95, Severity: critical, Rules: 1",d46450562bc996ee
2026-01-16T16:20:56.349803Z,Rule Firing,_pick.cpython-311.pyc,"Score: 95, Severity: critical, Rules: 1",a4a4512bd4e22ca4
2026-01-16T16:20:56.354427Z,Rule Firing,_ratio.cpython-311.pyc,"Score: 95, Severity: critical, Rules: 1",6189d6e0609d9147
2026-01-16T16:20:56.354427Z,Rule Firing,_spinners.cpython-311.pyc,"Score: 95, Severity: critical, Rules: 1",a5bad89391ff924d
2026-01-16T16:20:56.354427Z,Rule Firing,_stack.cpython-311.pyc,"Score: 95, Severity: critical, Rules: 1",a540797573c254ac
2026-01-16T16:20:56.354427Z,Rule Firing,_timer.cpython-311.pyc,"Score: 95, Severity: critical, Rules: 1",9048794498c68312
2026-01-16T16:20:56.354427Z,Rule Firing,_win32_console.cpython-311.pyc,"Score: 95, Severity: critical, Rules: 1",f66185fef2f1fca2
2026-01-16T16:20:56.354427Z,Rule Firing,_windows.cpython-311.pyc,"Score: 95, Severity: critical, Rules: 1",3509cb74ada23faf
2026-01-16T16:20:56.357551Z,Rule Firing,_windows_renderer.cpython-311.pyc,"Score: 95, Severity: critical, Rules: 1",157a9481a915ddda
2026-01-16T16:20:56.424772Z,Rule Firing,_wrap.cpython-311.pyc,"Score: 95, Severity: critical, Rules: 1",99fe903a0f479dc7
2026-01-16T16:20:56.424772Z,Rule Firing,__init__.cpython-311.pyc,"Score: 95, Severity: critical, Rules: 1",d36d164d9f013e6b
2026-01-16T16:20:56.424772Z,Rule Firing,__main__.cpython-311.pyc,"Score: 95, Severity: critical, Rules: 1",069aba824bfe0ab9
2026-01-16T16:20:56.424772Z,Rule Firing,abc.py,"Score: 95, Severity: critical, Rules: 1",f62d003dfeb6dc3d
2026-01-16T16:20:56.424772Z,Rule Firing,align.py,"Score: 95, Severity: critical, Rules: 1",f73abfe5bd9b94e1
2026-01-16T16:20:56.424772Z,Rule Firing,ansi.py,"Score: 95, Severity: critical, Rules: 1",2e4646574e074210
2026-01-16T16:20:56.424772Z,Rule Firing,bar.py,"Score: 95, Severity: critical, Rules: 1",6687592e84921195
2026-01-16T16:20:56.424772Z,Rule Firing,box.py,"Score: 95, Severity: critical, Rules: 1",2587441d16b6eb46
2026-01-16T16:20:56.424772Z,Rule Firing,cells.py,"Score: 95, Severity: critical, Rules: 1",ac4b57c74a70c53e
2026-01-16T16:20:56.424772Z,Rule Firing,color.py,"Score: 95, Severity: critical, Rules: 1",be04abff81b72832
2026-01-16T16:20:56.504660Z,Rule Firing,color_triplet.py,"Score: 95, Severity: critical, Rules: 1",0f52a33824560c4c
2026-01-16T16:20:56.504660Z,Rule Firing,columns.py,"Score: 95, Severity: critical, Rules: 1",a0e7f9adb1f0e958
2026-01-16T16:20:56.504660Z,Rule Firing,console.py,"Score: 95, Severity: critical, Rules: 1",b17614760a32ecda
2026-01-16T16:20:56.504660Z,Rule Firing,constrain.py,"Score: 95, Severity: critical, Rules: 1",dcb3bd54ed3319e3
2026-01-16T16:20:56.508120Z,Rule Firing,containers.py,"Score: 95, Severity: critical, Rules: 1",c46db3700dbc3e44
2026-01-16T16:20:56.508120Z,Rule Firing,control.py,"Score: 95, Severity: critical, Rules: 1",c0a470515e0baec2
2026-01-16T16:20:56.508120Z,Rule Firing,default_styles.py,"Score: 95, Severity: critical, Rules: 1",438ee030357ef637
2026-01-16T16:20:56.508120Z,Rule Firing,diagnose.py,"Score: 95, Severity: critical, Rules: 1",562a7b56885ca7c5
2026-01-16T16:20:56.508120Z,Rule Firing,emoji.py,"Score: 95, Severity: critical, Rules: 1",d73b44a9726c5e9e
2026-01-16T16:20:56.510743Z,Rule Firing,errors.py,"Score: 95, Severity: critical, Rules: 1",ba02279406d3b92c
2026-01-16T16:20:56.579702Z,Rule Firing,filesize.py,"Score: 95, Severity: critical, Rules: 1",dc499740689fd855
2026-01-16T16:20:56.579702Z,Rule Firing,file_proxy.py,"Score: 95, Severity: critical, Rules: 1",f7e6d98255525367
2026-01-16T16:20:56.579702Z,Rule Firing,highlighter.py,"Score: 95, Severity: critical, Rules: 1",94be647546226c8b
2026-01-16T16:20:56.581708Z,Rule Firing,json.py,"Score: 95, Severity: critical, Rules: 1",08dde4b49ae079d8
2026-01-16T16:20:56.581708Z,Rule Firing,jupyter.py,"Score: 95, Severity: critical, Rules: 1",e01730edab9ca4c8
2026-01-16T16:20:56.581708Z,Rule Firing,layout.py,"Score: 95, Severity: critical, Rules: 1",e2fb4faf620c846f
2026-01-16T16:20:56.581708Z,Rule Firing,LICENSE,"Score: 95, Severity: critical, Rules: 1",87463d2bd4e1b03e
2026-01-16T16:20:56.581708Z,Rule Firing,live.py,"Score: 95, Severity: critical, Rules: 1",fc9f2f9bb774c91f
2026-01-16T16:20:56.584203Z,Rule Firing,live_render.py,"Score: 95, Severity: critical, Rules: 1",1d3f995022f62d69
2026-01-16T16:20:56.584203Z,Rule Firing,logging.py,"Score: 95, Severity: critical, Rules: 1",1ca2be39fba2c5c3
2026-01-16T16:20:56.654452Z,Rule Firing,markup.py,"Score: 95, Severity: critical, Rules: 1",5a85ccc6ccb7af67
2026-01-16T16:20:56.654452Z,Rule Firing,measure.py,"Score: 95, Severity: critical, Rules: 1",24c354dddb10d92a
2026-01-16T16:20:56.654452Z,Rule Firing,padding.py,"Score: 95, Severity: critical, Rules: 1",90a4b6f1e242c8ce
2026-01-16T16:20:56.657771Z,Rule Firing,pager.py,"Score: 95, Severity: critical, Rules: 1",ce9941c6545a5667
2026-01-16T16:20:56.657771Z,Rule Firing,palette.py,"Score: 95, Severity: critical, Rules: 1",ae5fdcec28b64c7e
2026-01-16T16:20:56.657771Z,Rule Firing,panel.py,"Score: 95, Severity: critical, Rules: 1",7e7d2fcc965f700b
2026-01-16T16:20:56.657771Z,Rule Firing,pretty.py,"Score: 95, Severity: critical, Rules: 1",7d3beb8979dee191
2026-01-16T16:20:56.659964Z,Rule Firing,progress.py,"Score: 95, Severity: critical, Rules: 1",a03e8f3b3e5a53f4
2026-01-16T16:20:56.659964Z,Rule Firing,progress_bar.py,"Score: 95, Severity: critical, Rules: 1",c520a2dd6cba6807
2026-01-16T16:20:56.659964Z,Rule Firing,prompt.py,"Score: 95, Severity: critical, Rules: 1",98abd981a8c9f89d
2026-01-16T16:20:56.730542Z,Rule Firing,protocol.py,"Score: 95, Severity: critical, Rules: 1",3b25567dade6ef24
2026-01-16T16:20:56.730542Z,Rule Firing,py.typed,"Score: 100, Severity: critical, Rules: 2",8401ca330baf0c45
2026-01-16T16:20:56.732547Z,Rule Firing,region.py,"Score: 95, Severity: critical, Rules: 1",d039d6442abbbc90
2026-01-16T16:20:56.732547Z,Rule Firing,repr.py,"Score: 95, Severity: critical, Rules: 1",172ae3c3b3889453
2026-01-16T16:20:56.732547Z,Rule Firing,rule.py,"Score: 95, Severity: critical, Rules: 1",24f0b464a95b951d
2026-01-16T16:20:56.734554Z,Rule Firing,scope.py,"Score: 95, Severity: critical, Rules: 1",2b4baeff4a35d34d
2026-01-16T16:20:56.734554Z,Rule Firing,screen.py,"Score: 95, Severity: critical, Rules: 1",93bb4118e1583a81
2026-01-16T16:20:56.734554Z,Rule Firing,segment.py,"Score: 95, Severity: critical, Rules: 1",b5d8d0a96502f7df
2026-01-16T16:20:56.734554Z,Rule Firing,spinner.py,"Score: 95, Severity: critical, Rules: 1",9b536c1e20b26978
2026-01-16T16:20:56.734554Z,Rule Firing,status.py,"Score: 95, Severity: critical, Rules: 1",85a1bf28f2c4e38e
2026-01-16T16:20:56.814264Z,Rule Firing,style.py,"Score: 95, Severity: critical, Rules: 1",e5918ad0f017528e
2026-01-16T16:20:56.814264Z,Rule Firing,styled.py,"Score: 95, Severity: critical, Rules: 1",51514fce7cafc482
2026-01-16T16:20:56.814264Z,Rule Firing,syntax.py,"Score: 95, Severity: critical, Rules: 1",09ddbd0d9b6cfbaf
2026-01-16T16:20:56.814264Z,Rule Firing,table.py,"Score: 95, Severity: critical, Rules: 1",753071ba716d0a76
2026-01-16T16:20:56.814264Z,Rule Firing,terminal_theme.py,"Score: 95, Severity: critical, Rules: 1",e81f2a1933e61c12
2026-01-16T16:20:56.814264Z,Rule Firing,text.py,"Score: 95, Severity: critical, Rules: 1",33c629e109b7fa8a
2026-01-16T16:20:56.814264Z,Rule Firing,theme.py,"Score: 95, Severity: critical, Rules: 1",94b2adad5654f1ff
2026-01-16T16:20:56.814264Z,Rule Firing,themes.py,"Score: 95, Severity: critical, Rules: 1",e0dc67f0e3e3b35f
2026-01-16T16:20:56.814264Z,Rule Firing,traceback.py,"Score: 95, Severity: critical, Rules: 1",e7a2a893517c5f68
2026-01-16T16:20:56.814264Z,Rule Firing,tree.py,"Score: 95, Severity: critical, Rules: 1",832d0fc46a0baf4c
2026-01-16T16:20:56.899584Z,Rule Firing,_cell_widths.py,"Score: 95, Severity: critical, Rules: 1",7e3a422a4e8b0bc6
2026-01-16T16:20:56.899584Z,Rule Firing,_emoji_codes.py,"Score: 95, Severity: critical, Rules: 1",7b20e7c7ece010bd
2026-01-16T16:20:56.899584Z,Rule Firing,_emoji_replace.py,"Score: 95, Severity: critical, Rules: 1",d91a3e3ada46f665
2026-01-16T16:20:56.899584Z,Rule Firing,_export_format.py,"Score: 95, Severity: critical, Rules: 1",7617d811e2788f1f
2026-01-16T16:20:56.899584Z,Rule Firing,_extension.py,"Score: 95, Severity: critical, Rules: 1",86efaa391723d62e
2026-01-16T16:20:56.904733Z,Rule Firing,_fileno.py,"Score: 95, Severity: critical, Rules: 1",05aaeb9cd86dbd01
2026-01-16T16:20:56.904733Z,Rule Firing,_inspect.py,"Score: 95, Severity: critical, Rules: 1",950875569a701dfb
2026-01-16T16:20:56.904733Z,Rule Firing,_log_render.py,"Score: 95, Severity: critical, Rules: 1",46d106615b1260f4
2026-01-16T16:20:56.904733Z,Rule Firing,_loop.py,"Score: 95, Severity: critical, Rules: 1",cbc37983519c4b22
2026-01-16T16:20:56.904733Z,Rule Firing,_null_file.py,"Score: 95, Severity: critical, Rules: 1",1b5babe426bed986
2026-01-16T16:20:56.978452Z,Rule Firing,_palettes.py,"Score: 95, Severity: critical, Rules: 1",3772244757d2f063
2026-01-16T16:20:56.980457Z,Rule Firing,_pick.py,"Score: 95, Severity: critical, Rules: 1",0166e1b68048a8c5
2026-01-16T16:20:56.980457Z,Rule Firing,_ratio.py,"Score: 95, Severity: critical, Rules: 1",08ddd8fec4961cb3
2026-01-16T16:20:56.980457Z,Rule Firing,_spinners.py,"Score: 95, Severity: critical, Rules: 1",3d2835a00045688f
2026-01-16T16:20:56.980457Z,Rule Firing,_stack.py,"Score: 95, Severity: critical, Rules: 1",8a1a137cbbe2bedc
2026-01-16T16:20:56.980457Z,Rule Firing,_timer.py,"Score: 95, Severity: critical, Rules: 1",1eeeeb179886725d
2026-01-16T16:20:56.980457Z,Rule Firing,_win32_console.py,"Score: 95, Severity: critical, Rules: 1",1173913012eb8d6b
2026-01-16T16:20:56.984276Z,Rule Firing,_windows.py,"Score: 95, Severity: critical, Rules: 1",477604d99b1cf6fd
2026-01-16T16:20:56.984276Z,Rule Firing,_windows_renderer.py,"Score: 95, Severity: critical, Rules: 1",4a49c5592bf06eae
2026-01-16T16:20:56.984276Z,Rule Firing,_wrap.py,"Score: 95, Severity: critical, Rules: 1",a1e4e07cb0de2b5b
2026-01-16T16:20:57.054643Z,Rule Firing,__init__.py,"Score: 95, Severity: critical, Rules: 1",a768e2243df9d057
2026-01-16T16:20:57.054643Z,Rule Firing,__main__.py,"Score: 95, Severity: critical, Rules: 1",e7ef9acbea43882f
2026-01-16T16:20:57.058820Z,Rule Firing,_parser.cpython-311.pyc,"Score: 95, Severity: critical, Rules: 1",321e9aeb79bf0b37
2026-01-16T16:20:57.058820Z,Rule Firing,_re.cpython-311.pyc,"Score: 95, Severity: critical, Rules: 1",976b34f2ba5880bc
2026-01-16T16:20:57.058820Z,Rule Firing,_types.cpython-311.pyc,"Score: 95, Severity: critical, Rules: 1",d2831329a03612ef
2026-01-16T16:20:57.058820Z,Rule Firing,__init__.cpython-311.pyc,"Score: 95, Severity: critical, Rules: 1",4b94e4810c1ec8bf
2026-01-16T16:20:57.058820Z,Rule Firing,LICENSE,"Score: 95, Severity: critical, Rules: 1",31e057d51e5fef85
2026-01-16T16:20:57.058820Z,Rule Firing,py.typed,"Score: 95, Severity: critical, Rules: 1",64041e14ee3935a2
2026-01-16T16:20:57.058820Z,Rule Firing,_parser.py,"Score: 95, Severity: critical, Rules: 1",9071ebd47103cf2e
2026-01-16T16:20:57.058820Z,Rule Firing,_re.py,"Score: 95, Severity: critical, Rules: 1",0045ce35c574aa2d
2026-01-16T16:20:57.130748Z,Rule Firing,_types.py,"Score: 95, Severity: critical, Rules: 1",1c206b42a856f472
2026-01-16T16:20:57.130748Z,Rule Firing,__init__.py,"Score: 95, Severity: critical, Rules: 1",3c3e86d671c4ee64
2026-01-16T16:20:57.130748Z,Rule Firing,_writer.cpython-311.pyc,"Score: 95, Severity: critical, Rules: 1",dd3ab48e2df4227b
2026-01-16T16:20:57.130748Z,Rule Firing,__init__.cpython-311.pyc,"Score: 95, Severity: critical, Rules: 1",dd93d90a67e11c5a
2026-01-16T16:20:57.134720Z,Rule Firing,LICENSE,"Score: 95, Severity: critical, Rules: 1",554e7a33606a9c52
2026-01-16T16:20:57.134720Z,Rule Firing,py.typed,"Score: 95, Severity: critical, Rules: 1",8e718e4d5a586368
2026-01-16T16:20:57.134720Z,Rule Firing,_writer.py,"Score: 95, Severity: critical, Rules: 1",b0e1b9bf3fab1312
2026-01-16T16:20:57.134720Z,Rule Firing,__init__.py,"Score: 95, Severity: critical, Rules: 1",7b687249dc52dc1b
2026-01-16T16:20:57.134720Z,Rule Firing,py.typed,"Score: 30, Severity: low, Rules: 1",b4b1db79f086d27e
2026-01-16T16:20:57.134720Z,Rule Firing,_api.cpython-311.pyc,"Score: 95, Severity: critical, Rules: 1",ba2a0a38da20a80d
2026-01-16T16:20:57.209590Z,Rule Firing,_macos.cpython-311.pyc,"Score: 95, Severity: critical, Rules: 1",8cf17456b4b596b0
2026-01-16T16:20:57.214288Z,Rule Firing,_openssl.cpython-311.pyc,"Score: 95, Severity: critical, Rules: 1",218180d804a9241d
2026-01-16T16:20:57.214288Z,Rule Firing,_ssl_constants.cpython-311.pyc,"Score: 95, Severity: critical, Rules: 1",f834849c333dc3aa
2026-01-16T16:20:57.214288Z,Rule Firing,_windows.cpython-311.pyc,"Score: 95, Severity: critical, Rules: 1",8181d757b716fb53
2026-01-16T16:20:57.214288Z,Rule Firing,__init__.cpython-311.pyc,"Score: 95, Severity: critical, Rules: 1",4dab87ec9a2ef8c1
2026-01-16T16:20:57.214288Z,Rule Firing,LICENSE,"Score: 95, Severity: critical, Rules: 1",b71dd84274999365
2026-01-16T16:20:57.214288Z,Rule Firing,py.typed,"Score: 100, Severity: critical, Rules: 2",15fb618254bc2129
2026-01-16T16:20:57.214288Z,Rule Firing,_api.py,"Score: 95, Severity: critical, Rules: 1",69b7d6c3b5347d60
2026-01-16T16:20:57.214288Z,Rule Firing,_macos.py,"Score: 95, Severity: critical, Rules: 1",edae65d6e3bddef3
2026-01-16T16:20:57.214288Z,Rule Firing,_openssl.py,"Score: 95, Severity: critical, Rules: 1",e776d5c883d3e673
2026-01-16T16:20:57.288743Z,Rule Firing,_ssl_constants.py,"Score: 95, Severity: critical, Rules: 1",7b5d37d73d516b1a
2026-01-16T16:20:57.288743Z,Rule Firing,_windows.py,"Score: 95, Severity: critical, Rules: 1",7ac5f74621565697
2026-01-16T16:20:57.288743Z,Rule Firing,__init__.py,"Score: 95, Severity: critical, Rules: 1",126ba117edf0a27f
2026-01-16T16:20:57.294554Z,Rule Firing,__init__.py,"Score: 30, Severity: low, Rules: 1",bdafc30f9e71576d
2026-01-16T16:20:57.294554Z,Rule Firing,__init__.py,"Score: 30, Severity: low, Rules: 1",a04163f75af0d522
2026-01-16T16:20:57.294554Z,Rule Firing,bindings.cpython-311.pyc,"Score: 95, Severity: critical, Rules: 1",d3c197d521f2c7cb
2026-01-16T16:20:57.294554Z,Rule Firing,low_level.cpython-311.pyc,"Score: 95, Severity: critical, Rules: 1",6aba532cebc84d93
2026-01-16T16:20:57.294554Z,Rule Firing,__init__.cpython-311.pyc,"Score: 95, Severity: critical, Rules: 1",c878a0fbd499a7bd
2026-01-16T16:20:57.294554Z,Rule Firing,bindings.py,"Score: 95, Severity: critical, Rules: 1",9ccc1521df7d0206
2026-01-16T16:20:57.294554Z,Rule Firing,low_level.py,"Score: 95, Severity: critical, Rules: 1",b93bd40a47dae930
2026-01-16T16:20:57.367795Z,Rule Firing,__init__.py,"Score: 100, Severity: critical, Rules: 2",39425431bfb95516
2026-01-16T16:20:57.374369Z,Rule Firing,appengine.cpython-311.pyc,"Score: 95, Severity: critical, Rules: 1",60a6f469c91058bf
2026-01-16T16:20:57.374369Z,Rule Firing,ntlmpool.cpython-311.pyc,"Score: 95, Severity: critical, Rules: 1",1636b29339556f4a
2026-01-16T16:20:57.374369Z,Rule Firing,pyopenssl.cpython-311.pyc,"Score: 95, Severity: critical, Rules: 1",80a0b501e214a85a
2026-01-16T16:20:57.374369Z,Rule Firing,securetransport.cpython-311.pyc,"Score: 95, Severity: critical, Rules: 1",a323e66ee9dcd521
2026-01-16T16:20:57.374369Z,Rule Firing,socks.cpython-311.pyc,"Score: 95, Severity: critical, Rules: 1",4cc5273e6ec3fa37
2026-01-16T16:20:57.374369Z,Rule Firing,_appengine_environ.cpython-311.pyc,"Score: 95, Severity: critical, Rules: 1",7596d3aec973a54b
2026-01-16T16:20:57.374369Z,Rule Firing,__init__.cpython-311.pyc,"Score: 95, Severity: critical, Rules: 1",cfc070bfbc942ab4
2026-01-16T16:20:57.374369Z,Rule Firing,appengine.py,"Score: 95, Severity: critical, Rules: 1",5b315741cd4e076f
2026-01-16T16:20:57.374369Z,Rule Firing,ntlmpool.py,"Score: 95, Severity: critical, Rules: 1",d735f128ee3b97b7
2026-01-16T16:20:57.447555Z,Rule Firing,pyopenssl.py,"Score: 95, Severity: critical, Rules: 1",bf9f244f4654ba2a
2026-01-16T16:20:57.447555Z,Rule Firing,securetransport.py,"Score: 95, Severity: critical, Rules: 1",ae4881ff4da654cc
2026-01-16T16:20:57.447555Z,Rule Firing,socks.py,"Score: 95, Severity: critical, Rules: 1",59a32bb8af10ac74
2026-01-16T16:20:57.447555Z,Rule Firing,_appengine_environ.py,"Score: 95, Severity: critical, Rules: 1",87df7b2237b1aa04
2026-01-16T16:20:57.452330Z,Rule Firing,__init__.py,"Score: 100, Severity: critical, Rules: 2",661d6bbf18ee6f80
2026-01-16T16:20:57.452330Z,Rule Firing,__init__.py,"Score: 30, Severity: low, Rules: 1",2331c44412b8d878
2026-01-16T16:20:57.454338Z,Rule Firing,__init__.py,"Score: 30, Severity: low, Rules: 1",3dd1ba3b5677b7fc
2026-01-16T16:20:57.454338Z,Rule Firing,makefile.cpython-311.pyc,"Score: 95, Severity: critical, Rules: 1",e869c52c6a065a53
2026-01-16T16:20:57.454338Z,Rule Firing,weakref_finalize.cpython-311.pyc,"Score: 95, Severity: critical, Rules: 1",501f0c1f41ad11a8
2026-01-16T16:20:57.454338Z,Rule Firing,__init__.cpython-311.pyc,"Score: 95, Severity: critical, Rules: 1",f8a3b845569899e2
2026-01-16T16:20:57.526178Z,Rule Firing,makefile.py,"Score: 95, Severity: critical, Rules: 1",b6e3cc64c352c583
2026-01-16T16:20:57.526178Z,Rule Firing,weakref_finalize.py,"Score: 95, Severity: critical, Rules: 1",d56f25d8ebcbdb43
2026-01-16T16:20:57.528186Z,Rule Firing,__init__.py,"Score: 100, Severity: critical, Rules: 2",77fc741872948b45
2026-01-16T16:20:57.528186Z,Rule Firing,six.cpython-311.pyc,"Score: 95, Severity: critical, Rules: 1",091c0da015b969a2
2026-01-16T16:20:57.528186Z,Rule Firing,__init__.cpython-311.pyc,"Score: 95, Severity: critical, Rules: 1",a9e0c62131a9daef
2026-01-16T16:20:57.528186Z,Rule Firing,six.py,"Score: 95, Severity: critical, Rules: 1",c4abe81435e3f6b2
2026-01-16T16:20:57.528186Z,Rule Firing,__init__.py,"Score: 100, Severity: critical, Rules: 2",7cdda5d7b751c625
2026-01-16T16:20:57.531182Z,Rule Firing,connection.cpython-311.pyc,"Score: 95, Severity: critical, Rules: 1",d10999309a3335b4
2026-01-16T16:20:57.534634Z,Rule Firing,proxy.cpython-311.pyc,"Score: 95, Severity: critical, Rules: 1",3f93594b21d0a110
2026-01-16T16:20:57.534634Z,Rule Firing,queue.cpython-311.pyc,"Score: 95, Severity: critical, Rules: 1",cfc8cdb175bce4b7
2026-01-16T16:20:57.606013Z,Rule Firing,request.cpython-311.pyc,"Score: 95, Severity: critical, Rules: 1",5a557bebd6cbf781
2026-01-16T16:20:57.606013Z,Rule Firing,response.cpython-311.pyc,"Score: 95, Severity: critical, Rules: 1",15e383acb30b43a6
2026-01-16T16:20:57.606013Z,Rule Firing,retry.cpython-311.pyc,"Score: 95, Severity: critical, Rules: 1",406375ec00e86b60
2026-01-16T16:20:57.606013Z,Rule Firing,ssltransport.cpython-311.pyc,"Score: 95, Severity: critical, Rules: 1",91c402f3ea7e3277
2026-01-16T16:20:57.606013Z,Rule Firing,ssl_.cpython-311.pyc,"Score: 95, Severity: critical, Rules: 1",8a1acae1dc47816c
2026-01-16T16:20:57.612653Z,Rule Firing,ssl_match_hostname.cpython-311.pyc,"Score: 95, Severity: critical, Rules: 1",89ddc0809b77e647
2026-01-16T16:20:57.612653Z,Rule Firing,timeout.cpython-311.pyc,"Score: 95, Severity: critical, Rules: 1",04d0c5d6e6ef07ca
2026-01-16T16:20:57.614661Z,Rule Firing,url.cpython-311.pyc,"Score: 95, Severity: critical, Rules: 1",427bf325fcb052f0
2026-01-16T16:20:57.614661Z,Rule Firing,wait.cpython-311.pyc,"Score: 95, Severity: critical, Rules: 1",b36a55743bb692b8
2026-01-16T16:20:57.614661Z,Rule Firing,__init__.cpython-311.pyc,"Score: 95, Severity: critical, Rules: 1",e2b64c2efa3af3e6
2026-01-16T16:20:57.686449Z,Rule Firing,connection.py,"Score: 95, Severity: critical, Rules: 1",7fe761f19195a08e
2026-01-16T16:20:57.686449Z,Rule Firing,proxy.py,"Score: 95, Severity: critical, Rules: 1",5837c72b1d8eb06b
2026-01-16T16:20:57.686449Z,Rule Firing,queue.py,"Score: 95, Severity: critical, Rules: 1",9089ed709d08056e
2026-01-16T16:20:57.686449Z,Rule Firing,request.py,"Score: 95, Severity: critical, Rules: 1",09a829c8e2f70ee6
2026-01-16T16:20:57.686449Z,Rule Firing,response.py,"Score: 95, Severity: critical, Rules: 1",5b27299ee456f355
2026-01-16T16:20:57.686449Z,Rule Firing,retry.py,"Score: 95, Severity: critical, Rules: 1",372a5590b244490a
2026-01-16T16:20:57.690651Z,Rule Firing,ssltransport.py,"Score: 95, Severity: critical, Rules: 1",2e53afa2062b2f45
2026-01-16T16:20:57.690651Z,Rule Firing,ssl_.py,"Score: 95, Severity: critical, Rules: 1",c2473499ef15bee0
2026-01-16T16:20:57.690651Z,Rule Firing,ssl_match_hostname.py,"Score: 95, Severity: critical, Rules: 1",ff5ca836c2ead6f2
2026-01-16T16:20:57.690651Z,Rule Firing,timeout.py,"Score: 95, Severity: critical, Rules: 1",c27f4d1808e1a9a6
2026-01-16T16:20:57.763547Z,Rule Firing,url.py,"Score: 95, Severity: critical, Rules: 1",83939008b4d55018
2026-01-16T16:20:57.764552Z,Rule Firing,wait.py,"Score: 95, Severity: critical, Rules: 1",8cc4f9a73a72aadc
2026-01-16T16:20:57.764552Z,Rule Firing,__init__.py,"Score: 95, Severity: critical, Rules: 1",2eb311ee35642c5b
2026-01-16T16:20:57.766578Z,Rule Firing,connection.cpython-311.pyc,"Score: 95, Severity: critical, Rules: 1",788ba51b9725057b
2026-01-16T16:20:57.766578Z,Rule Firing,connectionpool.cpython-311.pyc,"Score: 95, Severity: critical, Rules: 1",6459118752e9e157
2026-01-16T16:20:57.766578Z,Rule Firing,exceptions.cpython-311.pyc,"Score: 95, Severity: critical, Rules: 1",66872437d7729f92
2026-01-16T16:20:57.766578Z,Rule Firing,fields.cpython-311.pyc,"Score: 95, Severity: critical, Rules: 1",31384b58cd8fdd4d
2026-01-16T16:20:57.766578Z,Rule Firing,filepost.cpython-311.pyc,"Score: 95, Severity: critical, Rules: 1",e91dedf637d550c8
2026-01-16T16:20:57.766578Z,Rule Firing,poolmanager.cpython-311.pyc,"Score: 95, Severity: critical, Rules: 1",fb13e6c2c56cdac9
2026-01-16T16:20:57.770237Z,Rule Firing,request.cpython-311.pyc,"Score: 95, Severity: critical, Rules: 1",9a11fa0e4f65389f
2026-01-16T16:20:57.840308Z,Rule Firing,response.cpython-311.pyc,"Score: 95, Severity: critical, Rules: 1",d626f00b2362a0a8
2026-01-16T16:20:57.842055Z,Rule Firing,_collections.cpython-311.pyc,"Score: 95, Severity: critical, Rules: 1",1bc9772d2c76df17
2026-01-16T16:20:57.842055Z,Rule Firing,_version.cpython-311.pyc,"Score: 95, Severity: critical, Rules: 1",3c0a92bdf15dc218
2026-01-16T16:20:57.842055Z,Rule Firing,__init__.cpython-311.pyc,"Score: 95, Severity: critical, Rules: 1",9f50ee490d9af690
2026-01-16T16:20:57.842055Z,Rule Firing,connection.py,"Score: 95, Severity: critical, Rules: 1",aad9a340c4767153
2026-01-16T16:20:57.844561Z,Rule Firing,connectionpool.py,"Score: 95, Severity: critical, Rules: 1",cb09f720e4e971b4
2026-01-16T16:20:57.844561Z,Rule Firing,exceptions.py,"Score: 95, Severity: critical, Rules: 1",6af4486b7b482116
2026-01-16T16:20:57.844561Z,Rule Firing,fields.py,"Score: 95, Severity: critical, Rules: 1",2bb9cc6926f52046
2026-01-16T16:20:57.844561Z,Rule Firing,filepost.py,"Score: 95, Severity: critical, Rules: 1",7020c16deb8bdd3a
2026-01-16T16:20:57.846606Z,Rule Firing,LICENSE.txt,"Score: 95, Severity: critical, Rules: 1",99c16a85c18bee73
2026-01-16T16:20:57.924609Z,Rule Firing,poolmanager.py,"Score: 95, Severity: critical, Rules: 1",513b838dac3a581d
2026-01-16T16:20:57.924609Z,Rule Firing,request.py,"Score: 95, Severity: critical, Rules: 1",650eb9ef01e76b5d
2026-01-16T16:20:57.924609Z,Rule Firing,response.py,"Score: 95, Severity: critical, Rules: 1",5399e731d2ac25d7
2026-01-16T16:20:57.926715Z,Rule Firing,_collections.py,"Score: 95, Severity: critical, Rules: 1",e42d1f562cc1aad6
2026-01-16T16:20:57.926715Z,Rule Firing,_version.py,"Score: 95, Severity: critical, Rules: 1",8c06ebbc8151cc32
2026-01-16T16:20:57.926715Z,Rule Firing,__init__.py,"Score: 95, Severity: critical, Rules: 1",294638d2af408468
2026-01-16T16:20:57.926715Z,Rule Firing,__init__.cpython-311.pyc,"Score: 95, Severity: critical, Rules: 1",adb715bc790846fc
2026-01-16T16:20:57.926715Z,Rule Firing,README.rst,"Score: 95, Severity: critical, Rules: 1",39c0e719fa1820b4
2026-01-16T16:20:57.926715Z,Rule Firing,vendor.txt,"Score: 95, Severity: critical, Rules: 1",83397346e8b53a46
2026-01-16T16:20:57.926715Z,Rule Firing,__init__.py,"Score: 95, Severity: critical, Rules: 1",70dd104c04b396de
2026-01-16T16:20:58.000424Z,Rule Firing,__pip-runner__.cpython-311.pyc,"Score: 75, Severity: high, Rules: 1",f64ec6f53310959e
2026-01-16T16:20:58.000424Z,Rule Firing,__init__.cpython-311.pyc,"Score: 95, Severity: critical, Rules: 1",71e3f4202036e8db
2026-01-16T16:20:58.000424Z,Rule Firing,__main__.cpython-311.pyc,"Score: 95, Severity: critical, Rules: 1",d0b9f6b3f93f6cfb
2026-01-16T16:20:58.000424Z,Rule Firing,__pip-runner__.cpython-311.pyc,"Score: 100, Severity: critical, Rules: 2",db7ef5363528ab5a
2026-01-16T16:20:58.004403Z,Rule Firing,py.typed,"Score: 95, Severity: critical, Rules: 1",3ba3a9832d13aee1
2026-01-16T16:20:58.004403Z,Rule Firing,__init__.py,"Score: 95, Severity: critical, Rules: 1",a72f12b9a7e1eef2
2026-01-16T16:20:58.004403Z,Rule Firing,__main__.py,"Score: 95, Severity: critical, Rules: 1",e6f5af20dc88a12d
2026-01-16T16:20:58.004403Z,Rule Firing,__pip-runner__.py,"Score: 100, Severity: critical, Rules: 2",2d2c9863594da4a8
2026-01-16T16:20:58.006865Z,Rule Firing,REQUESTED,"Score: 30, Severity: low, Rules: 1",8433b7dbb81d2496
2026-01-16T16:20:58.006865Z,Rule Firing,LICENSE.txt,"Score: 95, Severity: critical, Rules: 1",230ae941baa400df
2026-01-16T16:20:58.079752Z,Rule Firing,LICENSE,"Score: 95, Severity: critical, Rules: 1",7c89a8ab06b32aed
2026-01-16T16:20:58.079752Z,Rule Firing,LICENSE.txt,"Score: 95, Severity: critical, Rules: 1",81abeaace396783a
2026-01-16T16:20:58.079752Z,Rule Firing,LICENSE.txt,"Score: 95, Severity: critical, Rules: 1",f3359e83544bd94a
2026-01-16T16:20:58.084350Z,Rule Firing,LICENSE,"Score: 95, Severity: critical, Rules: 1",bf8591cde4cee43b
2026-01-16T16:20:58.084350Z,Rule Firing,LICENSE.md,"Score: 95, Severity: critical, Rules: 1",2d5f34f5e10d8275
2026-01-16T16:20:58.084350Z,Rule Firing,COPYING,"Score: 95, Severity: critical, Rules: 1",d894ae716ef02c95
2026-01-16T16:20:58.084350Z,Rule Firing,LICENSE,"Score: 95, Severity: critical, Rules: 1",d4d9774c0fa7f6ce
2026-01-16T16:20:58.084350Z,Rule Firing,LICENSE.APACHE,"Score: 95, Severity: critical, Rules: 1",7877340b191963c4
2026-01-16T16:20:58.084350Z,Rule Firing,LICENSE.BSD,"Score: 95, Severity: critical, Rules: 1",7f49d1e131ada8ef
2026-01-16T16:20:58.084350Z,Rule Firing,LICENSE,"Score: 95, Severity: critical, Rules: 1",a1eadc4c2deed853
2026-01-16T16:20:58.159474Z,Rule Firing,LICENSE,"Score: 95, Severity: critical, Rules: 1",1e9abcf580cacfd2
2026-01-16T16:20:58.159474Z,Rule Firing,LICENSE,"Score: 95, Severity: critical, Rules: 1",3ca1aeb184b9eac2
2026-01-16T16:20:58.162001Z,Rule Firing,LICENSE,"Score: 95, Severity: critical, Rules: 1",6d9fee53a5052a6f
2026-01-16T16:20:58.162001Z,Rule Firing,LICENSE,"Score: 95, Severity: critical, Rules: 1",529cb0f48a422048
2026-01-16T16:20:58.162001Z,Rule Firing,LICENSE,"Score: 95, Severity: critical, Rules: 1",8f5c2a2258764e20
2026-01-16T16:20:58.164509Z,Rule Firing,LICENSE,"Score: 95, Severity: critical, Rules: 1",d905362db613c0de
2026-01-16T16:20:58.164509Z,Rule Firing,LICENSE,"Score: 95, Severity: critical, Rules: 1",cf902b7b3aa83109
2026-01-16T16:20:58.164509Z,Rule Firing,LICENSE,"Score: 95, Severity: critical, Rules: 1",ee6b77a995b12eb6
2026-01-16T16:20:58.164509Z,Rule Firing,LICENSE,"Score: 95, Severity: critical, Rules: 1",ac73761a62c72276
2026-01-16T16:20:58.164509Z,Rule Firing,LICENSE.txt,"Score: 95, Severity: critical, Rules: 1",57deca7a18079048
2026-01-16T16:20:58.237639Z,Rule Firing,AUTHORS.txt,"Score: 95, Severity: critical, Rules: 1",adabf0a92d544da4
2026-01-16T16:20:58.237639Z,Rule Firing,LICENSE.txt,"Score: 95, Severity: critical, Rules: 1",5537e81255666c11
2026-01-16T16:20:58.244366Z,Rule Firing,entry_points.txt,"Score: 95, Severity: critical, Rules: 1",f6852c4bb97327ca
2026-01-16T16:20:58.244366Z,Rule Firing,INSTALLER,"Score: 95, Severity: critical, Rules: 1",9a2284c6b18c6fd6
2026-01-16T16:20:58.244366Z,Rule Firing,METADATA,"Score: 95, Severity: critical, Rules: 1",4232c110549b1911
2026-01-16T16:20:58.244366Z,Rule Firing,RECORD,"Score: 95, Severity: critical, Rules: 1",bcbab56fe49b4db7
2026-01-16T16:20:58.244366Z,Rule Firing,REQUESTED,"Score: 100, Severity: critical, Rules: 2",2a6a5c9270a746b5
2026-01-16T16:20:58.244366Z,Rule Firing,WHEEL,"Score: 95, Severity: critical, Rules: 1",809903e95791c2af
2026-01-16T16:20:58.244366Z,Rule Firing,py.typed,"Score: 30, Severity: low, Rules: 1",3207873aa0d93e54
2026-01-16T16:20:58.244366Z,Rule Firing,__init__.py,"Score: 30, Severity: low, Rules: 1",574e0cac8aad6672
2026-01-16T16:20:58.322425Z,Rule Firing,_etup.cfg,"Score: 30, Severity: low, Rules: 1",fb5960a409463093
2026-01-16T16:20:58.324430Z,Rule Firing,setup.cpython-311.pyc,"Score: 95, Severity: critical, Rules: 1",33f90c49a3400537
2026-01-16T16:20:58.324430Z,Rule Firing,setup.cfg,"Score: 100, Severity: critical, Rules: 2",038440defd52c3dd
2026-01-16T16:20:58.324430Z,Rule Firing,setup.py,"Score: 95, Severity: critical, Rules: 1",6c933faa19cc2b35
2026-01-16T16:20:58.324430Z,Rule Firing,my-test-package.zip,"Score: 95, Severity: critical, Rules: 1",251273a827c95941
2026-01-16T16:20:58.324430Z,Rule Firing,dependency_links.txt,"Score: 95, Severity: critical, Rules: 1",efb7864612c7925e
2026-01-16T16:20:58.328186Z,Rule Firing,PKG-INFO,"Score: 95, Severity: critical, Rules: 1",c43f6bd40e95b827
2026-01-16T16:20:58.328186Z,Rule Firing,SOURCES.txt,"Score: 95, Severity: critical, Rules: 1",d477af17d980ca26
2026-01-16T16:20:58.328186Z,Rule Firing,top_level.txt,"Score: 95, Severity: critical, Rules: 1",5c3a4afa6da53559
2026-01-16T16:20:58.328186Z,Rule Firing,zip-safe,"Score: 95, Severity: critical, Rules: 1",e4921c7ea0aa506e
2026-01-16T16:20:58.402634Z,Rule Firing,my_test_package-1.0-py3.7.egg,"Score: 95, Severity: critical, Rules: 1",ed2d2fd7c7d8c0c8
2026-01-16T16:20:58.404640Z,Rule Firing,test_find_distributions.cpython-311.pyc,"Score: 95, Severity: critical, Rules: 1",abb42c0296bb178a
2026-01-16T16:20:58.404640Z,Rule Firing,test_integration_zope_interface.cpython-311.pyc,"Score: 95, Severity: critical, Rules: 1",feb67880590ff866
2026-01-16T16:20:58.404640Z,Rule Firing,test_markers.cpython-311.pyc,"Score: 95, Severity: critical, Rules: 1",bbbba1328dee76ec
2026-01-16T16:20:58.404640Z,Rule Firing,test_pkg_resources.cpython-311.pyc,"Score: 95, Severity: critical, Rules: 1",c8ee64e84d245cde
2026-01-16T16:20:58.406934Z,Rule Firing,test_resources.cpython-311.pyc,"Score: 95, Severity: critical, Rules: 1",2ca49b7e0d3cae82
2026-01-16T16:20:58.406934Z,Rule Firing,test_working_set.cpython-311.pyc,"Score: 95, Severity: critical, Rules: 1",7571194218585107
2026-01-16T16:20:58.406934Z,Rule Firing,__init__.cpython-311.pyc,"Score: 95, Severity: critical, Rules: 1",837ba0786645ceee
2026-01-16T16:20:58.406934Z,Rule Firing,test_find_distributions.py,"Score: 95, Severity: critical, Rules: 1",f1ab98ff3f47ff51
2026-01-16T16:20:58.406934Z,Rule Firing,test_integration_zope_interface.py,"Score: 95, Severity: critical, Rules: 1",c3eb0ebd65ba2dea
2026-01-16T16:20:58.480328Z,Rule Firing,test_markers.py,"Score: 95, Severity: critical, Rules: 1",0bfe05d97996f47a
2026-01-16T16:20:58.482336Z,Rule Firing,test_pkg_resources.py,"Score: 95, Severity: critical, Rules: 1",5725c62f1df42235
2026-01-16T16:20:58.482336Z,Rule Firing,test_resources.py,"Score: 95, Severity: critical, Rules: 1",dfc53f2a28706adc
2026-01-16T16:20:58.482336Z,Rule Firing,test_working_set.py,"Score: 95, Severity: critical, Rules: 1",da5057c34c8988f8
2026-01-16T16:20:58.482336Z,Rule Firing,__init__.py,"Score: 100, Severity: critical, Rules: 2",78db88d8e59c364b
2026-01-16T16:20:58.484341Z,Rule Firing,__init__.cpython-311.pyc,"Score: 95, Severity: critical, Rules: 1",636c5aa2fea02318
2026-01-16T16:20:58.484341Z,Rule Firing,api_tests.txt,"Score: 95, Severity: critical, Rules: 1",8180bd4be302ef0d
2026-01-16T16:20:58.484341Z,Rule Firing,py.typed,"Score: 100, Severity: critical, Rules: 2",58f06c2653fbaf96
2026-01-16T16:20:58.484341Z,Rule Firing,__init__.py,"Score: 95, Severity: critical, Rules: 1",0cc41b45d71acbbc
2026-01-16T16:20:58.494226Z,Rule Firing,alias.cpython-311.pyc,"Score: 95, Severity: critical, Rules: 1",bdb8cef5b61ec385
2026-01-16T16:20:58.567597Z,Rule Firing,bdist_egg.cpython-311.pyc,"Score: 95, Severity: critical, Rules: 1",24f0eb9b043db749
2026-01-16T16:20:58.567597Z,Rule Firing,bdist_rpm.cpython-311.pyc,"Score: 95, Severity: critical, Rules: 1",326cf7f7be5b858b
2026-01-16T16:20:58.567597Z,Rule Firing,bdist_wheel.cpython-311.pyc,"Score: 95, Severity: critical, Rules: 1",6047dbc751750c9f
2026-01-16T16:20:58.569604Z,Rule Firing,build.cpython-311.pyc,"Score: 95, Severity: critical, Rules: 1",89aefdcebc2accf8
2026-01-16T16:20:58.569604Z,Rule Firing,build_clib.cpython-311.pyc,"Score: 95, Severity: critical, Rules: 1",59237d8d24253f70
2026-01-16T16:20:58.569604Z,Rule Firing,build_ext.cpython-311.pyc,"Score: 95, Severity: critical, Rules: 1",16fdb05279f09905
2026-01-16T16:20:58.571610Z,Rule Firing,build_py.cpython-311.pyc,"Score: 95, Severity: critical, Rules: 1",cc31f496466c83f4
2026-01-16T16:20:58.571610Z,Rule Firing,develop.cpython-311.pyc,"Score: 95, Severity: critical, Rules: 1",288fecc194b40b61
2026-01-16T16:20:58.571610Z,Rule Firing,dist_info.cpython-311.pyc,"Score: 95, Severity: critical, Rules: 1",59a05cad28307926
2026-01-16T16:20:58.571610Z,Rule Firing,easy_install.cpython-311.pyc,"Score: 95, Severity: critical, Rules: 1",d2d045496d3b2c31
2026-01-16T16:20:58.644442Z,Rule Firing,editable_wheel.cpython-311.pyc,"Score: 95, Severity: critical, Rules: 1",016d0166748dd89d
2026-01-16T16:20:58.644442Z,Rule Firing,egg_info.cpython-311.pyc,"Score: 95, Severity: critical, Rules: 1",a3fc11203d10b5e0
2026-01-16T16:20:58.646188Z,Rule Firing,install.cpython-311.pyc,"Score: 95, Severity: critical, Rules: 1",3e4580889f0a5290
2026-01-16T16:20:58.646188Z,Rule Firing,install_egg_info.cpython-311.pyc,"Score: 95, Severity: critical, Rules: 1",b76160982a21a5ba
2026-01-16T16:20:58.646188Z,Rule Firing,install_lib.cpython-311.pyc,"Score: 95, Severity: critical, Rules: 1",510252fee46b5710
2026-01-16T16:20:58.646188Z,Rule Firing,install_scripts.cpython-311.pyc,"Score: 95, Severity: critical, Rules: 1",3fceaf1814e6469f
2026-01-16T16:20:58.646188Z,Rule Firing,rotate.cpython-311.pyc,"Score: 95, Severity: critical, Rules: 1",772051c2b29cd63d
2026-01-16T16:20:58.646188Z,Rule Firing,saveopts.cpython-311.pyc,"Score: 95, Severity: critical, Rules: 1",b0da4f475feba869
2026-01-16T16:20:58.649845Z,Rule Firing,sdist.cpython-311.pyc,"Score: 95, Severity: critical, Rules: 1",be7198e24025b89f
2026-01-16T16:20:58.649845Z,Rule Firing,setopt.cpython-311.pyc,"Score: 95, Severity: critical, Rules: 1",7b946a96705baa04
2026-01-16T16:20:58.722457Z,Rule Firing,test.cpython-311.pyc,"Score: 95, Severity: critical, Rules: 1",22d222570fe41cac
2026-01-16T16:20:58.724462Z,Rule Firing,_requirestxt.cpython-311.pyc,"Score: 95, Severity: critical, Rules: 1",a0ca72dc764918b2
2026-01-16T16:20:58.724462Z,Rule Firing,__init__.cpython-311.pyc,"Score: 95, Severity: critical, Rules: 1",dd5d23648501266f
2026-01-16T16:20:58.724462Z,Rule Firing,alias.py,"Score: 95, Severity: critical, Rules: 1",f4d10c87c0612f32
2026-01-16T16:20:58.724462Z,Rule Firing,bdist_egg.py,"Score: 95, Severity: critical, Rules: 1",c1d5eca4084948c4
2026-01-16T16:20:58.724462Z,Rule Firing,bdist_rpm.py,"Score: 95, Severity: critical, Rules: 1",3cca6cc200a68afe
2026-01-16T16:20:58.724462Z,Rule Firing,bdist_wheel.py,"Score: 95, Severity: critical, Rules: 1",a0030928e5302775
2026-01-16T16:20:58.724462Z,Rule Firing,build.py,"Score: 95, Severity: critical, Rules: 1",66d42ae4ad6ae8de
2026-01-16T16:20:58.724462Z,Rule Firing,build_clib.py,"Score: 95, Severity: critical, Rules: 1",430c6f1c21a2ae72
2026-01-16T16:20:58.724462Z,Rule Firing,build_ext.py,"Score: 95, Severity: critical, Rules: 1",8d21a11b91dfeb6a
2026-01-16T16:20:58.806627Z,Rule Firing,build_py.py,"Score: 95, Severity: critical, Rules: 1",1eefb25f464bb573
2026-01-16T16:20:58.806627Z,Rule Firing,develop.py,"Score: 95, Severity: critical, Rules: 1",a7c4fc2edd17bef4
2026-01-16T16:20:58.806627Z,Rule Firing,dist_info.py,"Score: 95, Severity: critical, Rules: 1",b2f6aa9a5a67b709
2026-01-16T16:20:58.808633Z,Rule Firing,easy_install.py,"Score: 95, Severity: critical, Rules: 1",0e3cf445f83be868
2026-01-16T16:20:58.808633Z,Rule Firing,editable_wheel.py,"Score: 95, Severity: critical, Rules: 1",66590cac3d7b7a27
2026-01-16T16:20:58.808633Z,Rule Firing,egg_info.py,"Score: 95, Severity: critical, Rules: 1",65890a61866aee3f
2026-01-16T16:20:58.810639Z,Rule Firing,install.py,"Score: 95, Severity: critical, Rules: 1",45a2e79a7aeb9b8d
2026-01-16T16:20:58.810639Z,Rule Firing,install_egg_info.py,"Score: 95, Severity: critical, Rules: 1",a932cc3b79c6dc10
2026-01-16T16:20:58.810639Z,Rule Firing,install_lib.py,"Score: 95, Severity: critical, Rules: 1",045fbdf748ed6ad2
2026-01-16T16:20:58.810639Z,Rule Firing,install_scripts.py,"Score: 95, Severity: critical, Rules: 1",8ee42de447955098
2026-01-16T16:20:58.884763Z,Rule Firing,launcher manifest.xml,"Score: 95, Severity: critical, Rules: 1",164f387558d7e297
2026-01-16T16:20:58.884763Z,Rule Firing,rotate.py,"Score: 95, Severity: critical, Rules: 1",055dadd8a30a0301
2026-01-16T16:20:58.884763Z,Rule Firing,saveopts.py,"Score: 95, Severity: critical, Rules: 1",6ec026aed5eaf307
2026-01-16T16:20:58.884763Z,Rule Firing,sdist.py,"Score: 95, Severity: critical, Rules: 1",a86fa1ff584b18ef
2026-01-16T16:20:58.884763Z,Rule Firing,setopt.py,"Score: 95, Severity: critical, Rules: 1",21779e6c9ecff1a8
2026-01-16T16:20:58.884763Z,Rule Firing,test.py,"Score: 95, Severity: critical, Rules: 1",1a47c0f6e3cb94bc
2026-01-16T16:20:58.884763Z,Rule Firing,_requirestxt.py,"Score: 95, Severity: critical, Rules: 1",19273bbcd7b437c0
2026-01-16T16:20:58.884763Z,Rule Firing,__init__.py,"Score: 95, Severity: critical, Rules: 1",a3420105bdc518cb
2026-01-16T16:20:58.894567Z,Rule Firing,__init__.py,"Score: 30, Severity: low, Rules: 1",aacada6502f95e7f
2026-01-16T16:20:58.896314Z,Rule Firing,py310.cpython-311.pyc,"Score: 95, Severity: critical, Rules: 1",e4b4c37f2db54047
2026-01-16T16:20:58.975503Z,Rule Firing,py311.cpython-311.pyc,"Score: 95, Severity: critical, Rules: 1",e90a59e5b9a30479
2026-01-16T16:20:58.975503Z,Rule Firing,py312.cpython-311.pyc,"Score: 95, Severity: critical, Rules: 1",48c1c2991a3c4c13
2026-01-16T16:20:58.975503Z,Rule Firing,py39.cpython-311.pyc,"Score: 95, Severity: critical, Rules: 1",4b0019ec12645b53
2026-01-16T16:20:58.975503Z,Rule Firing,__init__.cpython-311.pyc,"Score: 95, Severity: critical, Rules: 1",08a574ec106dacaa
2026-01-16T16:20:58.975503Z,Rule Firing,py310.py,"Score: 95, Severity: critical, Rules: 1",48dbb76c006a42df
2026-01-16T16:20:58.975503Z,Rule Firing,py311.py,"Score: 95, Severity: critical, Rules: 1",69a944bdc7861112
2026-01-16T16:20:58.975503Z,Rule Firing,py312.py,"Score: 95, Severity: critical, Rules: 1",6487fb51ad0ae7d0
2026-01-16T16:20:58.975503Z,Rule Firing,py39.py,"Score: 95, Severity: critical, Rules: 1",64c64838d7f8f98b
2026-01-16T16:20:58.975503Z,Rule Firing,__init__.py,"Score: 100, Severity: critical, Rules: 2",9adf392fa125c216
2026-01-16T16:20:58.984246Z,Rule Firing,error_reporting.cpython-311.pyc,"Score: 95, Severity: critical, Rules: 1",765e095d2ea2f794
2026-01-16T16:20:59.059642Z,Rule Firing,extra_validations.cpython-311.pyc,"Score: 95, Severity: critical, Rules: 1",5c1ada66b8e4da59
2026-01-16T16:20:59.059642Z,Rule Firing,fastjsonschema_exceptions.cpython-311.pyc,"Score: 95, Severity: critical, Rules: 1",7e25aae305b60b19
2026-01-16T16:20:59.059642Z,Rule Firing,fastjsonschema_validations.cpython-311.pyc,"Score: 95, Severity: critical, Rules: 1",c69f68877fa02a72
2026-01-16T16:20:59.061747Z,Rule Firing,formats.cpython-311.pyc,"Score: 95, Severity: critical, Rules: 1",0bae76c04c4ed42b
2026-01-16T16:20:59.061747Z,Rule Firing,__init__.cpython-311.pyc,"Score: 95, Severity: critical, Rules: 1",8a566bc7a0db50e7
2026-01-16T16:20:59.061747Z,Rule Firing,error_reporting.py,"Score: 95, Severity: critical, Rules: 1",8eb4c29b673da8c7
2026-01-16T16:20:59.064701Z,Rule Firing,extra_validations.py,"Score: 95, Severity: critical, Rules: 1",821b81030b10c944
2026-01-16T16:20:59.064701Z,Rule Firing,fastjsonschema_exceptions.py,"Score: 95, Severity: critical, Rules: 1",82dcc6490a989057
2026-01-16T16:20:59.064701Z,Rule Firing,fastjsonschema_validations.py,"Score: 95, Severity: critical, Rules: 1",accf3fc4b6395b32
2026-01-16T16:20:59.064701Z,Rule Firing,formats.py,"Score: 95, Severity: critical, Rules: 1",fe2661898195cf17
2026-01-16T16:20:59.139799Z,Rule Firing,NOTICE,"Score: 95, Severity: critical, Rules: 1",896d53a7d09f6e58
2026-01-16T16:20:59.139799Z,Rule Firing,__init__.py,"Score: 95, Severity: critical, Rules: 1",aca07c9142b30112
2026-01-16T16:20:59.139799Z,Rule Firing,expand.cpython-311.pyc,"Score: 95, Severity: critical, Rules: 1",7d5303ee719021fd
2026-01-16T16:20:59.139799Z,Rule Firing,pyprojecttoml.cpython-311.pyc,"Score: 95, Severity: critical, Rules: 1",9bef6610f64452f4
2026-01-16T16:20:59.144322Z,Rule Firing,setupcfg.cpython-311.pyc,"Score: 95, Severity: critical, Rules: 1",af6d013e21804255
2026-01-16T16:20:59.144322Z,Rule Firing,_apply_pyprojecttoml.cpython-311.pyc,"Score: 95, Severity: critical, Rules: 1",d7a11d3f68d032c3
2026-01-16T16:20:59.144322Z,Rule Firing,__init__.cpython-311.pyc,"Score: 95, Severity: critical, Rules: 1",365f1b3befdf5324
2026-01-16T16:20:59.144322Z,Rule Firing,distutils.schema.json,"Score: 95, Severity: critical, Rules: 1",349e175dea65a505
2026-01-16T16:20:59.144322Z,Rule Firing,expand.py,"Score: 95, Severity: critical, Rules: 1",dbcd13d2c1e0068e
2026-01-16T16:20:59.144322Z,Rule Firing,NOTICE,"Score: 95, Severity: critical, Rules: 1",d40562b861759ff8
2026-01-16T16:20:59.219807Z,Rule Firing,pyprojecttoml.py,"Score: 95, Severity: critical, Rules: 1",7c545b2ff654cdc0
2026-01-16T16:20:59.219807Z,Rule Firing,setupcfg.py,"Score: 95, Severity: critical, Rules: 1",f96c0e7d5eb5cec6
2026-01-16T16:20:59.219807Z,Rule Firing,setuptools.schema.json,"Score: 95, Severity: critical, Rules: 1",e2d3a68bdc091f25
2026-01-16T16:20:59.219807Z,Rule Firing,_apply_pyprojecttoml.py,"Score: 95, Severity: critical, Rules: 1",79a86e6ca30148b7
2026-01-16T16:20:59.224444Z,Rule Firing,__init__.py,"Score: 95, Severity: critical, Rules: 1",d0a809f0a06f4b4c
2026-01-16T16:20:59.231865Z,Rule Firing,__init__.py,"Score: 30, Severity: low, Rules: 1",54e62b0befdcb255
2026-01-16T16:20:59.234429Z,Rule Firing,py39.cpython-311.pyc,"Score: 95, Severity: critical, Rules: 1",5f371655d707dd2f
2026-01-16T16:20:59.234429Z,Rule Firing,__init__.cpython-311.pyc,"Score: 95, Severity: critical, Rules: 1",2753aed251ef110d
2026-01-16T16:20:59.234429Z,Rule Firing,py39.py,"Score: 95, Severity: critical, Rules: 1",fe7d0a81765048f8
2026-01-16T16:20:59.234429Z,Rule Firing,__init__.py,"Score: 100, Severity: critical, Rules: 2",c3934b18b6220438
2026-01-16T16:20:59.312301Z,Rule Firing,__init__.py,"Score: 30, Severity: low, Rules: 1",329ed2e8a693d2b6
2026-01-16T16:20:59.312301Z,Rule Firing,preload.cpython-311.pyc,"Score: 95, Severity: critical, Rules: 1",a310d8823982d2ec
2026-01-16T16:20:59.314307Z,Rule Firing,__init__.cpython-311.pyc,"Score: 95, Severity: critical, Rules: 1",ef9e00ae8ef881e5
2026-01-16T16:20:59.314307Z,Rule Firing,preload.py,"Score: 95, Severity: critical, Rules: 1",adfbaecaeb3a34eb
2026-01-16T16:20:59.314307Z,Rule Firing,__init__.py,"Score: 95, Severity: critical, Rules: 1",1d9795d8b5acc942
2026-01-16T16:20:59.316402Z,Rule Firing,test_apply_pyprojecttoml.cpython-311.pyc,"Score: 95, Severity: critical, Rules: 1",a9ee2ae0bd3e4d8b
2026-01-16T16:20:59.316402Z,Rule Firing,test_expand.cpython-311.pyc,"Score: 95, Severity: critical, Rules: 1",f0313c615533a702
2026-01-16T16:20:59.318661Z,Rule Firing,test_pyprojecttoml.cpython-311.pyc,"Score: 95, Severity: critical, Rules: 1",b805646ff1365599
2026-01-16T16:20:59.318661Z,Rule Firing,test_pyprojecttoml_dynamic_deps.cpython-311.pyc,"Score: 95, Severity: critical, Rules: 1",c8ccba2d1aeec3dc
2026-01-16T16:20:59.318661Z,Rule Firing,test_setupcfg.cpython-311.pyc,"Score: 95, Severity: critical, Rules: 1",c880f69a348b210b
2026-01-16T16:20:59.390207Z,Rule Firing,__init__.cpython-311.pyc,"Score: 95, Severity: critical, Rules: 1",7dfdd4475db45ed4
2026-01-16T16:20:59.392215Z,Rule Firing,setupcfg_examples.txt,"Score: 95, Severity: critical, Rules: 1",35839361fb0d4772
2026-01-16T16:20:59.392215Z,Rule Firing,test_apply_pyprojecttoml.py,"Score: 95, Severity: critical, Rules: 1",f7d739ba560094a9
2026-01-16T16:20:59.392215Z,Rule Firing,test_expand.py,"Score: 95, Severity: critical, Rules: 1",74f2d7ade66e2633
2026-01-16T16:20:59.392215Z,Rule Firing,test_pyprojecttoml.py,"Score: 95, Severity: critical, Rules: 1",e4a96e9fedee3db3
2026-01-16T16:20:59.394221Z,Rule Firing,test_pyprojecttoml_dynamic_deps.py,"Score: 95, Severity: critical, Rules: 1",43757471fc5fda8c
2026-01-16T16:20:59.394221Z,Rule Firing,test_setupcfg.py,"Score: 95, Severity: critical, Rules: 1",9d24fff4dcd9d214
2026-01-16T16:20:59.394221Z,Rule Firing,__init__.py,"Score: 100, Severity: critical, Rules: 2",75f4c734622dfbd5
2026-01-16T16:20:59.394221Z,Rule Firing,index.html,"Score: 95, Severity: critical, Rules: 1",2b5ee77d976464f4
2026-01-16T16:20:59.394221Z,Rule Firing,external.html,"Score: 95, Severity: critical, Rules: 1",6d4f100b903e990b
2026-01-16T16:20:59.469549Z,Rule Firing,__init__.py,"Score: 30, Severity: low, Rules: 1",1a8679f463090262
2026-01-16T16:20:59.471554Z,Rule Firing,helpers.cpython-311.pyc,"Score: 95, Severity: critical, Rules: 1",08e77f1e3bc8c68f
2026-01-16T16:20:59.471554Z,Rule Firing,test_pbr.cpython-311.pyc,"Score: 95, Severity: critical, Rules: 1",5ee02f3bcd4a9df2
2026-01-16T16:20:59.471554Z,Rule Firing,test_pip_install_sdist.cpython-311.pyc,"Score: 95, Severity: critical, Rules: 1",8e18e6d95fe7519f
2026-01-16T16:20:59.471554Z,Rule Firing,__init__.cpython-311.pyc,"Score: 95, Severity: critical, Rules: 1",5bbf1869fcc9c009
2026-01-16T16:20:59.474625Z,Rule Firing,helpers.py,"Score: 95, Severity: critical, Rules: 1",9f8354ea3c213ac8
2026-01-16T16:20:59.474625Z,Rule Firing,test_pbr.py,"Score: 95, Severity: critical, Rules: 1",f99962733032cdc3
2026-01-16T16:20:59.474625Z,Rule Firing,test_pip_install_sdist.py,"Score: 95, Severity: critical, Rules: 1",b6c7e2b218441783
2026-01-16T16:20:59.474625Z,Rule Firing,__init__.py,"Score: 100, Severity: critical, Rules: 2",fa2a658b53aca14e
2026-01-16T16:20:59.480696Z,Rule Firing,contexts.cpython-311.pyc,"Score: 95, Severity: critical, Rules: 1",8e87068e8f673361
2026-01-16T16:20:59.556729Z,Rule Firing,environment.cpython-311.pyc,"Score: 95, Severity: critical, Rules: 1",e6a9acf540b86d37
2026-01-16T16:20:59.556729Z,Rule Firing,fixtures.cpython-311.pyc,"Score: 95, Severity: critical, Rules: 1",6cf9814641b33fb8
2026-01-16T16:20:59.558734Z,Rule Firing,mod_with_constant.cpython-311.pyc,"Score: 95, Severity: critical, Rules: 1",38a24d5e739ad2a0
2026-01-16T16:20:59.559740Z,Rule Firing,namespaces.cpython-311.pyc,"Score: 95, Severity: critical, Rules: 1",f90fdec589fa7492
2026-01-16T16:20:59.559740Z,Rule Firing,script-with-bom.cpython-311.pyc,"Score: 95, Severity: critical, Rules: 1",3dabed3b205a8f46
2026-01-16T16:20:59.559740Z,Rule Firing,test_archive_util.cpython-311.pyc,"Score: 95, Severity: critical, Rules: 1",23276d9327a60ee4
2026-01-16T16:20:59.559740Z,Rule Firing,test_bdist_deprecations.cpython-311.pyc,"Score: 95, Severity: critical, Rules: 1",727d47353a5583cd
2026-01-16T16:20:59.559740Z,Rule Firing,test_bdist_egg.cpython-311.pyc,"Score: 95, Severity: critical, Rules: 1",c4673e37507f50c8
2026-01-16T16:20:59.562240Z,Rule Firing,test_bdist_wheel.cpython-311.pyc,"Score: 95, Severity: critical, Rules: 1",e5f32dae33108134
2026-01-16T16:20:59.562240Z,Rule Firing,test_build.cpython-311.pyc,"Score: 95, Severity: critical, Rules: 1",29eb41c8ea029b9c
2026-01-16T16:20:59.634612Z,Rule Firing,test_build_clib.cpython-311.pyc,"Score: 95, Severity: critical, Rules: 1",843f79e647fe6d19
2026-01-16T16:20:59.634612Z,Rule Firing,test_build_ext.cpython-311.pyc,"Score: 95, Severity: critical, Rules: 1",f02b84520d5f7130
2026-01-16T16:20:59.634612Z,Rule Firing,test_build_meta.cpython-311.pyc,"Score: 95, Severity: critical, Rules: 1",f03c11d5ab02b089
2026-01-16T16:20:59.634612Z,Rule Firing,test_build_py.cpython-311.pyc,"Score: 95, Severity: critical, Rules: 1",7ea33438b59f2db3
2026-01-16T16:20:59.634612Z,Rule Firing,test_config_discovery.cpython-311.pyc,"Score: 95, Severity: critical, Rules: 1",cc1729dfb96b60c9
2026-01-16T16:20:59.634612Z,Rule Firing,test_core_metadata.cpython-311.pyc,"Score: 95, Severity: critical, Rules: 1",b1c4428594fbdf49
2026-01-16T16:20:59.634612Z,Rule Firing,test_depends.cpython-311.pyc,"Score: 95, Severity: critical, Rules: 1",dd6bee6468b1ec97
2026-01-16T16:20:59.634612Z,Rule Firing,test_develop.cpython-311.pyc,"Score: 95, Severity: critical, Rules: 1",5707e3a8cb17c6cb
2026-01-16T16:20:59.634612Z,Rule Firing,test_dist.cpython-311.pyc,"Score: 95, Severity: critical, Rules: 1",3014bd12c2bdef37
2026-01-16T16:20:59.634612Z,Rule Firing,test_distutils_adoption.cpython-311.pyc,"Score: 95, Severity: critical, Rules: 1",e68a0e1cc86ee7b3
2026-01-16T16:20:59.714320Z,Rule Firing,test_dist_info.cpython-311.pyc,"Score: 95, Severity: critical, Rules: 1",fc31b67df98f715c
2026-01-16T16:20:59.714320Z,Rule Firing,test_editable_install.cpython-311.pyc,"Score: 95, Severity: critical, Rules: 1",c94186a307b491e0
2026-01-16T16:20:59.714320Z,Rule Firing,test_egg_info.cpython-311.pyc,"Score: 95, Severity: critical, Rules: 1",d17c9fb07c7100f8
2026-01-16T16:20:59.721377Z,Rule Firing,test_extern.cpython-311.pyc,"Score: 95, Severity: critical, Rules: 1",12c0d7fb667d76cd
2026-01-16T16:20:59.721377Z,Rule Firing,test_find_packages.cpython-311.pyc,"Score: 95, Severity: critical, Rules: 1",1326fe4865c4c898
2026-01-16T16:20:59.721377Z,Rule Firing,test_find_py_modules.cpython-311.pyc,"Score: 95, Severity: critical, Rules: 1",48b9ce91911dc539
2026-01-16T16:20:59.723387Z,Rule Firing,test_glob.cpython-311.pyc,"Score: 95, Severity: critical, Rules: 1",adfab2c63f04afe8
2026-01-16T16:20:59.723387Z,Rule Firing,test_install_scripts.cpython-311.pyc,"Score: 95, Severity: critical, Rules: 1",1aeaefb2a2f76f85
2026-01-16T16:20:59.724394Z,Rule Firing,test_logging.cpython-311.pyc,"Score: 95, Severity: critical, Rules: 1",2487bae1d291bc23
2026-01-16T16:20:59.725444Z,Rule Firing,test_manifest.cpython-311.pyc,"Score: 95, Severity: critical, Rules: 1",584d6dbfde1a8133
2026-01-16T16:20:59.805792Z,Rule Firing,test_namespaces.cpython-311.pyc,"Score: 95, Severity: critical, Rules: 1",e2bcc126739d9da1
2026-01-16T16:20:59.805792Z,Rule Firing,test_scripts.cpython-311.pyc,"Score: 95, Severity: critical, Rules: 1",039b42bcd3f1914c
2026-01-16T16:20:59.805792Z,Rule Firing,test_sdist.cpython-311.pyc,"Score: 95, Severity: critical, Rules: 1",21325ef12095baa7
2026-01-16T16:20:59.805792Z,Rule Firing,test_setopt.cpython-311.pyc,"Score: 95, Severity: critical, Rules: 1",748a301da2f861c8
2026-01-16T16:20:59.805792Z,Rule Firing,test_setuptools.cpython-311.pyc,"Score: 95, Severity: critical, Rules: 1",804ccceeb3aa85f6
2026-01-16T16:20:59.805792Z,Rule Firing,test_shutil_wrapper.cpython-311.pyc,"Score: 95, Severity: critical, Rules: 1",ded5165f0ebdc89a
2026-01-16T16:20:59.805792Z,Rule Firing,test_unicode_utils.cpython-311.pyc,"Score: 95, Severity: critical, Rules: 1",782fb43b85250a30
2026-01-16T16:20:59.805792Z,Rule Firing,test_virtualenv.cpython-311.pyc,"Score: 95, Severity: critical, Rules: 1",6b9a39ac90617e30
2026-01-16T16:20:59.805792Z,Rule Firing,test_warnings.cpython-311.pyc,"Score: 95, Severity: critical, Rules: 1",447a654b1919e08d
2026-01-16T16:20:59.805792Z,Rule Firing,test_wheel.cpython-311.pyc,"Score: 95, Severity: critical, Rules: 1",e1cf748a4ea7d2ed
2026-01-16T16:20:59.894330Z,Rule Firing,test_windows_wrappers.cpython-311.pyc,"Score: 95, Severity: critical, Rules: 1",2f9b8a69d8b4f7d0
2026-01-16T16:20:59.894330Z,Rule Firing,text.cpython-311.pyc,"Score: 95, Severity: critical, Rules: 1",dc6a05a3af7ea734
2026-01-16T16:20:59.894330Z,Rule Firing,textwrap.cpython-311.pyc,"Score: 95, Severity: critical, Rules: 1",1aaf26f5c4819548
2026-01-16T16:20:59.894330Z,Rule Firing,__init__.cpython-311.pyc,"Score: 95, Severity: critical, Rules: 1",07773d451ec4a720
2026-01-16T16:20:59.897845Z,Rule Firing,contexts.py,"Score: 95, Severity: critical, Rules: 1",21fb17fe128b0509
2026-01-16T16:20:59.897845Z,Rule Firing,environment.py,"Score: 95, Severity: critical, Rules: 1",27d8e69dbab49a22
2026-01-16T16:20:59.897845Z,Rule Firing,fixtures.py,"Score: 95, Severity: critical, Rules: 1",0145d17a6cb23078
2026-01-16T16:20:59.897845Z,Rule Firing,mod_with_constant.py,"Score: 95, Severity: critical, Rules: 1",1844fe4903f05e4d
2026-01-16T16:20:59.897845Z,Rule Firing,namespaces.py,"Score: 95, Severity: critical, Rules: 1",a08bae3b2cec74d8
2026-01-16T16:20:59.897845Z,Rule Firing,script-with-bom.py,"Score: 95, Severity: critical, Rules: 1",abb94585c1581f9f
2026-01-16T16:20:59.976745Z,Rule Firing,test_archive_util.py,"Score: 95, Severity: critical, Rules: 1",0e7c3200edfa5efc
2026-01-16T16:20:59.978751Z,Rule Firing,test_bdist_deprecations.py,"Score: 95, Severity: critical, Rules: 1",f5c3f154abebf739
2026-01-16T16:20:59.978751Z,Rule Firing,test_bdist_egg.py,"Score: 95, Severity: critical, Rules: 1",830763d98a6de568
2026-01-16T16:20:59.978751Z,Rule Firing,test_bdist_wheel.py,"Score: 95, Severity: critical, Rules: 1",f19f5288dd24a749
2026-01-16T16:20:59.980498Z,Rule Firing,test_build.py,"Score: 95, Severity: critical, Rules: 1",1b67ef0244bd426d
2026-01-16T16:20:59.980498Z,Rule Firing,test_build_clib.py,"Score: 95, Severity: critical, Rules: 1",a15899f18d32c872
2026-01-16T16:20:59.980498Z,Rule Firing,test_build_ext.py,"Score: 95, Severity: critical, Rules: 1",da576599f57db0ff
2026-01-16T16:20:59.984400Z,Rule Firing,test_build_meta.py,"Score: 95, Severity: critical, Rules: 1",3d8d7ac1d2c38c0b
2026-01-16T16:20:59.984400Z,Rule Firing,test_build_py.py,"Score: 95, Severity: critical, Rules: 1",973e05453dbb1db0
2026-01-16T16:20:59.984400Z,Rule Firing,test_config_discovery.py,"Score: 95, Severity: critical, Rules: 1",00dbec755835202e
2026-01-16T16:21:00.064542Z,Rule Firing,test_core_metadata.py,"Score: 95, Severity: critical, Rules: 1",52e4926f7270823a
2026-01-16T16:21:00.074612Z,Rule Firing,test_depends.py,"Score: 95, Severity: critical, Rules: 1",758fa2e921b4af28
2026-01-16T16:21:00.074612Z,Rule Firing,test_develop.py,"Score: 95, Severity: critical, Rules: 1",251cc1e3c37e507c
2026-01-16T16:21:00.075686Z,Rule Firing,test_dist.py,"Score: 95, Severity: critical, Rules: 1",2298fbc4ad4c42b6
2026-01-16T16:21:00.075686Z,Rule Firing,test_distutils_adoption.py,"Score: 95, Severity: critical, Rules: 1",8da4030953c066e7
2026-01-16T16:21:00.075686Z,Rule Firing,test_dist_info.py,"Score: 95, Severity: critical, Rules: 1",bca02863f00bd834
2026-01-16T16:21:00.077700Z,Rule Firing,test_editable_install.py,"Score: 95, Severity: critical, Rules: 1",264ad58ceee357d5
2026-01-16T16:21:00.077700Z,Rule Firing,test_egg_info.py,"Score: 95, Severity: critical, Rules: 1",1336a1cc791223a4
2026-01-16T16:21:00.077700Z,Rule Firing,test_extern.py,"Score: 95, Severity: critical, Rules: 1",2134fb8da484a0ea
2026-01-16T16:21:00.077700Z,Rule Firing,test_find_packages.py,"Score: 95, Severity: critical, Rules: 1",4bcc7075e58277bf
2026-01-16T16:21:00.154579Z,Rule Firing,test_find_py_modules.py,"Score: 95, Severity: critical, Rules: 1",6c057cefda0d3097
2026-01-16T16:21:00.154579Z,Rule Firing,test_glob.py,"Score: 95, Severity: critical, Rules: 1",298de970a6e51b5c
2026-01-16T16:21:00.154579Z,Rule Firing,test_install_scripts.py,"Score: 95, Severity: critical, Rules: 1",087f7cad35a33f2a
2026-01-16T16:21:00.159651Z,Rule Firing,test_logging.py,"Score: 95, Severity: critical, Rules: 1",c02647c6318b75a1
2026-01-16T16:21:00.159651Z,Rule Firing,test_manifest.py,"Score: 95, Severity: critical, Rules: 1",033c78e7faa2bf01
2026-01-16T16:21:00.159651Z,Rule Firing,test_namespaces.py,"Score: 95, Severity: critical, Rules: 1",ad1c844029828e06
2026-01-16T16:21:00.159651Z,Rule Firing,test_scripts.py,"Score: 95, Severity: critical, Rules: 1",d7b85c2d95028f94
2026-01-16T16:21:00.161698Z,Rule Firing,test_sdist.py,"Score: 95, Severity: critical, Rules: 1",7b53e5550dcb8f73
2026-01-16T16:21:00.161698Z,Rule Firing,test_setopt.py,"Score: 95, Severity: critical, Rules: 1",059191ba47429487
2026-01-16T16:21:00.161698Z,Rule Firing,test_setuptools.py,"Score: 95, Severity: critical, Rules: 1",2cb2616301e08782
2026-01-16T16:21:00.236255Z,Rule Firing,test_shutil_wrapper.py,"Score: 95, Severity: critical, Rules: 1",4c7f770e1f0bb646
2026-01-16T16:21:00.236255Z,Rule Firing,test_unicode_utils.py,"Score: 95, Severity: critical, Rules: 1",7bb8222129a99ee2
2026-01-16T16:21:00.236255Z,Rule Firing,test_virtualenv.py,"Score: 95, Severity: critical, Rules: 1",4a6a02d21bf26a6c
2026-01-16T16:21:00.236255Z,Rule Firing,test_warnings.py,"Score: 95, Severity: critical, Rules: 1",58c47bf720d7c9e9
2026-01-16T16:21:00.236255Z,Rule Firing,test_wheel.py,"Score: 95, Severity: critical, Rules: 1",4efa7cb1b2b48bc0
2026-01-16T16:21:00.236255Z,Rule Firing,test_windows_wrappers.py,"Score: 95, Severity: critical, Rules: 1",de0257dd8677cd13
2026-01-16T16:21:00.236255Z,Rule Firing,text.py,"Score: 95, Severity: critical, Rules: 1",b1e4b2d1750efa13
2026-01-16T16:21:00.236255Z,Rule Firing,textwrap.py,"Score: 95, Severity: critical, Rules: 1",70821c0b72f7df4d
2026-01-16T16:21:00.236255Z,Rule Firing,__init__.py,"Score: 95, Severity: critical, Rules: 1",b62be6574a6ec73d
2026-01-16T16:21:00.246626Z,Rule Firing,bdist.cpython-311.pyc,"Score: 95, Severity: critical, Rules: 1",e90260cdcfc3e319
2026-01-16T16:21:00.322594Z,Rule Firing,bdist_dumb.cpython-311.pyc,"Score: 95, Severity: critical, Rules: 1",74e341a89d0d0b2b
2026-01-16T16:21:00.324598Z,Rule Firing,bdist_rpm.cpython-311.pyc,"Score: 95, Severity: critical, Rules: 1",e51806b91c1a5aad
2026-01-16T16:21:00.324598Z,Rule Firing,build.cpython-311.pyc,"Score: 95, Severity: critical, Rules: 1",ab915e76bb7d31ee
2026-01-16T16:21:00.324598Z,Rule Firing,build_clib.cpython-311.pyc,"Score: 95, Severity: critical, Rules: 1",8515c8d39eb10045
2026-01-16T16:21:00.324598Z,Rule Firing,build_ext.cpython-311.pyc,"Score: 95, Severity: critical, Rules: 1",22c53a13c0ab5d7a
2026-01-16T16:21:00.324598Z,Rule Firing,build_py.cpython-311.pyc,"Score: 95, Severity: critical, Rules: 1",8b6766946296ddf1
2026-01-16T16:21:00.324598Z,Rule Firing,build_scripts.cpython-311.pyc,"Score: 95, Severity: critical, Rules: 1",6e8af4714940eb75
2026-01-16T16:21:00.328280Z,Rule Firing,check.cpython-311.pyc,"Score: 95, Severity: critical, Rules: 1",7982c426eb535850
2026-01-16T16:21:00.328280Z,Rule Firing,clean.cpython-311.pyc,"Score: 95, Severity: critical, Rules: 1",5751ddeb64b73f24
2026-01-16T16:21:00.328280Z,Rule Firing,config.cpython-311.pyc,"Score: 95, Severity: critical, Rules: 1",c2b0e9273211ebed
2026-01-16T16:21:00.402723Z,Rule Firing,install.cpython-311.pyc,"Score: 95, Severity: critical, Rules: 1",bf108e341f43cd0c
2026-01-16T16:21:00.404228Z,Rule Firing,install_data.cpython-311.pyc,"Score: 95, Severity: critical, Rules: 1",4b497bca5152156b
2026-01-16T16:21:00.404228Z,Rule Firing,install_egg_info.cpython-311.pyc,"Score: 95, Severity: critical, Rules: 1",70f38047586bcdb5
2026-01-16T16:21:00.404228Z,Rule Firing,install_headers.cpython-311.pyc,"Score: 95, Severity: critical, Rules: 1",01f48ae90300746b
2026-01-16T16:21:00.404228Z,Rule Firing,install_lib.cpython-311.pyc,"Score: 95, Severity: critical, Rules: 1",7fada943f7b866bb
2026-01-16T16:21:00.404228Z,Rule Firing,install_scripts.cpython-311.pyc,"Score: 95, Severity: critical, Rules: 1",4acc5a334d054a2b
2026-01-16T16:21:00.407494Z,Rule Firing,sdist.cpython-311.pyc,"Score: 95, Severity: critical, Rules: 1",6dba67940d29d8c3
2026-01-16T16:21:00.407494Z,Rule Firing,_framework_compat.cpython-311.pyc,"Score: 95, Severity: critical, Rules: 1",137b0451bceddffc
2026-01-16T16:21:00.407494Z,Rule Firing,__init__.cpython-311.pyc,"Score: 95, Severity: critical, Rules: 1",3e515786461286c1
2026-01-16T16:21:00.407494Z,Rule Firing,bdist.py,"Score: 95, Severity: critical, Rules: 1",008b8ee91437e091
2026-01-16T16:21:00.486094Z,Rule Firing,bdist_dumb.py,"Score: 95, Severity: critical, Rules: 1",e055590c5ac36f9f
2026-01-16T16:21:00.486094Z,Rule Firing,bdist_rpm.py,"Score: 95, Severity: critical, Rules: 1",9cd09d49200f9246
2026-01-16T16:21:00.486094Z,Rule Firing,build.py,"Score: 95, Severity: critical, Rules: 1",1810d27ed7c12bde
2026-01-16T16:21:00.494250Z,Rule Firing,build_clib.py,"Score: 95, Severity: critical, Rules: 1",c1f32c624afaa630
2026-01-16T16:21:00.494250Z,Rule Firing,build_ext.py,"Score: 95, Severity: critical, Rules: 1",04ae3f45fa236260
2026-01-16T16:21:00.494250Z,Rule Firing,build_py.py,"Score: 95, Severity: critical, Rules: 1",b0bea6da94ea2dce
2026-01-16T16:21:00.494250Z,Rule Firing,build_scripts.py,"Score: 95, Severity: critical, Rules: 1",377b9bef1f1e5235
2026-01-16T16:21:00.494250Z,Rule Firing,check.py,"Score: 95, Severity: critical, Rules: 1",ab7069c64f124c14
2026-01-16T16:21:00.494250Z,Rule Firing,clean.py,"Score: 95, Severity: critical, Rules: 1",b5bef42e4af7c074
2026-01-16T16:21:00.494250Z,Rule Firing,config.py,"Score: 95, Severity: critical, Rules: 1",b20e64a1af92220e
2026-01-16T16:21:00.574536Z,Rule Firing,install.py,"Score: 95, Severity: critical, Rules: 1",630f5ca32c09dd0b
2026-01-16T16:21:00.576645Z,Rule Firing,install_data.py,"Score: 95, Severity: critical, Rules: 1",33ee97262e5022f2
2026-01-16T16:21:00.576645Z,Rule Firing,install_egg_info.py,"Score: 95, Severity: critical, Rules: 1",ee3998e0a1bde693
2026-01-16T16:21:00.576645Z,Rule Firing,install_headers.py,"Score: 95, Severity: critical, Rules: 1",3d80df3084ecd6b3
2026-01-16T16:21:00.576645Z,Rule Firing,install_lib.py,"Score: 95, Severity: critical, Rules: 1",fb7443c9f1fc1c0d
2026-01-16T16:21:00.576645Z,Rule Firing,install_scripts.py,"Score: 95, Severity: critical, Rules: 1",43bd781f3d1f31b9
2026-01-16T16:21:00.579992Z,Rule Firing,sdist.py,"Score: 95, Severity: critical, Rules: 1",1dec8a1db2fdcac2
2026-01-16T16:21:00.579992Z,Rule Firing,_framework_compat.py,"Score: 95, Severity: critical, Rules: 1",0be9d78aa1a85144
2026-01-16T16:21:00.579992Z,Rule Firing,__init__.py,"Score: 95, Severity: critical, Rules: 1",2424d633ece5f714
2026-01-16T16:21:00.579992Z,Rule Firing,numpy.cpython-311.pyc,"Score: 95, Severity: critical, Rules: 1",93dce8ca68675f54
2026-01-16T16:21:00.658296Z,Rule Firing,py39.cpython-311.pyc,"Score: 95, Severity: critical, Rules: 1",ea832963c50af3c4
2026-01-16T16:21:00.659801Z,Rule Firing,__init__.cpython-311.pyc,"Score: 95, Severity: critical, Rules: 1",95181076954606fc
2026-01-16T16:21:00.659801Z,Rule Firing,numpy.py,"Score: 95, Severity: critical, Rules: 1",c001325fd0ea7b4e
2026-01-16T16:21:00.659801Z,Rule Firing,py39.py,"Score: 95, Severity: critical, Rules: 1",62e05401c442ff5d
2026-01-16T16:21:00.659801Z,Rule Firing,__init__.py,"Score: 95, Severity: critical, Rules: 1",61a145d5c511aa5a
2026-01-16T16:21:00.662946Z,Rule Firing,test_base.cpython-311.pyc,"Score: 95, Severity: critical, Rules: 1",49ae9288be83d82b
2026-01-16T16:21:00.664451Z,Rule Firing,test_cygwin.cpython-311.pyc,"Score: 95, Severity: critical, Rules: 1",e53bce0731e8ea68
2026-01-16T16:21:00.664451Z,Rule Firing,test_mingw.cpython-311.pyc,"Score: 95, Severity: critical, Rules: 1",56371b86d5fbfd36
2026-01-16T16:21:00.664451Z,Rule Firing,test_msvc.cpython-311.pyc,"Score: 95, Severity: critical, Rules: 1",a523d9fcb97098c7
2026-01-16T16:21:00.664451Z,Rule Firing,test_unix.cpython-311.pyc,"Score: 95, Severity: critical, Rules: 1",fa50357527a9d345
2026-01-16T16:21:00.738163Z,Rule Firing,test_base.py,"Score: 95, Severity: critical, Rules: 1",4fc37590c3e96ed1
2026-01-16T16:21:00.738163Z,Rule Firing,test_cygwin.py,"Score: 95, Severity: critical, Rules: 1",8587ce4875370ffe
2026-01-16T16:21:00.738163Z,Rule Firing,test_mingw.py,"Score: 95, Severity: critical, Rules: 1",d6bc2a846fad9d1d
2026-01-16T16:21:00.744580Z,Rule Firing,test_msvc.py,"Score: 95, Severity: critical, Rules: 1",8da00382aa33f4d4
2026-01-16T16:21:00.744580Z,Rule Firing,test_unix.py,"Score: 95, Severity: critical, Rules: 1",20014745568cfc1f
2026-01-16T16:21:00.744580Z,Rule Firing,base.cpython-311.pyc,"Score: 95, Severity: critical, Rules: 1",1542df51f05c7f3b
2026-01-16T16:21:00.744580Z,Rule Firing,cygwin.cpython-311.pyc,"Score: 95, Severity: critical, Rules: 1",f96b597fc43d357e
2026-01-16T16:21:00.744580Z,Rule Firing,errors.cpython-311.pyc,"Score: 95, Severity: critical, Rules: 1",a35cfb71f1ac6a0a
2026-01-16T16:21:00.744580Z,Rule Firing,msvc.cpython-311.pyc,"Score: 95, Severity: critical, Rules: 1",9c25d55d57d8d13a
2026-01-16T16:21:00.744580Z,Rule Firing,unix.cpython-311.pyc,"Score: 95, Severity: critical, Rules: 1",9115b9e5867488bb
2026-01-16T16:21:00.824486Z,Rule Firing,zos.cpython-311.pyc,"Score: 95, Severity: critical, Rules: 1",06b711bbe17afeb4
2026-01-16T16:21:00.824486Z,Rule Firing,base.py,"Score: 95, Severity: critical, Rules: 1",b5d5c7bd0d0b0676
2026-01-16T16:21:00.824486Z,Rule Firing,cygwin.py,"Score: 95, Severity: critical, Rules: 1",4d84adc6bf0c7796
2026-01-16T16:21:00.824486Z,Rule Firing,errors.py,"Score: 95, Severity: critical, Rules: 1",c7423e5e545f6473
2026-01-16T16:21:00.824486Z,Rule Firing,msvc.py,"Score: 95, Severity: critical, Rules: 1",e7c10d0dc02ac157
2026-01-16T16:21:00.824486Z,Rule Firing,unix.py,"Score: 95, Severity: critical, Rules: 1",d6f4ec2daff63fe3
2026-01-16T16:21:00.834696Z,Rule Firing,zos.py,"Score: 95, Severity: critical, Rules: 1",059ae723e1db06f1
2026-01-16T16:21:00.837132Z,Rule Firing,test_versionpredicate.py,"Score: 30, Severity: low, Rules: 1",e200354955d24839
2026-01-16T16:21:00.840928Z,Rule Firing,__init__.py,"Score: 30, Severity: low, Rules: 1",4feaca1d6de24ede
2026-01-16T16:21:00.840928Z,Rule Firing,py39.cpython-311.pyc,"Score: 95, Severity: critical, Rules: 1",f4aa2c0b2e18feb4
2026-01-16T16:21:00.929615Z,Rule Firing,__init__.cpython-311.pyc,"Score: 95, Severity: critical, Rules: 1",78e83c39257b3aa6
2026-01-16T16:21:00.931621Z,Rule Firing,py39.py,"Score: 95, Severity: critical, Rules: 1",011addb679f533b8
2026-01-16T16:21:00.931621Z,Rule Firing,__init__.py,"Score: 100, Severity: critical, Rules: 2",9119005a2cfe7acf
2026-01-16T16:21:00.936652Z,Rule Firing,support.cpython-311.pyc,"Score: 95, Severity: critical, Rules: 1",d6f0690307bc4b24
2026-01-16T16:21:00.936652Z,Rule Firing,test_archive_util.cpython-311.pyc,"Score: 95, Severity: critical, Rules: 1",d55ba1412b4becee
2026-01-16T16:21:00.936652Z,Rule Firing,test_bdist.cpython-311.pyc,"Score: 95, Severity: critical, Rules: 1",8db3c8ed6900e3f6
2026-01-16T16:21:00.936652Z,Rule Firing,test_bdist_dumb.cpython-311.pyc,"Score: 95, Severity: critical, Rules: 1",7c98c68a2e29d422
2026-01-16T16:21:00.939415Z,Rule Firing,test_bdist_rpm.cpython-311.pyc,"Score: 95, Severity: critical, Rules: 1",0d0b5896712a08a0
2026-01-16T16:21:00.939415Z,Rule Firing,test_build.cpython-311.pyc,"Score: 95, Severity: critical, Rules: 1",fe84f3f4da78f3c6
2026-01-16T16:21:00.939415Z,Rule Firing,test_build_clib.cpython-311.pyc,"Score: 95, Severity: critical, Rules: 1",a4cdab9f10b5579d
2026-01-16T16:21:01.016628Z,Rule Firing,test_build_ext.cpython-311.pyc,"Score: 95, Severity: critical, Rules: 1",1d3d558543294702
2026-01-16T16:21:01.016628Z,Rule Firing,test_build_py.cpython-311.pyc,"Score: 95, Severity: critical, Rules: 1",0321e6e624994ac7
2026-01-16T16:21:01.018634Z,Rule Firing,test_build_scripts.cpython-311.pyc,"Score: 95, Severity: critical, Rules: 1",30b0b57ca0509bab
2026-01-16T16:21:01.018634Z,Rule Firing,test_check.cpython-311.pyc,"Score: 95, Severity: critical, Rules: 1",961a7273e6c62a91
2026-01-16T16:21:01.018634Z,Rule Firing,test_clean.cpython-311.pyc,"Score: 95, Severity: critical, Rules: 1",8e2b34f46cad72c6
2026-01-16T16:21:01.018634Z,Rule Firing,test_cmd.cpython-311.pyc,"Score: 95, Severity: critical, Rules: 1",c2d196901befa660
2026-01-16T16:21:01.018634Z,Rule Firing,test_config_cmd.cpython-311.pyc,"Score: 95, Severity: critical, Rules: 1",1a11cb3aa9812ac7
2026-01-16T16:21:01.018634Z,Rule Firing,test_core.cpython-311.pyc,"Score: 95, Severity: critical, Rules: 1",8d49e7a4647f7a87
2026-01-16T16:21:01.018634Z,Rule Firing,test_dir_util.cpython-311.pyc,"Score: 95, Severity: critical, Rules: 1",0abedff43bdf3fdf
2026-01-16T16:21:01.023265Z,Rule Firing,test_dist.cpython-311.pyc,"Score: 95, Severity: critical, Rules: 1",f2043f246aec6bb8
2026-01-16T16:21:01.109410Z,Rule Firing,test_extension.cpython-311.pyc,"Score: 95, Severity: critical, Rules: 1",a3ba30f69cbc31fc
2026-01-16T16:21:01.109410Z,Rule Firing,test_filelist.cpython-311.pyc,"Score: 95, Severity: critical, Rules: 1",d70cb02a3dddaec3
2026-01-16T16:21:01.109410Z,Rule Firing,test_file_util.cpython-311.pyc,"Score: 95, Severity: critical, Rules: 1",2206de518e1a27ad
2026-01-16T16:21:01.109410Z,Rule Firing,test_install.cpython-311.pyc,"Score: 95, Severity: critical, Rules: 1",f41e4049d2a6dcdf
2026-01-16T16:21:01.109410Z,Rule Firing,test_install_data.cpython-311.pyc,"Score: 95, Severity: critical, Rules: 1",cee92c13fa527689
2026-01-16T16:21:01.109410Z,Rule Firing,test_install_headers.cpython-311.pyc,"Score: 95, Severity: critical, Rules: 1",ccbf4414a210e9ff
2026-01-16T16:21:01.109410Z,Rule Firing,test_install_lib.cpython-311.pyc,"Score: 95, Severity: critical, Rules: 1",b09239160e5fa5de
2026-01-16T16:21:01.109410Z,Rule Firing,test_install_scripts.cpython-311.pyc,"Score: 95, Severity: critical, Rules: 1",b964df43e48256da
2026-01-16T16:21:01.114429Z,Rule Firing,test_log.cpython-311.pyc,"Score: 95, Severity: critical, Rules: 1",5b40a7ed96c02170
2026-01-16T16:21:01.114429Z,Rule Firing,test_modified.cpython-311.pyc,"Score: 95, Severity: critical, Rules: 1",be1bf29ece677186
2026-01-16T16:21:01.194320Z,Rule Firing,test_sdist.cpython-311.pyc,"Score: 95, Severity: critical, Rules: 1",94aacc17651b559b
2026-01-16T16:21:01.194320Z,Rule Firing,test_spawn.cpython-311.pyc,"Score: 95, Severity: critical, Rules: 1",1ea0b7d5d648223a
2026-01-16T16:21:01.199390Z,Rule Firing,test_sysconfig.cpython-311.pyc,"Score: 95, Severity: critical, Rules: 1",c731c8254e2bdf6d
2026-01-16T16:21:01.199390Z,Rule Firing,test_text_file.cpython-311.pyc,"Score: 95, Severity: critical, Rules: 1",ed8c3fed17b139d9
2026-01-16T16:21:01.199390Z,Rule Firing,test_util.cpython-311.pyc,"Score: 95, Severity: critical, Rules: 1",3af30dc48787d44f
2026-01-16T16:21:01.199390Z,Rule Firing,test_version.cpython-311.pyc,"Score: 95, Severity: critical, Rules: 1",86d4dcfee5aa54b9
2026-01-16T16:21:01.199390Z,Rule Firing,test_versionpredicate.cpython-311.pyc,"Score: 95, Severity: critical, Rules: 1",58c5ac94533ff918
2026-01-16T16:21:01.199390Z,Rule Firing,unix_compat.cpython-311.pyc,"Score: 95, Severity: critical, Rules: 1",0bb397c57193bede
2026-01-16T16:21:01.199390Z,Rule Firing,__init__.cpython-311.pyc,"Score: 95, Severity: critical, Rules: 1",45f3030ab7cc3a10
2026-01-16T16:21:01.199390Z,Rule Firing,support.py,"Score: 95, Severity: critical, Rules: 1",7118359d41b6db29
2026-01-16T16:21:01.279773Z,Rule Firing,test_archive_util.py,"Score: 95, Severity: critical, Rules: 1",b16e40fd5d25c4da
2026-01-16T16:21:01.281778Z,Rule Firing,test_bdist.py,"Score: 95, Severity: critical, Rules: 1",a8fe43a1c989955b
2026-01-16T16:21:01.281778Z,Rule Firing,test_bdist_dumb.py,"Score: 95, Severity: critical, Rules: 1",57d889729f65061f
2026-01-16T16:21:01.281778Z,Rule Firing,test_bdist_rpm.py,"Score: 95, Severity: critical, Rules: 1",40c3a8d3f8358062
2026-01-16T16:21:01.281778Z,Rule Firing,test_build.py,"Score: 95, Severity: critical, Rules: 1",742ef78d2f813c88
2026-01-16T16:21:01.284290Z,Rule Firing,test_build_clib.py,"Score: 95, Severity: critical, Rules: 1",dd34b7e69487c32e
2026-01-16T16:21:01.284290Z,Rule Firing,test_build_ext.py,"Score: 95, Severity: critical, Rules: 1",541c1ab70c064b05
2026-01-16T16:21:01.284290Z,Rule Firing,test_build_py.py,"Score: 95, Severity: critical, Rules: 1",492d28f0dc29b762
2026-01-16T16:21:01.284290Z,Rule Firing,test_build_scripts.py,"Score: 95, Severity: critical, Rules: 1",c40ad5cd49973082
2026-01-16T16:21:01.286247Z,Rule Firing,test_check.py,"Score: 95, Severity: critical, Rules: 1",5ecea7f26328cff4
2026-01-16T16:21:01.374510Z,Rule Firing,test_clean.py,"Score: 95, Severity: critical, Rules: 1",3fc5a5c5240d9cdf
2026-01-16T16:21:01.374510Z,Rule Firing,test_cmd.py,"Score: 95, Severity: critical, Rules: 1",b0b897293fecf694
2026-01-16T16:21:01.374510Z,Rule Firing,test_config_cmd.py,"Score: 95, Severity: critical, Rules: 1",4855fe05e72b950e
2026-01-16T16:21:01.374510Z,Rule Firing,test_core.py,"Score: 95, Severity: critical, Rules: 1",15e8967cd30febf1
2026-01-16T16:21:01.374510Z,Rule Firing,test_dir_util.py,"Score: 95, Severity: critical, Rules: 1",ff746cace9b0397e
2026-01-16T16:21:01.374510Z,Rule Firing,test_dist.py,"Score: 95, Severity: critical, Rules: 1",f6fb14326a4a17c8
2026-01-16T16:21:01.379372Z,Rule Firing,test_extension.py,"Score: 95, Severity: critical, Rules: 1",0d17b4985658539a
2026-01-16T16:21:01.379372Z,Rule Firing,test_filelist.py,"Score: 95, Severity: critical, Rules: 1",9c337ea70e078685
2026-01-16T16:21:01.379372Z,Rule Firing,test_file_util.py,"Score: 95, Severity: critical, Rules: 1",0b797118790bb14d
2026-01-16T16:21:01.379372Z,Rule Firing,test_install.py,"Score: 95, Severity: critical, Rules: 1",ee9060b3410848db
2026-01-16T16:21:01.464403Z,Rule Firing,test_install_data.py,"Score: 95, Severity: critical, Rules: 1",0a9e3bd9a47b32fd
2026-01-16T16:21:01.464403Z,Rule Firing,test_install_headers.py,"Score: 95, Severity: critical, Rules: 1",60cc68e66874cf0b
2026-01-16T16:21:01.466523Z,Rule Firing,test_install_lib.py,"Score: 95, Severity: critical, Rules: 1",18d7f494ca95882f
2026-01-16T16:21:01.466523Z,Rule Firing,test_install_scripts.py,"Score: 95, Severity: critical, Rules: 1",52c0bd2a11c2e707
2026-01-16T16:21:01.466523Z,Rule Firing,test_log.py,"Score: 95, Severity: critical, Rules: 1",8ef5a9cf0dd07762
2026-01-16T16:21:01.466523Z,Rule Firing,test_modified.py,"Score: 95, Severity: critical, Rules: 1",b449590720e1b948
2026-01-16T16:21:01.468530Z,Rule Firing,test_sdist.py,"Score: 95, Severity: critical, Rules: 1",fd423dcdb93fe685
2026-01-16T16:21:01.468530Z,Rule Firing,test_spawn.py,"Score: 95, Severity: critical, Rules: 1",90e406e00ee6ce5f
2026-01-16T16:21:01.469547Z,Rule Firing,test_sysconfig.py,"Score: 95, Severity: critical, Rules: 1",309d04881155ebfa
2026-01-16T16:21:01.469547Z,Rule Firing,test_text_file.py,"Score: 95, Severity: critical, Rules: 1",c30fb53e3aa23836
2026-01-16T16:21:01.544434Z,Rule Firing,test_util.py,"Score: 95, Severity: critical, Rules: 1",22b24fce2e25498e
2026-01-16T16:21:01.544434Z,Rule Firing,test_version.py,"Score: 95, Severity: critical, Rules: 1",5dbea9759c0e001f
2026-01-16T16:21:01.544434Z,Rule Firing,test_versionpredicate.py,"Score: 100, Severity: critical, Rules: 2",668b0688278f50a5
2026-01-16T16:21:01.544434Z,Rule Firing,unix_compat.py,"Score: 95, Severity: critical, Rules: 1",d2886c3effef4664
2026-01-16T16:21:01.550432Z,Rule Firing,__init__.py,"Score: 95, Severity: critical, Rules: 1",5871f2e438bab9bf
2026-01-16T16:21:01.554336Z,Rule Firing,archive_util.cpython-311.pyc,"Score: 95, Severity: critical, Rules: 1",43c50f341fc513ca
2026-01-16T16:21:01.554336Z,Rule Firing,ccompiler.cpython-311.pyc,"Score: 95, Severity: critical, Rules: 1",a316301b578e75e6
2026-01-16T16:21:01.554336Z,Rule Firing,cmd.cpython-311.pyc,"Score: 95, Severity: critical, Rules: 1",84e2462b1008d93c
2026-01-16T16:21:01.554336Z,Rule Firing,core.cpython-311.pyc,"Score: 95, Severity: critical, Rules: 1",34830908e24c53d6
2026-01-16T16:21:01.554336Z,Rule Firing,cygwinccompiler.cpython-311.pyc,"Score: 95, Severity: critical, Rules: 1",1091ad670cf5629b
2026-01-16T16:21:01.634626Z,Rule Firing,debug.cpython-311.pyc,"Score: 95, Severity: critical, Rules: 1",19842e8037242fa7
2026-01-16T16:21:01.634626Z,Rule Firing,dep_util.cpython-311.pyc,"Score: 95, Severity: critical, Rules: 1",3b889bb17ddc4004
2026-01-16T16:21:01.634626Z,Rule Firing,dir_util.cpython-311.pyc,"Score: 95, Severity: critical, Rules: 1",668a099dc13e734b
2026-01-16T16:21:01.634626Z,Rule Firing,dist.cpython-311.pyc,"Score: 95, Severity: critical, Rules: 1",973e984757603502
2026-01-16T16:21:01.634626Z,Rule Firing,errors.cpython-311.pyc,"Score: 95, Severity: critical, Rules: 1",8426c774b43f15fd
2026-01-16T16:21:01.634626Z,Rule Firing,extension.cpython-311.pyc,"Score: 95, Severity: critical, Rules: 1",d57132377cd7e649
2026-01-16T16:21:01.634626Z,Rule Firing,fancy_getopt.cpython-311.pyc,"Score: 95, Severity: critical, Rules: 1",79af25092c3618b3
2026-01-16T16:21:01.634626Z,Rule Firing,filelist.cpython-311.pyc,"Score: 95, Severity: critical, Rules: 1",e969dd7c8c36235e
2026-01-16T16:21:01.634626Z,Rule Firing,file_util.cpython-311.pyc,"Score: 95, Severity: critical, Rules: 1",e0ad4b8982eac9c6
2026-01-16T16:21:01.634626Z,Rule Firing,log.cpython-311.pyc,"Score: 95, Severity: critical, Rules: 1",af132f12d73e64c8
2026-01-16T16:21:01.714334Z,Rule Firing,spawn.cpython-311.pyc,"Score: 95, Severity: critical, Rules: 1",fd137113caf160b9
2026-01-16T16:21:01.714334Z,Rule Firing,sysconfig.cpython-311.pyc,"Score: 95, Severity: critical, Rules: 1",16e0fe9fd3b4a7c3
2026-01-16T16:21:01.724380Z,Rule Firing,text_file.cpython-311.pyc,"Score: 95, Severity: critical, Rules: 1",6481448a474a85bc
2026-01-16T16:21:01.724380Z,Rule Firing,unixccompiler.cpython-311.pyc,"Score: 95, Severity: critical, Rules: 1",be480a79449ca668
2026-01-16T16:21:01.724380Z,Rule Firing,util.cpython-311.pyc,"Score: 95, Severity: critical, Rules: 1",b44a4eadc2b5927f
2026-01-16T16:21:01.724380Z,Rule Firing,version.cpython-311.pyc,"Score: 95, Severity: critical, Rules: 1",3e7075538d569bfe
2026-01-16T16:21:01.724380Z,Rule Firing,versionpredicate.cpython-311.pyc,"Score: 95, Severity: critical, Rules: 1",79e464695ffa3095
2026-01-16T16:21:01.724380Z,Rule Firing,zosccompiler.cpython-311.pyc,"Score: 95, Severity: critical, Rules: 1",13ffaeab9414be58
2026-01-16T16:21:01.724380Z,Rule Firing,_log.cpython-311.pyc,"Score: 95, Severity: critical, Rules: 1",a08099058e44bef5
2026-01-16T16:21:01.724380Z,Rule Firing,_macos_compat.cpython-311.pyc,"Score: 95, Severity: critical, Rules: 1",c27851ecc97bf633
2026-01-16T16:21:01.808433Z,Rule Firing,_modified.cpython-311.pyc,"Score: 95, Severity: critical, Rules: 1",ff5a352d30ffc633
2026-01-16T16:21:01.808433Z,Rule Firing,_msvccompiler.cpython-311.pyc,"Score: 95, Severity: critical, Rules: 1",be67b5a3f5f84cd3
2026-01-16T16:21:01.808433Z,Rule Firing,__init__.cpython-311.pyc,"Score: 95, Severity: critical, Rules: 1",808d81229f3e2681
2026-01-16T16:21:01.810439Z,Rule Firing,archive_util.py,"Score: 95, Severity: critical, Rules: 1",1f319edf446f513a
2026-01-16T16:21:01.810439Z,Rule Firing,ccompiler.py,"Score: 95, Severity: critical, Rules: 1",7c58c7ff80cb8686
2026-01-16T16:21:01.810439Z,Rule Firing,cmd.py,"Score: 95, Severity: critical, Rules: 1",6e3e20b6c7f6d330
2026-01-16T16:21:01.810439Z,Rule Firing,core.py,"Score: 95, Severity: critical, Rules: 1",573b1a8eac205caf
2026-01-16T16:21:01.812446Z,Rule Firing,cygwinccompiler.py,"Score: 95, Severity: critical, Rules: 1",bf2dd9a00a2f3a48
2026-01-16T16:21:01.812446Z,Rule Firing,debug.py,"Score: 95, Severity: critical, Rules: 1",0cf2cddca6e24e29
2026-01-16T16:21:01.812446Z,Rule Firing,dep_util.py,"Score: 95, Severity: critical, Rules: 1",a956ae7119d4725e
2026-01-16T16:21:01.892411Z,Rule Firing,dir_util.py,"Score: 95, Severity: critical, Rules: 1",e1fd7c014f04fd80
2026-01-16T16:21:01.892411Z,Rule Firing,dist.py,"Score: 95, Severity: critical, Rules: 1",24922a2ef2d0be02
2026-01-16T16:21:01.892411Z,Rule Firing,errors.py,"Score: 95, Severity: critical, Rules: 1",f05d00ee9aa376b0
2026-01-16T16:21:01.894421Z,Rule Firing,extension.py,"Score: 95, Severity: critical, Rules: 1",e4591fcfda39dd73
2026-01-16T16:21:01.894421Z,Rule Firing,fancy_getopt.py,"Score: 95, Severity: critical, Rules: 1",e259c4e5eb1a7bbd
2026-01-16T16:21:01.894421Z,Rule Firing,filelist.py,"Score: 95, Severity: critical, Rules: 1",5f3a11e8c9076770
2026-01-16T16:21:01.894421Z,Rule Firing,file_util.py,"Score: 95, Severity: critical, Rules: 1",739b9badd6f493cd
2026-01-16T16:21:01.896470Z,Rule Firing,log.py,"Score: 95, Severity: critical, Rules: 1",00118a2ccbd7abcc
2026-01-16T16:21:01.896470Z,Rule Firing,spawn.py,"Score: 95, Severity: critical, Rules: 1",8932a4d01d8285be
2026-01-16T16:21:01.896470Z,Rule Firing,sysconfig.py,"Score: 95, Severity: critical, Rules: 1",025d25c9c7898a71
2026-01-16T16:21:01.974370Z,Rule Firing,text_file.py,"Score: 95, Severity: critical, Rules: 1",1b0f44b70390c99c
2026-01-16T16:21:01.974370Z,Rule Firing,unixccompiler.py,"Score: 95, Severity: critical, Rules: 1",46b970deccd62c9c
2026-01-16T16:21:01.974370Z,Rule Firing,util.py,"Score: 95, Severity: critical, Rules: 1",8e9fc5b0fec80e4e
2026-01-16T16:21:01.974370Z,Rule Firing,version.py,"Score: 95, Severity: critical, Rules: 1",3735dc1e110e9c71
2026-01-16T16:21:01.977804Z,Rule Firing,versionpredicate.py,"Score: 95, Severity: critical, Rules: 1",74293187c13f880d
2026-01-16T16:21:01.978810Z,Rule Firing,zosccompiler.py,"Score: 95, Severity: critical, Rules: 1",53778be4acecc29b
2026-01-16T16:21:01.978810Z,Rule Firing,_log.py,"Score: 95, Severity: critical, Rules: 1",71982419356ad494
2026-01-16T16:21:01.978810Z,Rule Firing,_macos_compat.py,"Score: 95, Severity: critical, Rules: 1",e15f0fca5ed0e908
2026-01-16T16:21:01.978810Z,Rule Firing,_modified.py,"Score: 95, Severity: critical, Rules: 1",83edacbb35a2ea8d
2026-01-16T16:21:01.978810Z,Rule Firing,_msvccompiler.py,"Score: 95, Severity: critical, Rules: 1",7ebfc4849e7d90df
2026-01-16T16:21:02.064520Z,Rule Firing,__init__.py,"Score: 95, Severity: critical, Rules: 1",e4006c5f3b64bc20
2026-01-16T16:21:02.064520Z,Rule Firing,autoasync.cpython-311.pyc,"Score: 95, Severity: critical, Rules: 1",c54b4f7374d0979a
2026-01-16T16:21:02.064520Z,Rule Firing,autocommand.cpython-311.pyc,"Score: 95, Severity: critical, Rules: 1",1c178ab03c70e80c
2026-01-16T16:21:02.064520Z,Rule Firing,automain.cpython-311.pyc,"Score: 95, Severity: critical, Rules: 1",04696548cbb4403e
2026-01-16T16:21:02.069094Z,Rule Firing,autoparse.cpython-311.pyc,"Score: 95, Severity: critical, Rules: 1",96d4857506376946
2026-01-16T16:21:02.069094Z,Rule Firing,errors.cpython-311.pyc,"Score: 95, Severity: critical, Rules: 1",c1f6c834ddafeab6
2026-01-16T16:21:02.069094Z,Rule Firing,__init__.cpython-311.pyc,"Score: 95, Severity: critical, Rules: 1",934ba38bdb04859a
2026-01-16T16:21:02.069094Z,Rule Firing,autoasync.py,"Score: 95, Severity: critical, Rules: 1",2c74cb322a21e788
2026-01-16T16:21:02.069094Z,Rule Firing,autocommand.py,"Score: 95, Severity: critical, Rules: 1",e4a17728022202bf
2026-01-16T16:21:02.072493Z,Rule Firing,automain.py,"Score: 95, Severity: critical, Rules: 1",1ac3a948a3aacb75
2026-01-16T16:21:02.150353Z,Rule Firing,autoparse.py,"Score: 95, Severity: critical, Rules: 1",1e4ea03103310d63
2026-01-16T16:21:02.152358Z,Rule Firing,errors.py,"Score: 95, Severity: critical, Rules: 1",49cf879dbc204573
2026-01-16T16:21:02.152358Z,Rule Firing,__init__.py,"Score: 95, Severity: critical, Rules: 1",56bf20ede780e99d
2026-01-16T16:21:02.154364Z,Rule Firing,INSTALLER,"Score: 95, Severity: critical, Rules: 1",3bb2df92f55950dd
2026-01-16T16:21:02.154364Z,Rule Firing,LICENSE,"Score: 95, Severity: critical, Rules: 1",ed0cc96bc29a9d13
2026-01-16T16:21:02.154364Z,Rule Firing,METADATA,"Score: 95, Severity: critical, Rules: 1",fdb36d2464f9a711
2026-01-16T16:21:02.154364Z,Rule Firing,RECORD,"Score: 95, Severity: critical, Rules: 1",4c11014e1019d639
2026-01-16T16:21:02.154364Z,Rule Firing,top_level.txt,"Score: 95, Severity: critical, Rules: 1",7ed365b58a14d59d
2026-01-16T16:21:02.154364Z,Rule Firing,WHEEL,"Score: 95, Severity: critical, Rules: 1",3a52c322ec4dc20e
2026-01-16T16:21:02.160912Z,Rule Firing,__init__.py,"Score: 30, Severity: low, Rules: 1",56f006b41b54e2de
2026-01-16T16:21:02.238402Z,Rule Firing,py38.cpython-311.pyc,"Score: 95, Severity: critical, Rules: 1",2242e1e93a4703c2
2026-01-16T16:21:02.238402Z,Rule Firing,__init__.cpython-311.pyc,"Score: 95, Severity: critical, Rules: 1",3857302773f168cd
2026-01-16T16:21:02.238402Z,Rule Firing,py38.py,"Score: 95, Severity: critical, Rules: 1",5b867680739bc3ad
2026-01-16T16:21:02.238402Z,Rule Firing,__init__.py,"Score: 100, Severity: critical, Rules: 2",431b9d47834a26a0
2026-01-16T16:21:02.238402Z,Rule Firing,__init__.cpython-311.pyc,"Score: 95, Severity: critical, Rules: 1",e16e018d1ea03eac
2026-01-16T16:21:02.243365Z,Rule Firing,__main__.cpython-311.pyc,"Score: 95, Severity: critical, Rules: 1",e45184cb4b53801f
2026-01-16T16:21:02.243365Z,Rule Firing,__init__.py,"Score: 95, Severity: critical, Rules: 1",2ef7c43f08e52a8a
2026-01-16T16:21:02.244370Z,Rule Firing,__main__.py,"Score: 95, Severity: critical, Rules: 1",6964951cd17225a3
2026-01-16T16:21:02.244370Z,Rule Firing,__init__.cpython-311.pyc,"Score: 95, Severity: critical, Rules: 1",33f0660bd7035100
2026-01-16T16:21:02.244370Z,Rule Firing,__init__.py,"Score: 95, Severity: critical, Rules: 1",81659e3b8d42c1c2
2026-01-16T16:21:02.324513Z,Rule Firing,REQUESTED,"Score: 30, Severity: low, Rules: 1",bcc8a68eec1c5e61
2026-01-16T16:21:02.324513Z,Rule Firing,INSTALLER,"Score: 95, Severity: critical, Rules: 1",0605fd4b6677e204
2026-01-16T16:21:02.324513Z,Rule Firing,LICENSE,"Score: 95, Severity: critical, Rules: 1",a4f12edc38344803
2026-01-16T16:21:02.324513Z,Rule Firing,METADATA,"Score: 95, Severity: critical, Rules: 1",6abbb39894fa8502
2026-01-16T16:21:02.324513Z,Rule Firing,RECORD,"Score: 95, Severity: critical, Rules: 1",bbfdde75cbe20f61
2026-01-16T16:21:02.329182Z,Rule Firing,REQUESTED,"Score: 100, Severity: critical, Rules: 2",5b7e1352b3c89ca3
2026-01-16T16:21:02.329182Z,Rule Firing,top_level.txt,"Score: 95, Severity: critical, Rules: 1",1fecbb5e618b9fa0
2026-01-16T16:21:02.329182Z,Rule Firing,WHEEL,"Score: 95, Severity: critical, Rules: 1",ce83f4aea8ce2fdf
2026-01-16T16:21:02.329182Z,Rule Firing,py.typed,"Score: 30, Severity: low, Rules: 1",81d6e8e428f96816
2026-01-16T16:21:02.334567Z,Rule Firing,__init__.py,"Score: 30, Severity: low, Rules: 1",492db8f21eaeb898
2026-01-16T16:21:02.420277Z,Rule Firing,py311.cpython-311.pyc,"Score: 95, Severity: critical, Rules: 1",30d27795e43ed329
2026-01-16T16:21:02.420277Z,Rule Firing,py39.cpython-311.pyc,"Score: 95, Severity: critical, Rules: 1",8bfc2b465e159f6b
2026-01-16T16:21:02.420277Z,Rule Firing,__init__.cpython-311.pyc,"Score: 95, Severity: critical, Rules: 1",fffb8153c47abfcc
2026-01-16T16:21:02.420277Z,Rule Firing,py311.py,"Score: 95, Severity: critical, Rules: 1",bdda135cec7249fb
2026-01-16T16:21:02.420277Z,Rule Firing,py39.py,"Score: 95, Severity: critical, Rules: 1",e059d36be7eea13d
2026-01-16T16:21:02.424255Z,Rule Firing,__init__.py,"Score: 100, Severity: critical, Rules: 2",7bcce9bec20eec3d
2026-01-16T16:21:02.424255Z,Rule Firing,diagnose.cpython-311.pyc,"Score: 95, Severity: critical, Rules: 1",2ecf36f5230a4a2a
2026-01-16T16:21:02.424255Z,Rule Firing,_adapters.cpython-311.pyc,"Score: 95, Severity: critical, Rules: 1",db9e70223ec975e4
2026-01-16T16:21:02.424255Z,Rule Firing,_collections.cpython-311.pyc,"Score: 95, Severity: critical, Rules: 1",47a3b9813b1ef07f
2026-01-16T16:21:02.424255Z,Rule Firing,_compat.cpython-311.pyc,"Score: 95, Severity: critical, Rules: 1",d42194fb8dca7251
2026-01-16T16:21:02.506350Z,Rule Firing,_functools.cpython-311.pyc,"Score: 95, Severity: critical, Rules: 1",3c023af83f496d05
2026-01-16T16:21:02.508356Z,Rule Firing,_itertools.cpython-311.pyc,"Score: 95, Severity: critical, Rules: 1",7f6325fa38502e77
2026-01-16T16:21:02.508356Z,Rule Firing,_meta.cpython-311.pyc,"Score: 95, Severity: critical, Rules: 1",75ef45f268886528
2026-01-16T16:21:02.508356Z,Rule Firing,_text.cpython-311.pyc,"Score: 95, Severity: critical, Rules: 1",25230741921b83b9
2026-01-16T16:21:02.508356Z,Rule Firing,__init__.cpython-311.pyc,"Score: 95, Severity: critical, Rules: 1",9a04d9c531f00c3a
2026-01-16T16:21:02.508356Z,Rule Firing,diagnose.py,"Score: 95, Severity: critical, Rules: 1",5ca5d5bdd009511d
2026-01-16T16:21:02.508356Z,Rule Firing,py.typed,"Score: 100, Severity: critical, Rules: 2",ca39f8b8a74a4c73
2026-01-16T16:21:02.508356Z,Rule Firing,_adapters.py,"Score: 95, Severity: critical, Rules: 1",b41d5958d26fe89f
2026-01-16T16:21:02.508356Z,Rule Firing,_collections.py,"Score: 95, Severity: critical, Rules: 1",ff0a31c427e9485e
2026-01-16T16:21:02.508356Z,Rule Firing,_compat.py,"Score: 95, Severity: critical, Rules: 1",d7c4b79d97260b42
2026-01-16T16:21:02.594348Z,Rule Firing,_functools.py,"Score: 95, Severity: critical, Rules: 1",08697604eaa23d05
2026-01-16T16:21:02.594348Z,Rule Firing,_itertools.py,"Score: 95, Severity: critical, Rules: 1",c13e09d421fbd710
2026-01-16T16:21:02.598586Z,Rule Firing,_meta.py,"Score: 95, Severity: critical, Rules: 1",938b6673b3a580df
2026-01-16T16:21:02.598586Z,Rule Firing,_text.py,"Score: 95, Severity: critical, Rules: 1",1b3a797deda5a76d
2026-01-16T16:21:02.598586Z,Rule Firing,__init__.py,"Score: 95, Severity: critical, Rules: 1",8a86e6d1788f7970
2026-01-16T16:21:02.598586Z,Rule Firing,REQUESTED,"Score: 30, Severity: low, Rules: 1",a0e55c4cfe539298
2026-01-16T16:21:02.598586Z,Rule Firing,INSTALLER,"Score: 95, Severity: critical, Rules: 1",064e6aa49c04e68d
2026-01-16T16:21:02.598586Z,Rule Firing,LICENSE,"Score: 95, Severity: critical, Rules: 1",1cfed21332f90ad1
2026-01-16T16:21:02.598586Z,Rule Firing,METADATA,"Score: 95, Severity: critical, Rules: 1",73350e3a403a659a
2026-01-16T16:21:02.604521Z,Rule Firing,RECORD,"Score: 95, Severity: critical, Rules: 1",101c937f2f5cc875
2026-01-16T16:21:02.677077Z,Rule Firing,REQUESTED,"Score: 100, Severity: critical, Rules: 2",1a88b69de1a965cf
2026-01-16T16:21:02.684458Z,Rule Firing,top_level.txt,"Score: 95, Severity: critical, Rules: 1",c53ebdbae90f564b
2026-01-16T16:21:02.684458Z,Rule Firing,WHEEL,"Score: 95, Severity: critical, Rules: 1",07f3d6ccfc380682
2026-01-16T16:21:02.684458Z,Rule Firing,py.typed,"Score: 30, Severity: low, Rules: 1",512f6075660de200
2026-01-16T16:21:02.684458Z,Rule Firing,__init__.py,"Score: 30, Severity: low, Rules: 1",ab440962dd52e416
2026-01-16T16:21:02.684458Z,Rule Firing,py38.cpython-311.pyc,"Score: 95, Severity: critical, Rules: 1",ca0f23661d0a6372
2026-01-16T16:21:02.684458Z,Rule Firing,__init__.cpython-311.pyc,"Score: 95, Severity: critical, Rules: 1",d9e09cf5868e9380
2026-01-16T16:21:02.684458Z,Rule Firing,py38.py,"Score: 95, Severity: critical, Rules: 1",023d122d4584dfbd
2026-01-16T16:21:02.684458Z,Rule Firing,__init__.py,"Score: 100, Severity: critical, Rules: 2",a92e4cd16a123c63
2026-01-16T16:21:02.684458Z,Rule Firing,__init__.cpython-311.pyc,"Score: 95, Severity: critical, Rules: 1",0796dae909be3f07
2026-01-16T16:21:02.774576Z,Rule Firing,py.typed,"Score: 100, Severity: critical, Rules: 2",0aa61e50a1d5fc86
2026-01-16T16:21:02.774576Z,Rule Firing,__init__.py,"Score: 95, Severity: critical, Rules: 1",02398533f0d13cd3
2026-01-16T16:21:02.774576Z,Rule Firing,INSTALLER,"Score: 95, Severity: critical, Rules: 1",1443502839f69054
2026-01-16T16:21:02.774576Z,Rule Firing,LICENSE,"Score: 95, Severity: critical, Rules: 1",4b45c4285581b4e6
2026-01-16T16:21:02.774576Z,Rule Firing,METADATA,"Score: 95, Severity: critical, Rules: 1",383efb1319516775
2026-01-16T16:21:02.774576Z,Rule Firing,RECORD,"Score: 95, Severity: critical, Rules: 1",f783d1f3b532690e
2026-01-16T16:21:02.774576Z,Rule Firing,top_level.txt,"Score: 95, Severity: critical, Rules: 1",2b640484f83791a6
2026-01-16T16:21:02.774576Z,Rule Firing,WHEEL,"Score: 95, Severity: critical, Rules: 1",bea332998b44fccf
2026-01-16T16:21:02.784369Z,Rule Firing,py.typed,"Score: 30, Severity: low, Rules: 1",3f482cef73d5137e
2026-01-16T16:21:02.784369Z,Rule Firing,__init__.cpython-311.pyc,"Score: 95, Severity: critical, Rules: 1",c4c02b99dd497dde
2026-01-16T16:21:02.864302Z,Rule Firing,py.typed,"Score: 100, Severity: critical, Rules: 2",94dffe1614c1e67a
2026-01-16T16:21:02.866382Z,Rule Firing,__init__.py,"Score: 95, Severity: critical, Rules: 1",65fe88a0d8f341bb
2026-01-16T16:21:02.866382Z,Rule Firing,py.typed,"Score: 30, Severity: low, Rules: 1",2889453f89231b11
2026-01-16T16:21:02.867388Z,Rule Firing,__init__.cpython-311.pyc,"Score: 95, Severity: critical, Rules: 1",1b550f350aef233a
2026-01-16T16:21:02.867388Z,Rule Firing,py.typed,"Score: 100, Severity: critical, Rules: 2",35acc4bffe7b2e51
2026-01-16T16:21:02.867388Z,Rule Firing,__init__.py,"Score: 95, Severity: critical, Rules: 1",91cece0e8bc6cbcf
2026-01-16T16:21:02.867388Z,Rule Firing,__init__.pyi,"Score: 95, Severity: critical, Rules: 1",3b8c898d713a817b
2026-01-16T16:21:02.869778Z,Rule Firing,layouts.cpython-311.pyc,"Score: 95, Severity: critical, Rules: 1",ae749e4c039e2b66
2026-01-16T16:21:02.869778Z,Rule Firing,show-newlines.cpython-311.pyc,"Score: 95, Severity: critical, Rules: 1",1ad9bf20c74ac683
2026-01-16T16:21:02.869778Z,Rule Firing,strip-prefix.cpython-311.pyc,"Score: 95, Severity: critical, Rules: 1",007ea961d562b398
2026-01-16T16:21:02.950240Z,Rule Firing,to-dvorak.cpython-311.pyc,"Score: 95, Severity: critical, Rules: 1",bcf78c5fafd930fe
2026-01-16T16:21:02.952246Z,Rule Firing,to-qwerty.cpython-311.pyc,"Score: 95, Severity: critical, Rules: 1",efc8c0d375df78c6
2026-01-16T16:21:02.952246Z,Rule Firing,__init__.cpython-311.pyc,"Score: 95, Severity: critical, Rules: 1",ad5bb8f5b27d0349
2026-01-16T16:21:02.952246Z,Rule Firing,layouts.py,"Score: 95, Severity: critical, Rules: 1",9349a93eeaa0d72d
2026-01-16T16:21:02.954254Z,Rule Firing,Lorem ipsum.txt,"Score: 95, Severity: critical, Rules: 1",6a3a2246a49d65e7
2026-01-16T16:21:02.954254Z,Rule Firing,show-newlines.py,"Score: 95, Severity: critical, Rules: 1",313e6e2b73afda25
2026-01-16T16:21:02.954254Z,Rule Firing,strip-prefix.py,"Score: 95, Severity: critical, Rules: 1",35efec0cc8449602
2026-01-16T16:21:02.954254Z,Rule Firing,to-dvorak.py,"Score: 95, Severity: critical, Rules: 1",3695c6a61bb0382a
2026-01-16T16:21:02.954254Z,Rule Firing,to-qwerty.py,"Score: 95, Severity: critical, Rules: 1",da6ac81a3659489f
2026-01-16T16:21:02.954254Z,Rule Firing,__init__.py,"Score: 95, Severity: critical, Rules: 1",c3ad272f0b3ab458
2026-01-16T16:21:03.036593Z,Rule Firing,context.cpython-311.pyc,"Score: 95, Severity: critical, Rules: 1",509dc1273008b6dd
2026-01-16T16:21:03.036593Z,Rule Firing,context.py,"Score: 95, Severity: critical, Rules: 1",996d660aeea9a988
2026-01-16T16:21:03.038907Z,Rule Firing,REQUESTED,"Score: 30, Severity: low, Rules: 1",4ee4b55334abb8c1
2026-01-16T16:21:03.038907Z,Rule Firing,INSTALLER,"Score: 95, Severity: critical, Rules: 1",42e7316d624a544a
2026-01-16T16:21:03.038907Z,Rule Firing,LICENSE,"Score: 95, Severity: critical, Rules: 1",afdb124450221169
2026-01-16T16:21:03.040413Z,Rule Firing,METADATA,"Score: 95, Severity: critical, Rules: 1",334b7dc40c3495d4
2026-01-16T16:21:03.040413Z,Rule Firing,RECORD,"Score: 95, Severity: critical, Rules: 1",b3f63c59e870fb82
2026-01-16T16:21:03.040413Z,Rule Firing,REQUESTED,"Score: 100, Severity: critical, Rules: 2",7806cee3d515b309
2026-01-16T16:21:03.040413Z,Rule Firing,top_level.txt,"Score: 95, Severity: critical, Rules: 1",2ecd881165896ff0
2026-01-16T16:21:03.040413Z,Rule Firing,WHEEL,"Score: 95, Severity: critical, Rules: 1",d8c1f2ff7405a3b2
2026-01-16T16:21:03.120516Z,Rule Firing,INSTALLER,"Score: 95, Severity: critical, Rules: 1",e80f6b5d3bb70247
2026-01-16T16:21:03.122522Z,Rule Firing,LICENSE,"Score: 95, Severity: critical, Rules: 1",5cff7acea4405582
2026-01-16T16:21:03.122522Z,Rule Firing,METADATA,"Score: 95, Severity: critical, Rules: 1",2a9866a8b3117933
2026-01-16T16:21:03.122522Z,Rule Firing,RECORD,"Score: 95, Severity: critical, Rules: 1",0711ebf14071d47f
2026-01-16T16:21:03.124527Z,Rule Firing,top_level.txt,"Score: 95, Severity: critical, Rules: 1",3096b1f97dc71d79
2026-01-16T16:21:03.124527Z,Rule Firing,WHEEL,"Score: 95, Severity: critical, Rules: 1",6d57a8bdee30cbcf
2026-01-16T16:21:03.124527Z,Rule Firing,INSTALLER,"Score: 95, Severity: critical, Rules: 1",7509aec41adb1f7d
2026-01-16T16:21:03.124527Z,Rule Firing,LICENSE,"Score: 95, Severity: critical, Rules: 1",54782b9d8c7ad065
2026-01-16T16:21:03.124527Z,Rule Firing,METADATA,"Score: 95, Severity: critical, Rules: 1",be5f7f28e68c8f59
2026-01-16T16:21:03.124527Z,Rule Firing,RECORD,"Score: 95, Severity: critical, Rules: 1",1955edb99fcafba9
2026-01-16T16:21:03.204178Z,Rule Firing,top_level.txt,"Score: 95, Severity: critical, Rules: 1",87fa62b2d1d7ea8f
2026-01-16T16:21:03.204178Z,Rule Firing,WHEEL,"Score: 95, Severity: critical, Rules: 1",81d505bc02a4292d
2026-01-16T16:21:03.204178Z,Rule Firing,REQUESTED,"Score: 30, Severity: low, Rules: 1",69ebae661e7b8da1
2026-01-16T16:21:03.204178Z,Rule Firing,INSTALLER,"Score: 95, Severity: critical, Rules: 1",aa1cb31522582dea
2026-01-16T16:21:03.204178Z,Rule Firing,LICENSE,"Score: 95, Severity: critical, Rules: 1",a680d393c7d11b81
2026-01-16T16:21:03.204178Z,Rule Firing,METADATA,"Score: 95, Severity: critical, Rules: 1",6cd1b324a6dad7fb
2026-01-16T16:21:03.209264Z,Rule Firing,RECORD,"Score: 95, Severity: critical, Rules: 1",5219b3745ffff5fe
2026-01-16T16:21:03.209264Z,Rule Firing,REQUESTED,"Score: 100, Severity: critical, Rules: 2",a81b4ae98ceb60c9
2026-01-16T16:21:03.209264Z,Rule Firing,top_level.txt,"Score: 95, Severity: critical, Rules: 1",2965326f588993d6
2026-01-16T16:21:03.211270Z,Rule Firing,WHEEL,"Score: 95, Severity: critical, Rules: 1",69c1cd663c80be92
2026-01-16T16:21:03.292669Z,Rule Firing,py.typed,"Score: 30, Severity: low, Rules: 1",d063a83a702cfd20
2026-01-16T16:21:03.294675Z,Rule Firing,more.cpython-311.pyc,"Score: 95, Severity: critical, Rules: 1",3bba97f3ca2d78a1
2026-01-16T16:21:03.294675Z,Rule Firing,recipes.cpython-311.pyc,"Score: 95, Severity: critical, Rules: 1",d511e5b5c6745239
2026-01-16T16:21:03.294675Z,Rule Firing,__init__.cpython-311.pyc,"Score: 95, Severity: critical, Rules: 1",ec22ec095c69d785
2026-01-16T16:21:03.294675Z,Rule Firing,more.py,"Score: 95, Severity: critical, Rules: 1",687c137b5305f41b
2026-01-16T16:21:03.294675Z,Rule Firing,more.pyi,"Score: 95, Severity: critical, Rules: 1",bdc04f316ef53b29
2026-01-16T16:21:03.294675Z,Rule Firing,py.typed,"Score: 100, Severity: critical, Rules: 2",81c32b063c28fd6a
2026-01-16T16:21:03.294675Z,Rule Firing,recipes.py,"Score: 95, Severity: critical, Rules: 1",9b119c85b305a8c3
2026-01-16T16:21:03.298813Z,Rule Firing,recipes.pyi,"Score: 95, Severity: critical, Rules: 1",4270b8c6dac4dc6b
2026-01-16T16:21:03.298813Z,Rule Firing,__init__.py,"Score: 95, Severity: critical, Rules: 1",770b79c0c60e5a06
2026-01-16T16:21:03.378340Z,Rule Firing,__init__.pyi,"Score: 95, Severity: critical, Rules: 1",37d164a2c4f65997
2026-01-16T16:21:03.380346Z,Rule Firing,REQUESTED,"Score: 30, Severity: low, Rules: 1",2f1e60861e3dc0e6
2026-01-16T16:21:03.380346Z,Rule Firing,INSTALLER,"Score: 95, Severity: critical, Rules: 1",acc2f25ba6615642
2026-01-16T16:21:03.380346Z,Rule Firing,LICENSE,"Score: 95, Severity: critical, Rules: 1",2b3aee98c42236d8
2026-01-16T16:21:03.382700Z,Rule Firing,METADATA,"Score: 95, Severity: critical, Rules: 1",1d8d85f2f1a77cd5
2026-01-16T16:21:03.382700Z,Rule Firing,RECORD,"Score: 95, Severity: critical, Rules: 1",1d2692140bab2067
2026-01-16T16:21:03.382700Z,Rule Firing,REQUESTED,"Score: 100, Severity: critical, Rules: 2",84e3f049baae2fa0
2026-01-16T16:21:03.384207Z,Rule Firing,WHEEL,"Score: 95, Severity: critical, Rules: 1",0a82aeab4ca46fd0
2026-01-16T16:21:03.384207Z,Rule Firing,py.typed,"Score: 30, Severity: low, Rules: 1",b9fa6afd60e0d2f4
2026-01-16T16:21:03.387907Z,Rule Firing,_spdx.cpython-311.pyc,"Score: 95, Severity: critical, Rules: 1",63fe5d6f3c8dab9d
2026-01-16T16:21:03.467714Z,Rule Firing,__init__.cpython-311.pyc,"Score: 95, Severity: critical, Rules: 1",b2ec35557f7b7f4a
2026-01-16T16:21:03.467714Z,Rule Firing,_spdx.py,"Score: 95, Severity: critical, Rules: 1",2b0deaade99d1345
2026-01-16T16:21:03.467714Z,Rule Firing,__init__.py,"Score: 95, Severity: critical, Rules: 1",df65c9133dab96fd
2026-01-16T16:21:03.467714Z,Rule Firing,markers.cpython-311.pyc,"Score: 95, Severity: critical, Rules: 1",699ce6fb81faec3d
2026-01-16T16:21:03.474350Z,Rule Firing,metadata.cpython-311.pyc,"Score: 95, Severity: critical, Rules: 1",c187bca3f3241d3c
2026-01-16T16:21:03.474350Z,Rule Firing,requirements.cpython-311.pyc,"Score: 95, Severity: critical, Rules: 1",7fb0475a7fca6d90
2026-01-16T16:21:03.474350Z,Rule Firing,specifiers.cpython-311.pyc,"Score: 95, Severity: critical, Rules: 1",68d13504ca10ac09
2026-01-16T16:21:03.474350Z,Rule Firing,tags.cpython-311.pyc,"Score: 95, Severity: critical, Rules: 1",f0afbf9b057e86f2
2026-01-16T16:21:03.474350Z,Rule Firing,utils.cpython-311.pyc,"Score: 95, Severity: critical, Rules: 1",a75c037329404a16
2026-01-16T16:21:03.474350Z,Rule Firing,version.cpython-311.pyc,"Score: 95, Severity: critical, Rules: 1",142360bc5e20cc6c
2026-01-16T16:21:03.566842Z,Rule Firing,_elffile.cpython-311.pyc,"Score: 95, Severity: critical, Rules: 1",60065f1cc87e83c1
2026-01-16T16:21:03.566842Z,Rule Firing,_manylinux.cpython-311.pyc,"Score: 95, Severity: critical, Rules: 1",a7f0b8533c1be205
2026-01-16T16:21:03.566842Z,Rule Firing,_musllinux.cpython-311.pyc,"Score: 95, Severity: critical, Rules: 1",f251553c873f91c0
2026-01-16T16:21:03.566842Z,Rule Firing,_parser.cpython-311.pyc,"Score: 95, Severity: critical, Rules: 1",22e094057712dc59
2026-01-16T16:21:03.566842Z,Rule Firing,_structures.cpython-311.pyc,"Score: 95, Severity: critical, Rules: 1",a543d8dc8e673914
2026-01-16T16:21:03.574484Z,Rule Firing,_tokenizer.cpython-311.pyc,"Score: 95, Severity: critical, Rules: 1",3f5bac1727457295
2026-01-16T16:21:03.574484Z,Rule Firing,__init__.cpython-311.pyc,"Score: 95, Severity: critical, Rules: 1",65116480b090102e
2026-01-16T16:21:03.574484Z,Rule Firing,markers.py,"Score: 95, Severity: critical, Rules: 1",61ba5de3a83cc241
2026-01-16T16:21:03.574484Z,Rule Firing,metadata.py,"Score: 95, Severity: critical, Rules: 1",17ced14475c87e2c
2026-01-16T16:21:03.574484Z,Rule Firing,py.typed,"Score: 100, Severity: critical, Rules: 2",e4f7405973968e68
2026-01-16T16:21:03.664642Z,Rule Firing,requirements.py,"Score: 95, Severity: critical, Rules: 1",babf8610e7822895
2026-01-16T16:21:03.664642Z,Rule Firing,specifiers.py,"Score: 95, Severity: critical, Rules: 1",13593fc6a2b25b8a
2026-01-16T16:21:03.664642Z,Rule Firing,tags.py,"Score: 95, Severity: critical, Rules: 1",38ea7f52a002f02a
2026-01-16T16:21:03.664642Z,Rule Firing,utils.py,"Score: 95, Severity: critical, Rules: 1",78e584cc52f9715e
2026-01-16T16:21:03.664642Z,Rule Firing,version.py,"Score: 95, Severity: critical, Rules: 1",7bc92a292f225746
2026-01-16T16:21:03.664642Z,Rule Firing,_elffile.py,"Score: 95, Severity: critical, Rules: 1",9ba72c2cfa121592
2026-01-16T16:21:03.664642Z,Rule Firing,_manylinux.py,"Score: 95, Severity: critical, Rules: 1",b1b13e46147a2674
2026-01-16T16:21:03.664642Z,Rule Firing,_musllinux.py,"Score: 95, Severity: critical, Rules: 1",41adfea45f2a8d37
2026-01-16T16:21:03.664642Z,Rule Firing,_parser.py,"Score: 95, Severity: critical, Rules: 1",bf0b55511ee7629a
2026-01-16T16:21:03.664642Z,Rule Firing,_structures.py,"Score: 95, Severity: critical, Rules: 1",c6a05f6fb3166770
2026-01-16T16:21:03.750692Z,Rule Firing,_tokenizer.py,"Score: 95, Severity: critical, Rules: 1",b3f79c7ae4a1df87
2026-01-16T16:21:03.750692Z,Rule Firing,__init__.py,"Score: 95, Severity: critical, Rules: 1",c9a6c6f286ec5a18
2026-01-16T16:21:03.750692Z,Rule Firing,REQUESTED,"Score: 30, Severity: low, Rules: 1",508485b369fee760
2026-01-16T16:21:03.754500Z,Rule Firing,INSTALLER,"Score: 95, Severity: critical, Rules: 1",8629b6e536289815
2026-01-16T16:21:03.754500Z,Rule Firing,LICENSE,"Score: 95, Severity: critical, Rules: 1",6314d659df2759c1
2026-01-16T16:21:03.754500Z,Rule Firing,LICENSE.APACHE,"Score: 95, Severity: critical, Rules: 1",8c55f13a40ad48fe
2026-01-16T16:21:03.754500Z,Rule Firing,LICENSE.BSD,"Score: 95, Severity: critical, Rules: 1",cdbb49b875c9e7e5
2026-01-16T16:21:03.757039Z,Rule Firing,METADATA,"Score: 95, Severity: critical, Rules: 1",c836e8a9218a359d
2026-01-16T16:21:03.757039Z,Rule Firing,RECORD,"Score: 95, Severity: critical, Rules: 1",a4a127077cf82bad
2026-01-16T16:21:03.757039Z,Rule Firing,REQUESTED,"Score: 100, Severity: critical, Rules: 2",8e413584c10b3319
2026-01-16T16:21:03.844377Z,Rule Firing,WHEEL,"Score: 95, Severity: critical, Rules: 1",378bb74a1412258d
2026-01-16T16:21:03.846487Z,Rule Firing,py.typed,"Score: 30, Severity: low, Rules: 1",fdfcf781a17de76f
2026-01-16T16:21:03.846487Z,Rule Firing,android.cpython-311.pyc,"Score: 95, Severity: critical, Rules: 1",683d242ce5c26595
2026-01-16T16:21:03.846487Z,Rule Firing,api.cpython-311.pyc,"Score: 95, Severity: critical, Rules: 1",819862d5739b5224
2026-01-16T16:21:03.850006Z,Rule Firing,macos.cpython-311.pyc,"Score: 95, Severity: critical, Rules: 1",5242b8a363e24b30
2026-01-16T16:21:03.850006Z,Rule Firing,unix.cpython-311.pyc,"Score: 95, Severity: critical, Rules: 1",bf9cde5d619fe5f1
2026-01-16T16:21:03.850006Z,Rule Firing,version.cpython-311.pyc,"Score: 95, Severity: critical, Rules: 1",b9086fbcd7af3d91
2026-01-16T16:21:03.852015Z,Rule Firing,windows.cpython-311.pyc,"Score: 95, Severity: critical, Rules: 1",d0fed394f2862e5a
2026-01-16T16:21:03.852015Z,Rule Firing,__init__.cpython-311.pyc,"Score: 95, Severity: critical, Rules: 1",8cf767e2946f9a5b
2026-01-16T16:21:03.852015Z,Rule Firing,__main__.cpython-311.pyc,"Score: 95, Severity: critical, Rules: 1",d21cbcea23588aa6
2026-01-16T16:21:03.932300Z,Rule Firing,android.py,"Score: 95, Severity: critical, Rules: 1",8bfc1058406977f8
2026-01-16T16:21:03.932300Z,Rule Firing,api.py,"Score: 95, Severity: critical, Rules: 1",499af71af510a88d
2026-01-16T16:21:03.934306Z,Rule Firing,macos.py,"Score: 95, Severity: critical, Rules: 1",e54a601a7ded12c9
2026-01-16T16:21:03.934306Z,Rule Firing,py.typed,"Score: 100, Severity: critical, Rules: 2",8e7b2953b5ea8b96
2026-01-16T16:21:03.934306Z,Rule Firing,unix.py,"Score: 95, Severity: critical, Rules: 1",789943e3a8285581
2026-01-16T16:21:03.934306Z,Rule Firing,version.py,"Score: 95, Severity: critical, Rules: 1",60bf498732d9053d
2026-01-16T16:21:03.936301Z,Rule Firing,windows.py,"Score: 95, Severity: critical, Rules: 1",ae5ebb7b9d0de3a7
2026-01-16T16:21:03.936301Z,Rule Firing,__init__.py,"Score: 95, Severity: critical, Rules: 1",9824b028bb635a31
2026-01-16T16:21:03.936301Z,Rule Firing,__main__.py,"Score: 95, Severity: critical, Rules: 1",f6d500cf5701a0ea
2026-01-16T16:21:03.936301Z,Rule Firing,REQUESTED,"Score: 30, Severity: low, Rules: 1",bb2d39ad3f4442ba
2026-01-16T16:21:04.018313Z,Rule Firing,LICENSE,"Score: 95, Severity: critical, Rules: 1",b81de0e3ebc181ac
2026-01-16T16:21:04.018313Z,Rule Firing,INSTALLER,"Score: 95, Severity: critical, Rules: 1",3d039811dfc9f817
2026-01-16T16:21:04.018313Z,Rule Firing,METADATA,"Score: 95, Severity: critical, Rules: 1",9e5c8d872e5f0c59
2026-01-16T16:21:04.018313Z,Rule Firing,RECORD,"Score: 95, Severity: critical, Rules: 1",78d6e6fc231e74bb
2026-01-16T16:21:04.018313Z,Rule Firing,REQUESTED,"Score: 100, Severity: critical, Rules: 2",2f5260ab6d189242
2026-01-16T16:21:04.018313Z,Rule Firing,WHEEL,"Score: 95, Severity: critical, Rules: 1",cdac9281dc544aaa
2026-01-16T16:21:04.024621Z,Rule Firing,_parser.cpython-311.pyc,"Score: 95, Severity: critical, Rules: 1",77881477502b9988
2026-01-16T16:21:04.024621Z,Rule Firing,_re.cpython-311.pyc,"Score: 95, Severity: critical, Rules: 1",8b7c7c5f317061c8
2026-01-16T16:21:04.024621Z,Rule Firing,_types.cpython-311.pyc,"Score: 95, Severity: critical, Rules: 1",60ca975e783ccf12
2026-01-16T16:21:04.024621Z,Rule Firing,__init__.cpython-311.pyc,"Score: 95, Severity: critical, Rules: 1",6f3185a68e430ce9
2026-01-16T16:21:04.112382Z,Rule Firing,py.typed,"Score: 95, Severity: critical, Rules: 1",c079ae7032aeeb81
2026-01-16T16:21:04.112382Z,Rule Firing,_parser.py,"Score: 95, Severity: critical, Rules: 1",c2e9de93e314f638
2026-01-16T16:21:04.112382Z,Rule Firing,_re.py,"Score: 95, Severity: critical, Rules: 1",e23ef8978dc991bd
2026-01-16T16:21:04.112382Z,Rule Firing,_types.py,"Score: 95, Severity: critical, Rules: 1",44447c3d1b8f2a88
2026-01-16T16:21:04.114388Z,Rule Firing,__init__.py,"Score: 95, Severity: critical, Rules: 1",935e236e91b8719c
2026-01-16T16:21:04.114388Z,Rule Firing,REQUESTED,"Score: 30, Severity: low, Rules: 1",9442a7fc198071b5
2026-01-16T16:21:04.114388Z,Rule Firing,INSTALLER,"Score: 95, Severity: critical, Rules: 1",6c2623c9e90052e5
2026-01-16T16:21:04.114388Z,Rule Firing,LICENSE,"Score: 95, Severity: critical, Rules: 1",56bd5f553bcea5b2
2026-01-16T16:21:04.117625Z,Rule Firing,METADATA,"Score: 95, Severity: critical, Rules: 1",8372bd7d4cde4f38
2026-01-16T16:21:04.117625Z,Rule Firing,RECORD,"Score: 95, Severity: critical, Rules: 1",44b19dee335923b0
2026-01-16T16:21:04.198388Z,Rule Firing,REQUESTED,"Score: 100, Severity: critical, Rules: 2",903b5871d46c0321
2026-01-16T16:21:04.198388Z,Rule Firing,WHEEL,"Score: 95, Severity: critical, Rules: 1",9bfc1b4f7228d16a
2026-01-16T16:21:04.200393Z,Rule Firing,py.typed,"Score: 30, Severity: low, Rules: 1",99694173f5fb2ac2
2026-01-16T16:21:04.202398Z,Rule Firing,_checkers.cpython-311.pyc,"Score: 95, Severity: critical, Rules: 1",31da45df9594be0b
2026-01-16T16:21:04.204403Z,Rule Firing,_config.cpython-311.pyc,"Score: 95, Severity: critical, Rules: 1",eef4675cc6eeac0c
2026-01-16T16:21:04.204403Z,Rule Firing,_decorators.cpython-311.pyc,"Score: 95, Severity: critical, Rules: 1",a83e4f531cdc88e6
2026-01-16T16:21:04.204403Z,Rule Firing,_exceptions.cpython-311.pyc,"Score: 95, Severity: critical, Rules: 1",9b13933757d2dc1c
2026-01-16T16:21:04.204403Z,Rule Firing,_functions.cpython-311.pyc,"Score: 95, Severity: critical, Rules: 1",ca59758c768be38f
2026-01-16T16:21:04.206425Z,Rule Firing,_importhook.cpython-311.pyc,"Score: 95, Severity: critical, Rules: 1",d6c66df5959f4d4a
2026-01-16T16:21:04.206425Z,Rule Firing,_memo.cpython-311.pyc,"Score: 95, Severity: critical, Rules: 1",9c9aa91dfe6f93dc
2026-01-16T16:21:04.293974Z,Rule Firing,_pytest_plugin.cpython-311.pyc,"Score: 95, Severity: critical, Rules: 1",72681f0d6f21f417
2026-01-16T16:21:04.294496Z,Rule Firing,_suppression.cpython-311.pyc,"Score: 95, Severity: critical, Rules: 1",3272495906e80076
2026-01-16T16:21:04.294496Z,Rule Firing,_transformer.cpython-311.pyc,"Score: 95, Severity: critical, Rules: 1",b1034a7480e936ac
2026-01-16T16:21:04.296972Z,Rule Firing,_union_transformer.cpython-311.pyc,"Score: 95, Severity: critical, Rules: 1",c69b1f58dc442053
2026-01-16T16:21:04.296972Z,Rule Firing,_utils.cpython-311.pyc,"Score: 95, Severity: critical, Rules: 1",6c2fa92cb1ffba97
2026-01-16T16:21:04.296972Z,Rule Firing,__init__.cpython-311.pyc,"Score: 95, Severity: critical, Rules: 1",7af9c7b9a6f1715d
2026-01-16T16:21:04.298980Z,Rule Firing,py.typed,"Score: 100, Severity: critical, Rules: 2",ce3997dd58e40a5f
2026-01-16T16:21:04.298980Z,Rule Firing,_checkers.py,"Score: 95, Severity: critical, Rules: 1",5b0ef334c7298e2a
2026-01-16T16:21:04.298980Z,Rule Firing,_config.py,"Score: 95, Severity: critical, Rules: 1",56066478811c4532
2026-01-16T16:21:04.300986Z,Rule Firing,_decorators.py,"Score: 95, Severity: critical, Rules: 1",f349f505c8b5bf49
2026-01-16T16:21:04.386618Z,Rule Firing,_exceptions.py,"Score: 95, Severity: critical, Rules: 1",973b13152370de4e
2026-01-16T16:21:04.388363Z,Rule Firing,_functions.py,"Score: 95, Severity: critical, Rules: 1",4602ff911d40c0b8
2026-01-16T16:21:04.388363Z,Rule Firing,_importhook.py,"Score: 95, Severity: critical, Rules: 1",4c806bb5d865f4a8
2026-01-16T16:21:04.388363Z,Rule Firing,_memo.py,"Score: 95, Severity: critical, Rules: 1",4f072498ea0c89c6
2026-01-16T16:21:04.390368Z,Rule Firing,_pytest_plugin.py,"Score: 95, Severity: critical, Rules: 1",0bf485d9d549b913
2026-01-16T16:21:04.390368Z,Rule Firing,_suppression.py,"Score: 95, Severity: critical, Rules: 1",9c731fec0cb83536
2026-01-16T16:21:04.390368Z,Rule Firing,_transformer.py,"Score: 95, Severity: critical, Rules: 1",b78899ddaf44158c
2026-01-16T16:21:04.392374Z,Rule Firing,_union_transformer.py,"Score: 95, Severity: critical, Rules: 1",1534b7cdf37dfa79
2026-01-16T16:21:04.392374Z,Rule Firing,_utils.py,"Score: 95, Severity: critical, Rules: 1",62995888c5772a40
2026-01-16T16:21:04.392374Z,Rule Firing,__init__.py,"Score: 95, Severity: critical, Rules: 1",445f010e3c753f8b
2026-01-16T16:21:04.474251Z,Rule Firing,entry_points.txt,"Score: 95, Severity: critical, Rules: 1",f2964aaa7e46edee
2026-01-16T16:21:04.474251Z,Rule Firing,INSTALLER,"Score: 95, Severity: critical, Rules: 1",f1a35041f56f24cd
2026-01-16T16:21:04.474251Z,Rule Firing,LICENSE,"Score: 95, Severity: critical, Rules: 1",49221e8a2905944a
2026-01-16T16:21:04.474251Z,Rule Firing,METADATA,"Score: 95, Severity: critical, Rules: 1",d187c81e59ba9c82
2026-01-16T16:21:04.474251Z,Rule Firing,RECORD,"Score: 95, Severity: critical, Rules: 1",e8287bd8197748b2
2026-01-16T16:21:04.474251Z,Rule Firing,top_level.txt,"Score: 95, Severity: critical, Rules: 1",eee8ab6a03ad0c08
2026-01-16T16:21:04.474251Z,Rule Firing,WHEEL,"Score: 95, Severity: critical, Rules: 1",327cbd1029232c97
2026-01-16T16:21:04.474251Z,Rule Firing,INSTALLER,"Score: 95, Severity: critical, Rules: 1",51ea8452c8021bb4
2026-01-16T16:21:04.474251Z,Rule Firing,LICENSE,"Score: 95, Severity: critical, Rules: 1",457e6fbe3692b2e0
2026-01-16T16:21:04.484281Z,Rule Firing,METADATA,"Score: 95, Severity: critical, Rules: 1",be7843579b73a02c
2026-01-16T16:21:04.564400Z,Rule Firing,RECORD,"Score: 95, Severity: critical, Rules: 1",7fa0994baf288390
2026-01-16T16:21:04.564400Z,Rule Firing,WHEEL,"Score: 95, Severity: critical, Rules: 1",f196de26bbf632c1
2026-01-16T16:21:04.566527Z,Rule Firing,convert.cpython-311.pyc,"Score: 95, Severity: critical, Rules: 1",cc465e660ce0a396
2026-01-16T16:21:04.566527Z,Rule Firing,pack.cpython-311.pyc,"Score: 95, Severity: critical, Rules: 1",cf3990429d49e082
2026-01-16T16:21:04.566527Z,Rule Firing,tags.cpython-311.pyc,"Score: 95, Severity: critical, Rules: 1",278d508b8303200b
2026-01-16T16:21:04.566527Z,Rule Firing,unpack.cpython-311.pyc,"Score: 95, Severity: critical, Rules: 1",2c60d9a990b75be9
2026-01-16T16:21:04.569929Z,Rule Firing,__init__.cpython-311.pyc,"Score: 95, Severity: critical, Rules: 1",45d0a2fbf256518b
2026-01-16T16:21:04.569929Z,Rule Firing,convert.py,"Score: 95, Severity: critical, Rules: 1",71abc4f9d55533db
2026-01-16T16:21:04.569929Z,Rule Firing,pack.py,"Score: 95, Severity: critical, Rules: 1",425596ce90879c5b
2026-01-16T16:21:04.569929Z,Rule Firing,tags.py,"Score: 95, Severity: critical, Rules: 1",5ca834f4afeb19ca
2026-01-16T16:21:04.649437Z,Rule Firing,unpack.py,"Score: 95, Severity: critical, Rules: 1",2050d3934e8280f7
2026-01-16T16:21:04.654452Z,Rule Firing,__init__.py,"Score: 95, Severity: critical, Rules: 1",df181e41e0578a09
2026-01-16T16:21:04.654452Z,Rule Firing,__init__.py,"Score: 30, Severity: low, Rules: 1",343be66efb237420
2026-01-16T16:21:04.654452Z,Rule Firing,__init__.py,"Score: 30, Severity: low, Rules: 1",d61a1bdd341b76ee
2026-01-16T16:21:04.658156Z,Rule Firing,markers.cpython-311.pyc,"Score: 95, Severity: critical, Rules: 1",6b32577660749032
2026-01-16T16:21:04.660445Z,Rule Firing,requirements.cpython-311.pyc,"Score: 95, Severity: critical, Rules: 1",e2efb638239af140
2026-01-16T16:21:04.660445Z,Rule Firing,specifiers.cpython-311.pyc,"Score: 95, Severity: critical, Rules: 1",60722b8d7d0f1399
2026-01-16T16:21:04.660445Z,Rule Firing,tags.cpython-311.pyc,"Score: 95, Severity: critical, Rules: 1",b82fd32769299fab
2026-01-16T16:21:04.661951Z,Rule Firing,utils.cpython-311.pyc,"Score: 95, Severity: critical, Rules: 1",243833a2aee53846
2026-01-16T16:21:04.661951Z,Rule Firing,version.cpython-311.pyc,"Score: 95, Severity: critical, Rules: 1",2384dd1326d7be91
2026-01-16T16:21:04.744647Z,Rule Firing,_elffile.cpython-311.pyc,"Score: 95, Severity: critical, Rules: 1",2bb9713374adadec
2026-01-16T16:21:04.746729Z,Rule Firing,_manylinux.cpython-311.pyc,"Score: 95, Severity: critical, Rules: 1",85a81946eab69eba
2026-01-16T16:21:04.746729Z,Rule Firing,_musllinux.cpython-311.pyc,"Score: 95, Severity: critical, Rules: 1",1b4084d19979ab96
2026-01-16T16:21:04.746729Z,Rule Firing,_parser.cpython-311.pyc,"Score: 95, Severity: critical, Rules: 1",2c84863fd1acf468
2026-01-16T16:21:04.746729Z,Rule Firing,_structures.cpython-311.pyc,"Score: 95, Severity: critical, Rules: 1",95fc7af3bbeee8c0
2026-01-16T16:21:04.748735Z,Rule Firing,_tokenizer.cpython-311.pyc,"Score: 95, Severity: critical, Rules: 1",694554e6ee795684
2026-01-16T16:21:04.748735Z,Rule Firing,__init__.cpython-311.pyc,"Score: 95, Severity: critical, Rules: 1",11e6bb22fd2c9c8f
2026-01-16T16:21:04.748735Z,Rule Firing,LICENSE,"Score: 95, Severity: critical, Rules: 1",6d240d5ab7be24dd
2026-01-16T16:21:04.750741Z,Rule Firing,LICENSE.APACHE,"Score: 95, Severity: critical, Rules: 1",c241d2751abdfa42
2026-01-16T16:21:04.750741Z,Rule Firing,LICENSE.BSD,"Score: 95, Severity: critical, Rules: 1",c96cba816ad49886
2026-01-16T16:21:04.838657Z,Rule Firing,markers.py,"Score: 95, Severity: critical, Rules: 1",115f506052b5a451
2026-01-16T16:21:04.838657Z,Rule Firing,requirements.py,"Score: 95, Severity: critical, Rules: 1",453bdf8943086552
2026-01-16T16:21:04.840662Z,Rule Firing,specifiers.py,"Score: 95, Severity: critical, Rules: 1",f10ab26cfebab48b
2026-01-16T16:21:04.840662Z,Rule Firing,tags.py,"Score: 95, Severity: critical, Rules: 1",cfe0c5777b4a233b
2026-01-16T16:21:04.840662Z,Rule Firing,utils.py,"Score: 95, Severity: critical, Rules: 1",6fe03cc22557c126
2026-01-16T16:21:04.842667Z,Rule Firing,version.py,"Score: 95, Severity: critical, Rules: 1",b19ee0e703559928
2026-01-16T16:21:04.842667Z,Rule Firing,_elffile.py,"Score: 95, Severity: critical, Rules: 1",bced1088fec3661e
2026-01-16T16:21:04.842667Z,Rule Firing,_manylinux.py,"Score: 95, Severity: critical, Rules: 1",ad68f091c9173791
2026-01-16T16:21:04.842667Z,Rule Firing,_musllinux.py,"Score: 95, Severity: critical, Rules: 1",5ef1b93e4337a7c4
2026-01-16T16:21:04.844674Z,Rule Firing,_parser.py,"Score: 95, Severity: critical, Rules: 1",ba77c59e8919e9a8
2026-01-16T16:21:04.927770Z,Rule Firing,_structures.py,"Score: 95, Severity: critical, Rules: 1",102a29fc9acb5b64
2026-01-16T16:21:04.927770Z,Rule Firing,_tokenizer.py,"Score: 95, Severity: critical, Rules: 1",964d2ee8b98fb99b
2026-01-16T16:21:04.934298Z,Rule Firing,__init__.py,"Score: 100, Severity: critical, Rules: 2",7b8faf7a58f803c7
2026-01-16T16:21:04.934298Z,Rule Firing,__init__.cpython-311.pyc,"Score: 95, Severity: critical, Rules: 1",8ebf2cb4963b6487
2026-01-16T16:21:04.934298Z,Rule Firing,vendor.txt,"Score: 95, Severity: critical, Rules: 1",cbcaba3b01aae60a
2026-01-16T16:21:04.934298Z,Rule Firing,__init__.py,"Score: 100, Severity: critical, Rules: 2",3ef611247dd4f8cb
2026-01-16T16:21:04.938175Z,Rule Firing,bdist_wheel.cpython-311.pyc,"Score: 95, Severity: critical, Rules: 1",f46a59738bc4866d
2026-01-16T16:21:04.938175Z,Rule Firing,macosx_libfile.cpython-311.pyc,"Score: 95, Severity: critical, Rules: 1",58359fda61e98d51
2026-01-16T16:21:04.938175Z,Rule Firing,metadata.cpython-311.pyc,"Score: 95, Severity: critical, Rules: 1",e564a21e6ddffd77
2026-01-16T16:21:04.938175Z,Rule Firing,util.cpython-311.pyc,"Score: 95, Severity: critical, Rules: 1",5e6edca6ae6329f3
2026-01-16T16:21:05.020267Z,Rule Firing,wheelfile.cpython-311.pyc,"Score: 95, Severity: critical, Rules: 1",5f29e5de66eb54d1
2026-01-16T16:21:05.020267Z,Rule Firing,_bdist_wheel.cpython-311.pyc,"Score: 95, Severity: critical, Rules: 1",918fff458c974997
2026-01-16T16:21:05.022013Z,Rule Firing,_setuptools_logging.cpython-311.pyc,"Score: 95, Severity: critical, Rules: 1",a9e19ae23bbdbbbc
2026-01-16T16:21:05.022013Z,Rule Firing,__init__.cpython-311.pyc,"Score: 95, Severity: critical, Rules: 1",cb931bdcdb504c9d
2026-01-16T16:21:05.022013Z,Rule Firing,__main__.cpython-311.pyc,"Score: 95, Severity: critical, Rules: 1",00e27e08b8816bcb
2026-01-16T16:21:05.022013Z,Rule Firing,bdist_wheel.py,"Score: 95, Severity: critical, Rules: 1",f9ff556057319db9
2026-01-16T16:21:05.024519Z,Rule Firing,macosx_libfile.py,"Score: 95, Severity: critical, Rules: 1",cc66858c1d6735d5
2026-01-16T16:21:05.024519Z,Rule Firing,metadata.py,"Score: 95, Severity: critical, Rules: 1",a17c5c803611973e
2026-01-16T16:21:05.024519Z,Rule Firing,util.py,"Score: 95, Severity: critical, Rules: 1",4fa062617d899122
2026-01-16T16:21:05.024519Z,Rule Firing,wheelfile.py,"Score: 95, Severity: critical, Rules: 1",bf65540aeb110908
2026-01-16T16:21:05.104597Z,Rule Firing,_bdist_wheel.py,"Score: 95, Severity: critical, Rules: 1",270609d8e8f42b15
2026-01-16T16:21:05.104597Z,Rule Firing,_setuptools_logging.py,"Score: 95, Severity: critical, Rules: 1",6e3207eedb308449
2026-01-16T16:21:05.104597Z,Rule Firing,__init__.py,"Score: 95, Severity: critical, Rules: 1",8cb001f35fa4960c
2026-01-16T16:21:05.104597Z,Rule Firing,__main__.py,"Score: 95, Severity: critical, Rules: 1",eb824da48a955d0f
2026-01-16T16:21:05.104597Z,Rule Firing,REQUESTED,"Score: 30, Severity: low, Rules: 1",0ca97c1396cf711e
2026-01-16T16:21:05.104597Z,Rule Firing,entry_points.txt,"Score: 95, Severity: critical, Rules: 1",0176934b655b5e50
2026-01-16T16:21:05.104597Z,Rule Firing,INSTALLER,"Score: 95, Severity: critical, Rules: 1",f93c721cecb2832f
2026-01-16T16:21:05.104597Z,Rule Firing,LICENSE.txt,"Score: 95, Severity: critical, Rules: 1",7cb60957e4dcb5e4
2026-01-16T16:21:05.104597Z,Rule Firing,METADATA,"Score: 95, Severity: critical, Rules: 1",a908f6fb0aac81b6
2026-01-16T16:21:05.104597Z,Rule Firing,RECORD,"Score: 95, Severity: critical, Rules: 1",d4aad1a2c06fd3b7
2026-01-16T16:21:05.198027Z,Rule Firing,REQUESTED,"Score: 100, Severity: critical, Rules: 2",120ff1b55b8ecf63
2026-01-16T16:21:05.200032Z,Rule Firing,WHEEL,"Score: 95, Severity: critical, Rules: 1",ef20d23cbba2f5af
2026-01-16T16:21:05.200032Z,Rule Firing,__init__.py,"Score: 30, Severity: low, Rules: 1",bc77a0f0ff254e32
2026-01-16T16:21:05.200032Z,Rule Firing,py310.cpython-311.pyc,"Score: 95, Severity: critical, Rules: 1",b40ad35d91c18949
2026-01-16T16:21:05.200032Z,Rule Firing,__init__.cpython-311.pyc,"Score: 95, Severity: critical, Rules: 1",5f80f292015e9957
2026-01-16T16:21:05.200032Z,Rule Firing,py310.py,"Score: 95, Severity: critical, Rules: 1",6805438e87435bdb
2026-01-16T16:21:05.200032Z,Rule Firing,__init__.py,"Score: 100, Severity: critical, Rules: 2",5a40ab96bdad27c2
2026-01-16T16:21:05.204220Z,Rule Firing,glob.cpython-311.pyc,"Score: 95, Severity: critical, Rules: 1",284a4fc2db67ac28
2026-01-16T16:21:05.204220Z,Rule Firing,__init__.cpython-311.pyc,"Score: 95, Severity: critical, Rules: 1",7a608a73c541b4b6
2026-01-16T16:21:05.204220Z,Rule Firing,glob.py,"Score: 95, Severity: critical, Rules: 1",3660871cfcd561e7
2026-01-16T16:21:05.292503Z,Rule Firing,__init__.py,"Score: 95, Severity: critical, Rules: 1",8c224a620b2e9d99
2026-01-16T16:21:05.294509Z,Rule Firing,REQUESTED,"Score: 30, Severity: low, Rules: 1",f7c93d756877d95e
2026-01-16T16:21:05.294509Z,Rule Firing,INSTALLER,"Score: 95, Severity: critical, Rules: 1",fc579ee7b00f1757
2026-01-16T16:21:05.294509Z,Rule Firing,LICENSE,"Score: 95, Severity: critical, Rules: 1",21cb5acb8aa470c4
2026-01-16T16:21:05.294509Z,Rule Firing,METADATA,"Score: 95, Severity: critical, Rules: 1",ff62356219c46959
2026-01-16T16:21:05.297186Z,Rule Firing,RECORD,"Score: 95, Severity: critical, Rules: 1",81b27c98be8207e4
2026-01-16T16:21:05.297186Z,Rule Firing,REQUESTED,"Score: 100, Severity: critical, Rules: 2",5431fbc22f1e0e7a
2026-01-16T16:21:05.297186Z,Rule Firing,top_level.txt,"Score: 95, Severity: critical, Rules: 1",da2a11b85a7e9832
2026-01-16T16:21:05.297186Z,Rule Firing,WHEEL,"Score: 95, Severity: critical, Rules: 1",30050217c9229b32
2026-01-16T16:21:05.299889Z,Rule Firing,typing_extensions.cpython-311.pyc,"Score: 95, Severity: critical, Rules: 1",25fc4911ad838dbd
2026-01-16T16:21:05.408249Z,Rule Firing,typing_extensions.py,"Score: 95, Severity: critical, Rules: 1",51298407efa83512
2026-01-16T16:21:05.412281Z,Rule Firing,archive_util.cpython-311.pyc,"Score: 95, Severity: critical, Rules: 1",b4e2fbaee2630b45
2026-01-16T16:21:05.412281Z,Rule Firing,build_meta.cpython-311.pyc,"Score: 95, Severity: critical, Rules: 1",f8f97e2986092411
2026-01-16T16:21:05.414297Z,Rule Firing,depends.cpython-311.pyc,"Score: 95, Severity: critical, Rules: 1",20009e7ed09860f6
2026-01-16T16:21:05.414297Z,Rule Firing,discovery.cpython-311.pyc,"Score: 95, Severity: critical, Rules: 1",f89521c13014bd1d
2026-01-16T16:21:05.414297Z,Rule Firing,dist.cpython-311.pyc,"Score: 95, Severity: critical, Rules: 1",a2972f394954a2bb
2026-01-16T16:21:05.414297Z,Rule Firing,errors.cpython-311.pyc,"Score: 95, Severity: critical, Rules: 1",bc84d23a07dfaf01
2026-01-16T16:21:05.416382Z,Rule Firing,extension.cpython-311.pyc,"Score: 95, Severity: critical, Rules: 1",54b9ad2f7da60dfa
2026-01-16T16:21:05.416382Z,Rule Firing,glob.cpython-311.pyc,"Score: 95, Severity: critical, Rules: 1",5cfe7e633745bbe2
2026-01-16T16:21:05.416382Z,Rule Firing,installer.cpython-311.pyc,"Score: 95, Severity: critical, Rules: 1",70b785e97de7e55d
2026-01-16T16:21:05.504404Z,Rule Firing,launch.cpython-311.pyc,"Score: 95, Severity: critical, Rules: 1",7eb1472a3222db49
2026-01-16T16:21:05.504404Z,Rule Firing,logging.cpython-311.pyc,"Score: 95, Severity: critical, Rules: 1",fb4a7fec8817d117
2026-01-16T16:21:05.504404Z,Rule Firing,modified.cpython-311.pyc,"Score: 95, Severity: critical, Rules: 1",9c068fbd763f4f9f
2026-01-16T16:21:05.504404Z,Rule Firing,monkey.cpython-311.pyc,"Score: 95, Severity: critical, Rules: 1",8ff6f796c5524a9f
2026-01-16T16:21:05.504404Z,Rule Firing,msvc.cpython-311.pyc,"Score: 95, Severity: critical, Rules: 1",7560e09e85b30bfa
2026-01-16T16:21:05.504404Z,Rule Firing,namespaces.cpython-311.pyc,"Score: 95, Severity: critical, Rules: 1",abf009fd07fbd21d
2026-01-16T16:21:05.504404Z,Rule Firing,unicode_utils.cpython-311.pyc,"Score: 95, Severity: critical, Rules: 1",93c64e83508d0238
2026-01-16T16:21:05.513021Z,Rule Firing,version.cpython-311.pyc,"Score: 95, Severity: critical, Rules: 1",6d51418d5e07c281
2026-01-16T16:21:05.513021Z,Rule Firing,warnings.cpython-311.pyc,"Score: 95, Severity: critical, Rules: 1",362caeb9dcc47a54
2026-01-16T16:21:05.513021Z,Rule Firing,wheel.cpython-311.pyc,"Score: 95, Severity: critical, Rules: 1",4ed308be0d1bfd68
2026-01-16T16:21:05.594410Z,Rule Firing,windows_support.cpython-311.pyc,"Score: 95, Severity: critical, Rules: 1",a5109af7f9531899
2026-01-16T16:21:05.594410Z,Rule Firing,_core_metadata.cpython-311.pyc,"Score: 95, Severity: critical, Rules: 1",1f16bca97fad87be
2026-01-16T16:21:05.594410Z,Rule Firing,_discovery.cpython-311.pyc,"Score: 95, Severity: critical, Rules: 1",348838afc96a420a
2026-01-16T16:21:05.594410Z,Rule Firing,_entry_points.cpython-311.pyc,"Score: 95, Severity: critical, Rules: 1",32e2ecb3cf586db7
2026-01-16T16:21:05.594410Z,Rule Firing,_imp.cpython-311.pyc,"Score: 95, Severity: critical, Rules: 1",66887c14b315a00a
2026-01-16T16:21:05.594410Z,Rule Firing,_importlib.cpython-311.pyc,"Score: 95, Severity: critical, Rules: 1",a72f60f385679510
2026-01-16T16:21:05.594410Z,Rule Firing,_itertools.cpython-311.pyc,"Score: 95, Severity: critical, Rules: 1",c2355c832622ade9
2026-01-16T16:21:05.604263Z,Rule Firing,_normalization.cpython-311.pyc,"Score: 95, Severity: critical, Rules: 1",b8713b5d2ef78e85
2026-01-16T16:21:05.604263Z,Rule Firing,_path.cpython-311.pyc,"Score: 95, Severity: critical, Rules: 1",69334479e72e0542
2026-01-16T16:21:05.604263Z,Rule Firing,_reqs.cpython-311.pyc,"Score: 95, Severity: critical, Rules: 1",bf69cbfde47246ff
2026-01-16T16:21:05.700748Z,Rule Firing,_scripts.cpython-311.pyc,"Score: 95, Severity: critical, Rules: 1",723ef6ffd9ac5478
2026-01-16T16:21:05.702502Z,Rule Firing,_shutil.cpython-311.pyc,"Score: 95, Severity: critical, Rules: 1",b79f4b344879d712
2026-01-16T16:21:05.702502Z,Rule Firing,_static.cpython-311.pyc,"Score: 95, Severity: critical, Rules: 1",b07e3068e4dbf215
2026-01-16T16:21:05.702502Z,Rule Firing,__init__.cpython-311.pyc,"Score: 95, Severity: critical, Rules: 1",dce7b19d15146925
2026-01-16T16:21:05.704515Z,Rule Firing,archive_util.py,"Score: 95, Severity: critical, Rules: 1",319007c1336f68e3
2026-01-16T16:21:05.704515Z,Rule Firing,build_meta.py,"Score: 95, Severity: critical, Rules: 1",4a4d0e544ac49dc7
2026-01-16T16:21:05.704515Z,Rule Firing,cli-32.exe,"Score: 95, Severity: critical, Rules: 1",c037c94ed37db175
2026-01-16T16:21:05.704515Z,Rule Firing,cli-64.exe,"Score: 95, Severity: critical, Rules: 1",00792c4696e29a40
2026-01-16T16:21:05.704515Z,Rule Firing,cli-arm64.exe,"Score: 95, Severity: critical, Rules: 1",1f80116f86233ff3
2026-01-16T16:21:05.704515Z,Rule Firing,cli.exe,"Score: 95, Severity: critical, Rules: 1",a0297f544879c365
2026-01-16T16:21:05.804536Z,Rule Firing,depends.py,"Score: 95, Severity: critical, Rules: 1",efa41e69d330db99
2026-01-16T16:21:05.806679Z,Rule Firing,discovery.py,"Score: 95, Severity: critical, Rules: 1",5d1b9302c0723e35
2026-01-16T16:21:05.806679Z,Rule Firing,dist.py,"Score: 95, Severity: critical, Rules: 1",92066328e0fe1839
2026-01-16T16:21:05.808696Z,Rule Firing,errors.py,"Score: 95, Severity: critical, Rules: 1",fe306742ebf44437
2026-01-16T16:21:05.808696Z,Rule Firing,extension.py,"Score: 95, Severity: critical, Rules: 1",18aed856d201a3d1
2026-01-16T16:21:05.808696Z,Rule Firing,glob.py,"Score: 95, Severity: critical, Rules: 1",8ddf2f2cc6b374ec
2026-01-16T16:21:05.808696Z,Rule Firing,gui-32.exe,"Score: 95, Severity: critical, Rules: 1",5b3277ad1720d7a8
2026-01-16T16:21:05.810720Z,Rule Firing,gui-64.exe,"Score: 95, Severity: critical, Rules: 1",e757cc923c62675b
2026-01-16T16:21:05.810720Z,Rule Firing,gui-arm64.exe,"Score: 95, Severity: critical, Rules: 1",f2dca24100daf8d1
2026-01-16T16:21:05.810720Z,Rule Firing,gui.exe,"Score: 95, Severity: critical, Rules: 1",1c50c650e80e89df
2026-01-16T16:21:05.894516Z,Rule Firing,installer.py,"Score: 95, Severity: critical, Rules: 1",5762cee711987a81
2026-01-16T16:21:05.896648Z,Rule Firing,launch.py,"Score: 95, Severity: critical, Rules: 1",de5a26ebd2665842
2026-01-16T16:21:05.896648Z,Rule Firing,logging.py,"Score: 95, Severity: critical, Rules: 1",f325b11f4626f593
2026-01-16T16:21:05.896648Z,Rule Firing,modified.py,"Score: 95, Severity: critical, Rules: 1",cd412bb5d3ac63b5
2026-01-16T16:21:05.896648Z,Rule Firing,monkey.py,"Score: 95, Severity: critical, Rules: 1",b0563f133264615b
2026-01-16T16:21:05.898668Z,Rule Firing,msvc.py,"Score: 95, Severity: critical, Rules: 1",e13c138193fbcff2
2026-01-16T16:21:05.898668Z,Rule Firing,namespaces.py,"Score: 95, Severity: critical, Rules: 1",2332264d21df71fc
2026-01-16T16:21:05.898668Z,Rule Firing,script (dev).tmpl,"Score: 95, Severity: critical, Rules: 1",f4ff6a858276d8e5
2026-01-16T16:21:05.900686Z,Rule Firing,script.tmpl,"Score: 95, Severity: critical, Rules: 1",988ef3e9afec4bdf
2026-01-16T16:21:05.900686Z,Rule Firing,unicode_utils.py,"Score: 95, Severity: critical, Rules: 1",1a8f5345af778715
2026-01-16T16:21:05.996575Z,Rule Firing,version.py,"Score: 95, Severity: critical, Rules: 1",b7e0aa786233af53
2026-01-16T16:21:05.996575Z,Rule Firing,warnings.py,"Score: 95, Severity: critical, Rules: 1",6c1bf0a6c044d331
2026-01-16T16:21:05.996575Z,Rule Firing,wheel.py,"Score: 95, Severity: critical, Rules: 1",e7506b336aa62f39
2026-01-16T16:21:05.998591Z,Rule Firing,windows_support.py,"Score: 95, Severity: critical, Rules: 1",72321bbaa7e61ea8
2026-01-16T16:21:05.998591Z,Rule Firing,_core_metadata.py,"Score: 95, Severity: critical, Rules: 1",0769240f8e237a1d
2026-01-16T16:21:05.998591Z,Rule Firing,_discovery.py,"Score: 95, Severity: critical, Rules: 1",391290392159a2b4
2026-01-16T16:21:06.000619Z,Rule Firing,_entry_points.py,"Score: 95, Severity: critical, Rules: 1",dfa4132e21302f6d
2026-01-16T16:21:06.000619Z,Rule Firing,_imp.py,"Score: 95, Severity: critical, Rules: 1",b6ebf35f971aeab1
2026-01-16T16:21:06.000619Z,Rule Firing,_importlib.py,"Score: 95, Severity: critical, Rules: 1",c3e66feaf0fb1061
2026-01-16T16:21:06.002643Z,Rule Firing,_itertools.py,"Score: 95, Severity: critical, Rules: 1",03d80fff169579e3
2026-01-16T16:21:06.084424Z,Rule Firing,_normalization.py,"Score: 95, Severity: critical, Rules: 1",35e3060f6bd30c84
2026-01-16T16:21:06.084424Z,Rule Firing,_path.py,"Score: 95, Severity: critical, Rules: 1",f98184478bce31ce
2026-01-16T16:21:06.084424Z,Rule Firing,_reqs.py,"Score: 95, Severity: critical, Rules: 1",3ba2fce358adee02
2026-01-16T16:21:06.084424Z,Rule Firing,_scripts.py,"Score: 95, Severity: critical, Rules: 1",4b85b12cfee799d7
2026-01-16T16:21:06.084424Z,Rule Firing,_shutil.py,"Score: 95, Severity: critical, Rules: 1",ec41b661b5d8876e
2026-01-16T16:21:06.084424Z,Rule Firing,_static.py,"Score: 95, Severity: critical, Rules: 1",59273668038f295a
2026-01-16T16:21:06.084424Z,Rule Firing,__init__.py,"Score: 95, Severity: critical, Rules: 1",2df82b223b083d8a
2026-01-16T16:21:06.084424Z,Rule Firing,REQUESTED,"Score: 30, Severity: low, Rules: 1",b3a87f4dddf71ac5
2026-01-16T16:21:06.084424Z,Rule Firing,LICENSE,"Score: 95, Severity: critical, Rules: 1",5a97993c0d7ac084
2026-01-16T16:21:06.094273Z,Rule Firing,entry_points.txt,"Score: 95, Severity: critical, Rules: 1",36b2d946d15c15db
2026-01-16T16:21:06.178302Z,Rule Firing,INSTALLER,"Score: 95, Severity: critical, Rules: 1",6dd9adae1a3ad489
2026-01-16T16:21:06.178302Z,Rule Firing,METADATA,"Score: 95, Severity: critical, Rules: 1",fa8cb2a6d433d37f
2026-01-16T16:21:06.178302Z,Rule Firing,RECORD,"Score: 95, Severity: critical, Rules: 1",61e609e40784667f
2026-01-16T16:21:06.178302Z,Rule Firing,REQUESTED,"Score: 100, Severity: critical, Rules: 2",008671b2c7b3aa51
2026-01-16T16:21:06.178302Z,Rule Firing,top_level.txt,"Score: 95, Severity: critical, Rules: 1",1807db1ade526e3c
2026-01-16T16:21:06.178302Z,Rule Firing,WHEEL,"Score: 95, Severity: critical, Rules: 1",da06fe6967a4a5b5
2026-01-16T16:21:06.184339Z,Rule Firing,convert.cpython-311.pyc,"Score: 95, Severity: critical, Rules: 1",dfd07468ce6ad9d3
2026-01-16T16:21:06.184339Z,Rule Firing,pack.cpython-311.pyc,"Score: 95, Severity: critical, Rules: 1",ea48e2bca63cf4a8
2026-01-16T16:21:06.184339Z,Rule Firing,tags.cpython-311.pyc,"Score: 95, Severity: critical, Rules: 1",6d3bd91a3c7d48f0
2026-01-16T16:21:06.187886Z,Rule Firing,unpack.cpython-311.pyc,"Score: 95, Severity: critical, Rules: 1",d6cb5acf72fa7f48
2026-01-16T16:21:06.272807Z,Rule Firing,__init__.cpython-311.pyc,"Score: 95, Severity: critical, Rules: 1",428b7b9ec0fb8a9e
2026-01-16T16:21:06.272807Z,Rule Firing,convert.py,"Score: 95, Severity: critical, Rules: 1",13ad0763439417d6
2026-01-16T16:21:06.272807Z,Rule Firing,pack.py,"Score: 95, Severity: critical, Rules: 1",a0fbae23da80a59c
2026-01-16T16:21:06.274313Z,Rule Firing,tags.py,"Score: 95, Severity: critical, Rules: 1",bd8fcdb1eb2b728d
2026-01-16T16:21:06.274313Z,Rule Firing,unpack.py,"Score: 95, Severity: critical, Rules: 1",39625237c48c6b37
2026-01-16T16:21:06.274313Z,Rule Firing,__init__.py,"Score: 95, Severity: critical, Rules: 1",287034835101550a
2026-01-16T16:21:06.277053Z,Rule Firing,__init__.py,"Score: 30, Severity: low, Rules: 1",de08fe967f810b9e
2026-01-16T16:21:06.279030Z,Rule Firing,__init__.py,"Score: 30, Severity: low, Rules: 1",936addb0b4920541
2026-01-16T16:21:06.281452Z,Rule Firing,markers.cpython-311.pyc,"Score: 95, Severity: critical, Rules: 1",d3bbc17042eb78ab
2026-01-16T16:21:06.281452Z,Rule Firing,requirements.cpython-311.pyc,"Score: 95, Severity: critical, Rules: 1",f8929a3e56c6f7c8
2026-01-16T16:21:06.369356Z,Rule Firing,specifiers.cpython-311.pyc,"Score: 95, Severity: critical, Rules: 1",11232bbe131ac18c
2026-01-16T16:21:06.369356Z,Rule Firing,tags.cpython-311.pyc,"Score: 95, Severity: critical, Rules: 1",3b715292a67abaab
2026-01-16T16:21:06.374387Z,Rule Firing,utils.cpython-311.pyc,"Score: 95, Severity: critical, Rules: 1",7e9b1cc2d36a62b4
2026-01-16T16:21:06.374387Z,Rule Firing,version.cpython-311.pyc,"Score: 95, Severity: critical, Rules: 1",342664aed2167f12
2026-01-16T16:21:06.374387Z,Rule Firing,_elffile.cpython-311.pyc,"Score: 95, Severity: critical, Rules: 1",d0a40d667924106a
2026-01-16T16:21:06.374387Z,Rule Firing,_manylinux.cpython-311.pyc,"Score: 95, Severity: critical, Rules: 1",6d8f59d8c7954250
2026-01-16T16:21:06.374387Z,Rule Firing,_musllinux.cpython-311.pyc,"Score: 95, Severity: critical, Rules: 1",558eab926c49f944
2026-01-16T16:21:06.374387Z,Rule Firing,_parser.cpython-311.pyc,"Score: 95, Severity: critical, Rules: 1",801357487950fdfc
2026-01-16T16:21:06.374387Z,Rule Firing,_structures.cpython-311.pyc,"Score: 95, Severity: critical, Rules: 1",e31d673aba225675
2026-01-16T16:21:06.374387Z,Rule Firing,_tokenizer.cpython-311.pyc,"Score: 95, Severity: critical, Rules: 1",3974548f025b75ff
2026-01-16T16:21:06.468570Z,Rule Firing,__init__.cpython-311.pyc,"Score: 95, Severity: critical, Rules: 1",834d295af43f7f3e
2026-01-16T16:21:06.470408Z,Rule Firing,LICENSE,"Score: 95, Severity: critical, Rules: 1",3038080a0c1059f8
2026-01-16T16:21:06.470408Z,Rule Firing,LICENSE.APACHE,"Score: 95, Severity: critical, Rules: 1",497fbf4b54071883
2026-01-16T16:21:06.470408Z,Rule Firing,LICENSE.BSD,"Score: 95, Severity: critical, Rules: 1",ef2af00bf2c895fc
2026-01-16T16:21:06.472414Z,Rule Firing,markers.py,"Score: 95, Severity: critical, Rules: 1",d146b8d0c362b9a0
2026-01-16T16:21:06.472414Z,Rule Firing,requirements.py,"Score: 95, Severity: critical, Rules: 1",5283a9dfe2bc97a6
2026-01-16T16:21:06.472414Z,Rule Firing,specifiers.py,"Score: 95, Severity: critical, Rules: 1",7cb2b39524742237
2026-01-16T16:21:06.472414Z,Rule Firing,tags.py,"Score: 95, Severity: critical, Rules: 1",006e0748f7857ae9
2026-01-16T16:21:06.474420Z,Rule Firing,utils.py,"Score: 95, Severity: critical, Rules: 1",ea3525fb80e729a8
2026-01-16T16:21:06.474420Z,Rule Firing,version.py,"Score: 95, Severity: critical, Rules: 1",d33ab95df7042ac0
2026-01-16T16:21:06.556700Z,Rule Firing,_elffile.py,"Score: 95, Severity: critical, Rules: 1",fec40bf251638c0e
2026-01-16T16:21:06.558451Z,Rule Firing,_manylinux.py,"Score: 95, Severity: critical, Rules: 1",df656a20f253df3d
2026-01-16T16:21:06.558451Z,Rule Firing,_musllinux.py,"Score: 95, Severity: critical, Rules: 1",07a8e3f3626895e8
2026-01-16T16:21:06.558451Z,Rule Firing,_parser.py,"Score: 95, Severity: critical, Rules: 1",bfdfb969f09366ae
2026-01-16T16:21:06.558451Z,Rule Firing,_structures.py,"Score: 95, Severity: critical, Rules: 1",431bdfc5911586af
2026-01-16T16:21:06.558451Z,Rule Firing,_tokenizer.py,"Score: 95, Severity: critical, Rules: 1",e1347a245d10f5c0
2026-01-16T16:21:06.561973Z,Rule Firing,__init__.py,"Score: 100, Severity: critical, Rules: 2",b69783f880500331
2026-01-16T16:21:06.561973Z,Rule Firing,__init__.cpython-311.pyc,"Score: 95, Severity: critical, Rules: 1",658979fb4ccfe7a4
2026-01-16T16:21:06.561973Z,Rule Firing,vendor.txt,"Score: 95, Severity: critical, Rules: 1",55a8568318efdc3f
2026-01-16T16:21:06.563979Z,Rule Firing,__init__.py,"Score: 100, Severity: critical, Rules: 2",a66ade0530be7eb4
2026-01-16T16:21:06.644618Z,Rule Firing,bdist_wheel.cpython-311.pyc,"Score: 95, Severity: critical, Rules: 1",e597ac72a469c9b3
2026-01-16T16:21:06.644618Z,Rule Firing,macosx_libfile.cpython-311.pyc,"Score: 95, Severity: critical, Rules: 1",81502deb103925b6
2026-01-16T16:21:06.644618Z,Rule Firing,metadata.cpython-311.pyc,"Score: 95, Severity: critical, Rules: 1",8202e45ddbff0a90
2026-01-16T16:21:06.644618Z,Rule Firing,util.cpython-311.pyc,"Score: 95, Severity: critical, Rules: 1",77514cd93d6a8c2c
2026-01-16T16:21:06.644618Z,Rule Firing,wheelfile.cpython-311.pyc,"Score: 95, Severity: critical, Rules: 1",02198d9873c0365c
2026-01-16T16:21:06.644618Z,Rule Firing,_bdist_wheel.cpython-311.pyc,"Score: 95, Severity: critical, Rules: 1",8b083f5461bc337f
2026-01-16T16:21:06.644618Z,Rule Firing,_setuptools_logging.cpython-311.pyc,"Score: 95, Severity: critical, Rules: 1",58e789d3225b190b
2026-01-16T16:21:06.644618Z,Rule Firing,__init__.cpython-311.pyc,"Score: 95, Severity: critical, Rules: 1",ac20b428dc58368f
2026-01-16T16:21:06.644618Z,Rule Firing,__main__.cpython-311.pyc,"Score: 95, Severity: critical, Rules: 1",b73038b5b83e8154
2026-01-16T16:21:06.644618Z,Rule Firing,bdist_wheel.py,"Score: 95, Severity: critical, Rules: 1",a715cf9153eab99c
2026-01-16T16:21:06.734271Z,Rule Firing,macosx_libfile.py,"Score: 95, Severity: critical, Rules: 1",14cb17247b53df8a
2026-01-16T16:21:06.734271Z,Rule Firing,metadata.py,"Score: 95, Severity: critical, Rules: 1",6d3c35f8f9add1d8
2026-01-16T16:21:06.734271Z,Rule Firing,util.py,"Score: 95, Severity: critical, Rules: 1",09e8cd837695107d
2026-01-16T16:21:06.734271Z,Rule Firing,wheelfile.py,"Score: 95, Severity: critical, Rules: 1",2f8046d7a2906bdd
2026-01-16T16:21:06.734271Z,Rule Firing,_bdist_wheel.py,"Score: 95, Severity: critical, Rules: 1",06ad6575720904c8
2026-01-16T16:21:06.740185Z,Rule Firing,_setuptools_logging.py,"Score: 95, Severity: critical, Rules: 1",d6cc365588d58726
2026-01-16T16:21:06.740185Z,Rule Firing,__init__.py,"Score: 95, Severity: critical, Rules: 1",8f34a4c2d3134c2f
2026-01-16T16:21:06.740185Z,Rule Firing,__main__.py,"Score: 95, Severity: critical, Rules: 1",70dc1ddc93616ca7
2026-01-16T16:21:06.742194Z,Rule Firing,REQUESTED,"Score: 30, Severity: low, Rules: 1",e74b3217d4fad436
2026-01-16T16:21:06.742194Z,Rule Firing,entry_points.txt,"Score: 95, Severity: critical, Rules: 1",c7723dea52b4c9ec
2026-01-16T16:21:06.832224Z,Rule Firing,INSTALLER,"Score: 95, Severity: critical, Rules: 1",e33021016bcbaca7
2026-01-16T16:21:06.834229Z,Rule Firing,LICENSE.txt,"Score: 95, Severity: critical, Rules: 1",9b7da941fc9a91e8
2026-01-16T16:21:06.834229Z,Rule Firing,METADATA,"Score: 95, Severity: critical, Rules: 1",90e01cb4d8429b5a
2026-01-16T16:21:06.834229Z,Rule Firing,RECORD,"Score: 95, Severity: critical, Rules: 1",95c38cc1997650e6
2026-01-16T16:21:06.834229Z,Rule Firing,REQUESTED,"Score: 100, Severity: critical, Rules: 2",3f87ac89951cf8fe
2026-01-16T16:21:06.834229Z,Rule Firing,WHEEL,"Score: 95, Severity: critical, Rules: 1",123843f6f3b69b87
2026-01-16T16:21:06.837147Z,Rule Firing,override.cpython-311.pyc,"Score: 95, Severity: critical, Rules: 1",ca8d809ea74419f1
2026-01-16T16:21:06.837147Z,Rule Firing,__init__.cpython-311.pyc,"Score: 95, Severity: critical, Rules: 1",9d2b5d2d055230bf
2026-01-16T16:21:06.839254Z,Rule Firing,override.py,"Score: 95, Severity: critical, Rules: 1",2e36bc3aa845c03d
2026-01-16T16:21:06.839254Z,Rule Firing,__init__.py,"Score: 95, Severity: critical, Rules: 1",422a8526209abcec
2026-01-16T16:21:06.922440Z,Rule Firing,distutils-precedence.pth,"Score: 95, Severity: critical, Rules: 1",c37b6465127a019f
2026-01-16T16:21:06.924445Z,Rule Firing,activate,"Score: 95, Severity: critical, Rules: 1",8e15b67912a32852
2026-01-16T16:21:06.924445Z,Rule Firing,activate.bat,"Score: 95, Severity: critical, Rules: 1",e3e989a3c0b4b4e3
2026-01-16T16:21:06.924445Z,Rule Firing,Activate.ps1,"Score: 95, Severity: critical, Rules: 1",6b615e66a4ef8937
2026-01-16T16:21:06.924445Z,Rule Firing,deactivate.bat,"Score: 95, Severity: critical, Rules: 1",28d001900ef0b339
2026-01-16T16:21:06.924445Z,Rule Firing,pip.exe,"Score: 95, Severity: critical, Rules: 1",5109816d4f1dfa8e
2026-01-16T16:21:06.924445Z,Rule Firing,pip3.11.exe,"Score: 95, Severity: critical, Rules: 1",9cd9c5eb7608dea2
2026-01-16T16:21:06.924445Z,Rule Firing,pip3.exe,"Score: 95, Severity: critical, Rules: 1",28da0449880c17e0
2026-01-16T16:21:06.929379Z,Rule Firing,python.exe,"Score: 95, Severity: critical, Rules: 1",b41e9bee2a6da1c1
2026-01-16T16:21:06.929379Z,Rule Firing,pythonw.exe,"Score: 95, Severity: critical, Rules: 1",7a4828d85c12e33b
2026-01-16T16:21:07.012470Z,Rule Firing,wheel.exe,"Score: 95, Severity: critical, Rules: 1",f6c59d4bfc433573
2026-01-16T16:21:07.014475Z,Rule Firing,pyvenv.cfg,"Score: 95, Severity: critical, Rules: 1",0c964fc94829680d
2026-01-16T16:21:07.014475Z,Rule Firing,custom_whitelist.json,"Score: 95, Severity: critical, Rules: 1",aaf2d105c68237db
2026-01-16T16:21:07.014475Z,Rule Firing,test_real_data.cpython-311.pyc,"Score: 95, Severity: critical, Rules: 1",19d49d18e6131b18
2026-01-16T16:21:07.014475Z,Rule Firing,.gitignore,"Score: 95, Severity: critical, Rules: 1",286695363e5dbbaa
2026-01-16T16:21:07.014475Z,Rule Firing,AI_FEATURES_COMPLETE.md,"Score: 95, Severity: critical, Rules: 1",0dc6dc87f89237c3
2026-01-16T16:21:07.017337Z,Rule Firing,AI_SETUP_GUIDE.md,"Score: 95, Severity: critical, Rules: 1",63af2a706fb5546d
2026-01-16T16:21:07.017337Z,Rule Firing,HIGH_FEATURES_COMPLETE.md,"Score: 95, Severity: critical, Rules: 1",38ffc5538182c60e
2026-01-16T16:21:07.019077Z,Rule Firing,install_macos_silicon.sh,"Score: 95, Severity: critical, Rules: 1",c1024d2c0092ca89
2026-01-16T16:21:07.019077Z,Rule Firing,INTEGRATION_GUIDE.md,"Score: 95, Severity: critical, Rules: 1",8a76c7cb0c3915a5
2026-01-16T16:21:07.104443Z,Rule Firing,INTELLIGENCE_LAYER.md,"Score: 95, Severity: critical, Rules: 1",95745d71a6a153fe
2026-01-16T16:21:07.109581Z,Rule Firing,LICENSE,"Score: 95, Severity: critical, Rules: 1",22c183b9ed107d88
2026-01-16T16:21:07.109581Z,Rule Firing,linux_setup.sh,"Score: 95, Severity: critical, Rules: 1",d948c68df74d3870
2026-01-16T16:21:07.109581Z,Rule Firing,main.py,"Score: 95, Severity: critical, Rules: 1",bb3cd651817effba
2026-01-16T16:21:07.109581Z,Rule Firing,MINDMAP_COMPLETE_FEATURES.md,"Score: 95, Severity: critical, Rules: 1",3f2cce389aef6a05
2026-01-16T16:21:07.109581Z,Rule Firing,MINDMAP_DELIVERY_SUMMARY.md,"Score: 95, Severity: critical, Rules: 1",6a5b1f1353553a97
2026-01-16T16:21:07.114676Z,Rule Firing,MINDMAP_IMPLEMENTATION_PLAN.md,"Score: 95, Severity: critical, Rules: 1",d7eaf7b6b88d2786
2026-01-16T16:21:07.114676Z,Rule Firing,mindmap_implementation_status.json,"Score: 95, Severity: critical, Rules: 1",167d153709bd90e2
2026-01-16T16:21:07.114676Z,Rule Firing,MINDMAP_TODO_REMAINING_FEATURES.md,"Score: 95, Severity: critical, Rules: 1",f505ab45f8c70bc7
2026-01-16T16:21:07.114676Z,Rule Firing,mindmap_unlimited_scan_report.json,"Score: 95, Severity: critical, Rules: 1",4c3ebcbd2e5d0190
2026-01-16T16:21:07.199631Z,Rule Firing,mm.py,"Score: 95, Severity: critical, Rules: 1",91c7c8f9da0fb70c
2026-01-16T16:21:07.199631Z,Rule Firing,MUST_FEATURES_COMPLETE.md,"Score: 95, Severity: critical, Rules: 1",2ed66d8ac41a3955
2026-01-16T16:21:07.204654Z,Rule Firing,pip-conda-install.log,"Score: 95, Severity: critical, Rules: 1",00a2e06e9db109fe
2026-01-16T16:21:07.204654Z,Rule Firing,pip-install.log,"Score: 95, Severity: critical, Rules: 1",072417bbcd4e48d5
2026-01-16T16:21:07.204654Z,Rule Firing,README.md,"Score: 95, Severity: critical, Rules: 1",df31ff806f58ec63
2026-01-16T16:21:07.204654Z,Rule Firing,REAL_DATA_INTEGRATION.md,"Score: 95, Severity: critical, Rules: 1",4c1a52ea5c8b5e84
2026-01-16T16:21:07.207343Z,Rule Firing,REPORT_GENERATOR_COMPLETE.md,"Score: 95, Severity: critical, Rules: 1",4fc880f27ea36fc2
2026-01-16T16:21:07.207343Z,Rule Firing,requirements-nonav.txt,"Score: 95, Severity: critical, Rules: 1",e5f8dac53b76941f
2026-01-16T16:21:07.207343Z,Rule Firing,requirements.txt,"Score: 95, Severity: critical, Rules: 1",f487e8729371d5d0
2026-01-16T16:21:07.207343Z,Rule Firing,requirements_macos_silicon.txt,"Score: 95, Severity: critical, Rules: 1",d0da4be319fbaa02
2026-01-16T16:21:07.292140Z,Rule Firing,run.log,"Score: 100, Severity: critical, Rules: 2",1fe8305b178db186
2026-01-16T16:21:07.294652Z,Rule Firing,TESTING_GUIDE.md,"Score: 95, Severity: critical, Rules: 1",f67d374e54d53471
2026-01-16T16:21:07.294652Z,Rule Firing,test_ai_features.py,"Score: 95, Severity: critical, Rules: 1",ea25aa2cc889ee84
2026-01-16T16:21:07.294652Z,Rule Firing,test_high_features.py,"Score: 95, Severity: critical, Rules: 1",3996276737da1528
2026-01-16T16:21:07.294652Z,Rule Firing,test_intelligence_layer.py,"Score: 95, Severity: critical, Rules: 1",cfd21bac44948619
2026-01-16T16:21:07.294652Z,Rule Firing,test_must_features.py,"Score: 95, Severity: critical, Rules: 1",87b85cbe64eeba12
2026-01-16T16:21:07.294652Z,Rule Firing,test_real_data.py,"Score: 95, Severity: critical, Rules: 1",4e8d1c25e5a93dd4
2026-01-16T16:21:07.294652Z,Rule Firing,ULTRATHINK_COMPLETE.md,"Score: 95, Severity: critical, Rules: 1",60332cb2059cc05d
2026-01-16T16:21:07.294652Z,Rule Firing,WSL_Ubuntu_install.sh,"Score: 95, Severity: critical, Rules: 1",8aaae5d1f12e1aa0
2026-01-16T16:21:07.294652Z,Rule Firing,Windows11InstallationAssistant.exe,"Score: 95, Severity: critical, Rules: 1",4a7fc49d0f284bf6
2026-01-16T16:21:07.384635Z,Rule Firing,image_20251110T175902.dd,"Score: 100, Severity: critical, Rules: 2",e7c1e109880212c3
2026-01-16T16:21:07.384635Z,Rule Firing,$OrphanFiles,"Score: 30, Severity: low, Rules: 1",d70f857820ad0fa1
2026-01-20T04:00:46.323501Z,Rule Firing,SanDiskSecureAccessV2_win.exe,"Score: 95, Severity: critical, Rules: 1",275c19aba933553a
2026-01-20T04:00:46.323501Z,Rule Firing,حل أسئلة الدراسات الاجتماعية والوطنية 2م ف1 طالب.pdf,"Score: 95, Severity: critical, Rules: 1",d02784470ac9aad2
2026-01-20T04:00:46.323501Z,Rule Firing,حل أسئلة الدراسات الاجتماعية والوطنية 2م ف1 نشاط.pdf,"Score: 95, Severity: critical, Rules: 1",bd3aceb556ac88ab
2026-01-20T04:00:46.323501Z,Rule Firing,بحث مادة التفسير.docx,"Score: 95, Severity: critical, Rules: 1",30c872edfea70d43
2026-01-20T04:00:46.323501Z,Rule Firing,{4944f5ac-fe92-4c3c-879b-cae84db01eec}.enc,"Score: 30, Severity: low, Rules: 1",29bea0e51b59af38
2026-01-20T04:00:46.323501Z,Rule Firing,المستوى الاحداثي.gif,"Score: 95, Severity: critical, Rules: 1",26149ecbb4e27c4a
2026-01-20T04:00:46.323501Z,Rule Firing,This is NOT a virus (README).txt,"Score: 75, Severity: high, Rules: 1",9ffe9bb3f014b912
2026-01-20T04:00:46.323501Z,Rule Firing,Icon.ico,"Score: 75, Severity: high, Rules: 1",b7245e02abaa06c4
2026-01-20T04:00:46.333151Z,Rule Firing,desktop.ini,"Score: 75, Severity: high, Rules: 1",957b231afb9da842
2026-01-20T04:00:46.333151Z,Rule Firing,Inkscape-0.92.1-1.exe,"Score: 95, Severity: critical, Rules: 1",ba67005768dac842
2026-01-20T04:00:46.418353Z,Rule Firing,Inkscape-0.92.1.msi,"Score: 95, Severity: critical, Rules: 1",ac3eab7ed43ba6b4
2026-01-20T04:00:46.418353Z,Rule Firing,InkscapePortable_0.92.1.paf.exe,"Score: 95, Severity: critical, Rules: 1",d899249ce2b5d15a
2026-01-20T04:00:46.423378Z,Rule Firing,Inkscape-0.92.1-x64-1.exe,"Score: 95, Severity: critical, Rules: 1",09c6b25ad551c9d4
2026-01-20T04:00:46.423378Z,Rule Firing,Inkscape-0.92.1-x64.msi,"Score: 95, Severity: critical, Rules: 1",201c1fbd1ceb42a4
2026-01-20T04:00:46.423378Z,Rule Firing,يومية العمال 2.xlsx,"Score: 95, Severity: critical, Rules: 1",c21db14247c01d24
2026-01-20T04:00:46.423378Z,Rule Firing,نص 7.txt,"Score: 95, Severity: critical, Rules: 1",f2cb36e510c84b8c
2026-01-20T04:00:46.423378Z,Rule Firing,نص 8.txt,"Score: 95, Severity: critical, Rules: 1",f106b38c1966dedf
2026-01-20T04:00:46.423378Z,Rule Firing,نص 9.txt,"Score: 95, Severity: critical, Rules: 1",4ecfd678a54f5b08
2026-01-20T04:00:46.423378Z,Rule Firing,نص 10.txt,"Score: 95, Severity: critical, Rules: 1",795de64a8fa4b84e
2026-01-20T04:00:46.423378Z,Rule Firing,نص 11.txt,"Score: 95, Severity: critical, Rules: 1",1ab074505be28a14
2026-01-20T04:00:46.514604Z,Rule Firing,نص 12.txt,"Score: 95, Severity: critical, Rules: 1",089044bdbe0393fa
2026-01-20T04:00:46.514604Z,Rule Firing,نص 13.txt,"Score: 95, Severity: critical, Rules: 1",05f6fb2264bf48ba
2026-01-20T04:00:46.514604Z,Rule Firing,نص 14.txt,"Score: 95, Severity: critical, Rules: 1",183f87d99fc6d4cd
2026-01-20T04:00:46.514604Z,Rule Firing,نص 15.txt,"Score: 95, Severity: critical, Rules: 1",a313a79ba9b1b60d
2026-01-20T04:00:46.514604Z,Rule Firing,نص 16.txt,"Score: 95, Severity: critical, Rules: 1",0e2b50b1c44899ce
2026-01-20T04:00:46.514604Z,Rule Firing,نص 17.txt,"Score: 95, Severity: critical, Rules: 1",156c96ec24bba3b5
2026-01-20T04:00:46.514604Z,Rule Firing,نص 18.txt,"Score: 95, Severity: critical, Rules: 1",c8d0a75217d02d8a
2026-01-20T04:00:46.514604Z,Rule Firing,نص 19.txt,"Score: 95, Severity: critical, Rules: 1",d7af64df1764cde2
2026-01-20T04:00:46.514604Z,Rule Firing,نص 20.txt,"Score: 95, Severity: critical, Rules: 1",522c03c440df52f0
2026-01-20T04:00:46.523352Z,Rule Firing,نص 21.txt,"Score: 95, Severity: critical, Rules: 1",e2b5b610c55d58fc
2026-01-20T04:00:46.603507Z,Rule Firing,نص 22.txt,"Score: 95, Severity: critical, Rules: 1",732d42d9536fdcf8
2026-01-20T04:00:46.603507Z,Rule Firing,نص 23.txt,"Score: 95, Severity: critical, Rules: 1",79e33f6da06d5c29
2026-01-20T04:00:46.603507Z,Rule Firing,نص 24.txt,"Score: 95, Severity: critical, Rules: 1",37ebbb0e8b77f600
2026-01-20T04:00:46.603507Z,Rule Firing,نص 25.txt,"Score: 95, Severity: critical, Rules: 1",9398beefbbbe8711
2026-01-20T04:00:46.608312Z,Rule Firing,نص 26.txt,"Score: 95, Severity: critical, Rules: 1",24b4f643cfcbfd09
2026-01-20T04:00:46.608312Z,Rule Firing,نص 27.txt,"Score: 95, Severity: critical, Rules: 1",cf0fccfeb024afc3
2026-01-20T04:00:46.610320Z,Rule Firing,نص 28.txt,"Score: 95, Severity: critical, Rules: 1",b03f7778336cb300
2026-01-20T04:00:46.610320Z,Rule Firing,نص 29.txt,"Score: 95, Severity: critical, Rules: 1",d1fec4f1fb315254
2026-01-20T04:00:46.610320Z,Rule Firing,نص 30.txt,"Score: 95, Severity: critical, Rules: 1",fcfe0caf23495478
2026-01-20T04:00:46.613228Z,Rule Firing,نص 31.txt,"Score: 95, Severity: critical, Rules: 1",7717134c1fc5500e
2026-01-20T04:00:46.693578Z,Rule Firing,نص 32.txt,"Score: 95, Severity: critical, Rules: 1",fcb593ba86628768
2026-01-20T04:00:46.693578Z,Rule Firing,نص 33.txt,"Score: 95, Severity: critical, Rules: 1",27efaad083583342
2026-01-20T04:00:46.693578Z,Rule Firing,نص 34.txt,"Score: 95, Severity: critical, Rules: 1",ce999e58432a13a4
2026-01-20T04:00:46.693578Z,Rule Firing,نص 35.txt,"Score: 95, Severity: critical, Rules: 1",05279a59f76ac7a4
2026-01-20T04:00:46.693578Z,Rule Firing,نص.txt,"Score: 95, Severity: critical, Rules: 1",3d41b2688b0f459b
2026-01-20T04:00:46.693578Z,Rule Firing,نص 2.txt,"Score: 95, Severity: critical, Rules: 1",2e42651f43eddb02
2026-01-20T04:00:46.693578Z,Rule Firing,نص 3.txt,"Score: 95, Severity: critical, Rules: 1",b2b42742eecc7bee
2026-01-20T04:00:46.693578Z,Rule Firing,نص 4.txt,"Score: 95, Severity: critical, Rules: 1",1be6c8c2e364ee4a
2026-01-20T04:00:46.693578Z,Rule Firing,نص 5.txt,"Score: 95, Severity: critical, Rules: 1",95a7b736b8c7f8a2
2026-01-20T04:00:46.693578Z,Rule Firing,نص 6.txt,"Score: 95, Severity: critical, Rules: 1",1f95bddbb5f23773
2026-01-20T04:00:46.784589Z,Rule Firing,كلمات الميتا ماسك.jpeg,"Score: 95, Severity: critical, Rules: 1",e39b3f9613079383
2026-01-20T04:00:46.787524Z,Rule Firing,.~.dropbox.external.writable,"Score: 30, Severity: low, Rules: 1",363211f425de78ca
2026-01-20T04:00:46.787524Z,Rule Firing,bybit wallet.txt,"Score: 95, Severity: critical, Rules: 1",adb574cbdb36af5b
2026-01-20T04:00:46.787524Z,Rule Firing,.~.dropbox.external.writable,"Score: 30, Severity: low, Rules: 1",b268ea3e085b4e44
2026-01-20T04:00:46.787524Z,Rule Firing,_jrat.csv,"Score: 95, Severity: critical, Rules: 1",94cc4aa0b0022690
2026-01-20T04:00:46.787524Z,Rule Firing,FTP_bruteforce.csv,"Score: 95, Severity: critical, Rules: 1",1e5c21aa62d42c86
2026-01-20T04:00:46.793088Z,Rule Firing,DNS Remote Shell.pcap,"Score: 95, Severity: critical, Rules: 1",980ed4c3d1799df9
2026-01-20T04:00:46.793088Z,Rule Firing,Brute-Force,"Score: 95, Severity: critical, Rules: 1",93868b068ddf38e5
2026-01-20T04:00:46.793088Z,Rule Firing,SQL Injection.log,"Score: 95, Severity: critical, Rules: 1",43c95b394412c885
2026-01-20T04:00:46.793088Z,Rule Firing,Windows_Evidence_001.dd,"Score: 95, Severity: critical, Rules: 1",df14596dc541612e
2026-01-20T04:00:46.873205Z,Rule Firing,RamCapturer.zip,"Score: 95, Severity: critical, Rules: 1",781ab1e41380c27c
2026-01-20T04:00:46.873205Z,Rule Firing,.~.dropbox.external.writable,"Score: 30, Severity: low, Rules: 1",26c8e41e59aa5f14
2026-01-20T04:00:46.873205Z,Rule Firing,RamCapturer.zip,"Score: 95, Severity: critical, Rules: 1",270cc83f67c4a641
2026-01-20T04:00:46.883304Z,Rule Firing,$OrphanFiles,"Score: 30, Severity: low, Rules: 1",7bcec08ba074794b
2026-01-20T11:31:24.617004Z,Rule Firing,SanDiskSecureAccessV2_win.exe,"Score: 95, Severity: critical, Rules: 1",26e77a689f923657
2026-01-20T11:31:24.617004Z,Rule Firing,حل أسئلة الدراسات الاجتماعية والوطنية 2م ف1 طالب.pdf,"Score: 95, Severity: critical, Rules: 1",a369c325a4bce55a
2026-01-20T11:31:24.623224Z,Rule Firing,حل أسئلة الدراسات الاجتماعية والوطنية 2م ف1 نشاط.pdf,"Score: 95, Severity: critical, Rules: 1",2e4cdfdb1e776058
2026-01-20T11:31:24.623224Z,Rule Firing,بحث مادة التفسير.docx,"Score: 95, Severity: critical, Rules: 1",58c1f01f4f98e159
2026-01-20T11:31:24.623224Z,Rule Firing,{4944f5ac-fe92-4c3c-879b-cae84db01eec}.enc,"Score: 30, Severity: low, Rules: 1",008761c7a8ac099f
2026-01-20T11:31:24.625234Z,Rule Firing,المستوى الاحداثي.gif,"Score: 95, Severity: critical, Rules: 1",eaecd10348806514
2026-01-20T11:31:24.627244Z,Rule Firing,This is NOT a virus (README).txt,"Score: 75, Severity: high, Rules: 1",1be2f27816bf2785
2026-01-20T11:31:24.627244Z,Rule Firing,Icon.ico,"Score: 75, Severity: high, Rules: 1",c5d86553c2a21917
2026-01-20T11:31:24.628995Z,Rule Firing,desktop.ini,"Score: 75, Severity: high, Rules: 1",f1e8a1cc696469b7
2026-01-20T11:31:24.632199Z,Rule Firing,Inkscape-0.92.1-1.exe,"Score: 95, Severity: critical, Rules: 1",2fad7978f67deac1
2026-01-20T11:31:24.722259Z,Rule Firing,Inkscape-0.92.1.msi,"Score: 95, Severity: critical, Rules: 1",3d7cdd965f37c432
2026-01-20T11:31:24.724779Z,Rule Firing,InkscapePortable_0.92.1.paf.exe,"Score: 95, Severity: critical, Rules: 1",93e7f8d4dacfab4e
2026-01-20T11:31:24.724779Z,Rule Firing,Inkscape-0.92.1-x64-1.exe,"Score: 95, Severity: critical, Rules: 1",f5c2e450188756cd
2026-01-20T11:31:24.727337Z,Rule Firing,Inkscape-0.92.1-x64.msi,"Score: 95, Severity: critical, Rules: 1",9d76bf72d2cc2bf3
2026-01-20T11:31:24.727337Z,Rule Firing,يومية العمال 2.xlsx,"Score: 95, Severity: critical, Rules: 1",e7b1339be208d75a
2026-01-20T11:31:24.727337Z,Rule Firing,نص 7.txt,"Score: 95, Severity: critical, Rules: 1",8dd8832b4cf6cea8
2026-01-20T11:31:24.727337Z,Rule Firing,نص 8.txt,"Score: 95, Severity: critical, Rules: 1",75c50d4bfb163680
2026-01-20T11:31:24.727337Z,Rule Firing,نص 9.txt,"Score: 95, Severity: critical, Rules: 1",1c7038425af2c813
2026-01-20T11:31:24.727337Z,Rule Firing,نص 10.txt,"Score: 95, Severity: critical, Rules: 1",1b058e8a504447bf
2026-01-20T11:31:24.727337Z,Rule Firing,نص 11.txt,"Score: 95, Severity: critical, Rules: 1",27153ed95aa4dbdf
2026-01-20T11:31:24.820831Z,Rule Firing,نص 12.txt,"Score: 95, Severity: critical, Rules: 1",155b170fb93fd5d4
2026-01-20T11:31:24.820831Z,Rule Firing,نص 13.txt,"Score: 95, Severity: critical, Rules: 1",915ff9360d11e30e
2026-01-20T11:31:24.820831Z,Rule Firing,نص 14.txt,"Score: 95, Severity: critical, Rules: 1",c042a11e4bb0e77a
2026-01-20T11:31:24.820831Z,Rule Firing,نص 15.txt,"Score: 95, Severity: critical, Rules: 1",50ff63ed4e75df60
2026-01-20T11:31:24.820831Z,Rule Firing,نص 16.txt,"Score: 95, Severity: critical, Rules: 1",069008d0cd7f9501
2026-01-20T11:31:24.827416Z,Rule Firing,نص 17.txt,"Score: 95, Severity: critical, Rules: 1",cfd288a179dde625
2026-01-20T11:31:24.827416Z,Rule Firing,نص 18.txt,"Score: 95, Severity: critical, Rules: 1",8460b0e9a9874cf7
2026-01-20T11:31:24.827416Z,Rule Firing,نص 19.txt,"Score: 95, Severity: critical, Rules: 1",f5cdabb037cbfc18
2026-01-20T11:31:24.827416Z,Rule Firing,نص 20.txt,"Score: 95, Severity: critical, Rules: 1",7f25a00fb77d8f6d
2026-01-20T11:31:24.827416Z,Rule Firing,نص 21.txt,"Score: 95, Severity: critical, Rules: 1",3891330b03fc5562
2026-01-20T11:31:24.917034Z,Rule Firing,نص 22.txt,"Score: 95, Severity: critical, Rules: 1",c75c64c06559040d
2026-01-20T11:31:24.917034Z,Rule Firing,نص 23.txt,"Score: 95, Severity: critical, Rules: 1",e1743a40181f9fe0
2026-01-20T11:31:24.917034Z,Rule Firing,نص 24.txt,"Score: 95, Severity: critical, Rules: 1",b37efda11ac14dc0
2026-01-20T11:31:24.917034Z,Rule Firing,نص 25.txt,"Score: 95, Severity: critical, Rules: 1",6001a14ce55f1609
2026-01-20T11:31:24.921769Z,Rule Firing,نص 26.txt,"Score: 95, Severity: critical, Rules: 1",e46e30ca7e08e31d
2026-01-20T11:31:24.921769Z,Rule Firing,نص 27.txt,"Score: 95, Severity: critical, Rules: 1",52fd9aa045567d1a
2026-01-20T11:31:24.921769Z,Rule Firing,نص 28.txt,"Score: 95, Severity: critical, Rules: 1",70976069dd29d5c1
2026-01-20T11:31:24.921769Z,Rule Firing,نص 29.txt,"Score: 95, Severity: critical, Rules: 1",56bb7a29066caada
2026-01-20T11:31:24.921769Z,Rule Firing,نص 30.txt,"Score: 95, Severity: critical, Rules: 1",840d81c7f258f085
2026-01-20T11:31:24.927428Z,Rule Firing,نص 31.txt,"Score: 95, Severity: critical, Rules: 1",c9f43cec946612bf
2026-01-20T11:31:25.012262Z,Rule Firing,نص 32.txt,"Score: 95, Severity: critical, Rules: 1",0ea1179528bc152d
2026-01-20T11:31:25.017001Z,Rule Firing,نص 33.txt,"Score: 95, Severity: critical, Rules: 1",81d6616251dee0cb
2026-01-20T11:31:25.017001Z,Rule Firing,نص 34.txt,"Score: 95, Severity: critical, Rules: 1",7300443cd98175e6
2026-01-20T11:31:25.017001Z,Rule Firing,نص 35.txt,"Score: 95, Severity: critical, Rules: 1",07bbfdb019c9728a
2026-01-20T11:31:25.017001Z,Rule Firing,نص.txt,"Score: 95, Severity: critical, Rules: 1",b48d591caf5fd3ab
2026-01-20T11:31:25.017001Z,Rule Firing,نص 2.txt,"Score: 95, Severity: critical, Rules: 1",2d8f8f875065fc4d
2026-01-20T11:31:25.017001Z,Rule Firing,نص 3.txt,"Score: 95, Severity: critical, Rules: 1",d61f09649072242a
2026-01-20T11:31:25.017001Z,Rule Firing,نص 4.txt,"Score: 95, Severity: critical, Rules: 1",4caf5aff1cbcb203
2026-01-20T11:31:25.017001Z,Rule Firing,نص 5.txt,"Score: 95, Severity: critical, Rules: 1",6ef2b311e94b2ed8
2026-01-20T11:31:25.017001Z,Rule Firing,نص 6.txt,"Score: 95, Severity: critical, Rules: 1",1cd47cb6719423ce
2026-01-20T11:31:25.112999Z,Rule Firing,كلمات الميتا ماسك.jpeg,"Score: 95, Severity: critical, Rules: 1",b03185671fe49903
2026-01-20T11:31:25.112999Z,Rule Firing,.~.dropbox.external.writable,"Score: 30, Severity: low, Rules: 1",277809fc5865638a
2026-01-20T11:31:25.112999Z,Rule Firing,bybit wallet.txt,"Score: 95, Severity: critical, Rules: 1",47c8f7c32fb4c736
2026-01-20T11:31:25.117168Z,Rule Firing,.~.dropbox.external.writable,"Score: 30, Severity: low, Rules: 1",7cacee1ea351ec68
2026-01-20T11:31:25.117168Z,Rule Firing,_jrat.csv,"Score: 95, Severity: critical, Rules: 1",3f66d5673af5dc10
2026-01-20T11:31:25.117168Z,Rule Firing,FTP_bruteforce.csv,"Score: 95, Severity: critical, Rules: 1",ae13562614ba7b63
2026-01-20T11:31:25.117168Z,Rule Firing,DNS Remote Shell.pcap,"Score: 95, Severity: critical, Rules: 1",cbca5c09e0e5aa2e
2026-01-20T11:31:25.122903Z,Rule Firing,Brute-Force,"Score: 95, Severity: critical, Rules: 1",815856a68763f399
2026-01-20T11:31:25.122903Z,Rule Firing,SQL Injection.log,"Score: 95, Severity: critical, Rules: 1",a0a61db4335c73f6
2026-01-20T11:31:25.122903Z,Rule Firing,Windows_Evidence_001.dd,"Score: 95, Severity: critical, Rules: 1",f142184e9146a1d3
2026-01-20T11:31:25.209137Z,Rule Firing,RamCapturer.zip,"Score: 95, Severity: critical, Rules: 1",6224ac7b40042353
2026-01-20T11:31:25.209137Z,Rule Firing,.~.dropbox.external.writable,"Score: 30, Severity: low, Rules: 1",ab36ce28b4989ced
2026-01-20T11:31:25.209137Z,Rule Firing,RamCapturer.zip,"Score: 95, Severity: critical, Rules: 1",580bd0ecf9c19d4b
2026-01-20T11:31:25.209137Z,Rule Firing,$OrphanFiles,"Score: 30, Severity: low, Rules: 1",62fead226302d3ff
2026-02-10T21:16:01.127664Z,Rule Firing,SanDiskSecureAccessV2_win.exe,"Score: 95, Severity: critical, Rules: 1",13a928f3dd60e020
2026-02-10T21:16:01.131716Z,Rule Firing,بحث مادة التفسير.docx,"Score: 95, Severity: critical, Rules: 1",42512aa13681d432
2026-02-10T21:16:01.136177Z,Rule Firing,{4944f5ac-fe92-4c3c-879b-cae84db01eec}.enc,"Score: 30, Severity: low, Rules: 1",98ded59efe868986
2026-02-10T21:16:01.136177Z,Rule Firing,المستوى الاحداثي.gif,"Score: 95, Severity: critical, Rules: 1",265b0d3ec94204ad
2026-02-10T21:16:01.136177Z,Rule Firing,يومية العمال 2.xlsx,"Score: 95, Severity: critical, Rules: 1",54489f0838e97ac7
2026-02-10T21:16:01.141562Z,Rule Firing,نص 7.txt,"Score: 95, Severity: critical, Rules: 1",6bfa96a8ca562b93
2026-02-10T21:16:01.141562Z,Rule Firing,نص 8.txt,"Score: 95, Severity: critical, Rules: 1",4bd570b2cdffcda5
2026-02-10T21:16:01.141562Z,Rule Firing,نص 9.txt,"Score: 95, Severity: critical, Rules: 1",db91344c997fa164
2026-02-10T21:16:01.141562Z,Rule Firing,نص 10.txt,"Score: 95, Severity: critical, Rules: 1",9714ee4278d66e97
2026-02-10T21:16:01.141562Z,Rule Firing,نص 11.txt,"Score: 95, Severity: critical, Rules: 1",27f5c67e33a5d98d
2026-02-10T21:16:01.280215Z,Rule Firing,نص 12.txt,"Score: 95, Severity: critical, Rules: 1",40480d723d84cb88
2026-02-10T21:16:01.281723Z,Rule Firing,نص 13.txt,"Score: 95, Severity: critical, Rules: 1",16a097b3ece383c8
2026-02-10T21:16:01.281723Z,Rule Firing,نص 14.txt,"Score: 95, Severity: critical, Rules: 1",48c8fb6dd830f4f8
2026-02-10T21:16:01.281723Z,Rule Firing,نص 15.txt,"Score: 95, Severity: critical, Rules: 1",42dd735491863482
2026-02-10T21:16:01.281723Z,Rule Firing,نص 16.txt,"Score: 95, Severity: critical, Rules: 1",b115b80bd73155d3
2026-02-10T21:16:01.281723Z,Rule Firing,نص 17.txt,"Score: 95, Severity: critical, Rules: 1",5d6ac01f65b22349
2026-02-10T21:16:01.281723Z,Rule Firing,نص 18.txt,"Score: 95, Severity: critical, Rules: 1",f6b38cf2bd309768
2026-02-10T21:16:01.281723Z,Rule Firing,نص 19.txt,"Score: 95, Severity: critical, Rules: 1",73f191abdd240aa2
2026-02-10T21:16:01.281723Z,Rule Firing,نص 20.txt,"Score: 95, Severity: critical, Rules: 1",9331ba7a7f3d0848
2026-02-10T21:16:01.281723Z,Rule Firing,نص 21.txt,"Score: 95, Severity: critical, Rules: 1",6c436bf1188bad3d
2026-02-10T21:16:01.411867Z,Rule Firing,نص 22.txt,"Score: 95, Severity: critical, Rules: 1",c092e1583f139858
2026-02-10T21:16:01.411867Z,Rule Firing,نص 23.txt,"Score: 95, Severity: critical, Rules: 1",9e5b000dd437e694
2026-02-10T21:16:01.411867Z,Rule Firing,نص 24.txt,"Score: 95, Severity: critical, Rules: 1",df97171bff9078c3
2026-02-10T21:16:01.411867Z,Rule Firing,نص 25.txt,"Score: 95, Severity: critical, Rules: 1",107e51d4ab646297
2026-02-10T21:16:01.411867Z,Rule Firing,نص 26.txt,"Score: 95, Severity: critical, Rules: 1",9ae51a806f7ab663
2026-02-10T21:16:01.411867Z,Rule Firing,نص 27.txt,"Score: 95, Severity: critical, Rules: 1",3c39043e71f0e653
2026-02-10T21:16:01.421700Z,Rule Firing,نص 28.txt,"Score: 95, Severity: critical, Rules: 1",b585a373bd390c75
2026-02-10T21:16:01.421700Z,Rule Firing,نص 29.txt,"Score: 95, Severity: critical, Rules: 1",57f8bca73a78b0c1
2026-02-10T21:16:01.423451Z,Rule Firing,نص 30.txt,"Score: 95, Severity: critical, Rules: 1",f3534ad72a14af12
2026-02-10T21:16:01.423451Z,Rule Firing,نص 31.txt,"Score: 95, Severity: critical, Rules: 1",f856e72a6fed74c3
2026-02-10T21:16:01.541715Z,Rule Firing,نص 32.txt,"Score: 95, Severity: critical, Rules: 1",81aa253932e6cea2
2026-02-10T21:16:01.541715Z,Rule Firing,نص 33.txt,"Score: 95, Severity: critical, Rules: 1",6417fa36d94ad89b
2026-02-10T21:16:01.551466Z,Rule Firing,نص 34.txt,"Score: 95, Severity: critical, Rules: 1",aaddfbd3c4c3eb9a
2026-02-10T21:16:01.553788Z,Rule Firing,نص 35.txt,"Score: 95, Severity: critical, Rules: 1",ca6a6dab10416852
2026-02-10T21:16:01.555752Z,Rule Firing,نص.txt,"Score: 95, Severity: critical, Rules: 1",4657331512367222
2026-02-10T21:16:01.557781Z,Rule Firing,نص 2.txt,"Score: 95, Severity: critical, Rules: 1",342413b4cff29f90
2026-02-10T21:16:01.561700Z,Rule Firing,نص 3.txt,"Score: 95, Severity: critical, Rules: 1",e0f871642b9069e3
2026-02-10T21:16:01.561700Z,Rule Firing,نص 4.txt,"Score: 95, Severity: critical, Rules: 1",e49d57f0c1dc4baa
2026-02-10T21:16:01.563741Z,Rule Firing,نص 5.txt,"Score: 95, Severity: critical, Rules: 1",876c8f6aadae4cf2
2026-02-10T21:16:01.563741Z,Rule Firing,نص 6.txt,"Score: 95, Severity: critical, Rules: 1",a685715db9aa282d
2026-02-10T21:16:01.681672Z,Rule Firing,كلمات الميتا ماسك.jpeg,"Score: 95, Severity: critical, Rules: 1",013b574fe5b9f4ad
2026-02-10T21:16:01.681672Z,Rule Firing,.~.dropbox.external.writable,"Score: 30, Severity: low, Rules: 1",416ddbfb787f421d
2026-02-10T21:16:01.681672Z,Rule Firing,bybit wallet.txt,"Score: 95, Severity: critical, Rules: 1",6da4ab938580ff81
2026-02-10T21:16:01.681672Z,Rule Firing,.~.dropbox.external.writable,"Score: 30, Severity: low, Rules: 1",3ffa6d9f97d37698
2026-02-10T21:16:01.681672Z,Rule Firing,.~.dropbox.external.writable,"Score: 30, Severity: low, Rules: 1",83c01b4ace284588
2026-02-10T21:16:01.681672Z,Rule Firing,RamCapturer.zip,"Score: 95, Severity: critical, Rules: 1",d415e5187075d74a
2026-02-10T21:16:01.681672Z,Rule Firing,videoplayback.mp4,"Score: 95, Severity: critical, Rules: 1",7c9d4b01a3b0af8e
2026-02-10T21:16:01.691342Z,Rule Firing,videoplayback (1).mp4,"Score: 95, Severity: critical, Rules: 1",2a581c69cc025ed8
2026-02-10T21:16:01.691342Z,Rule Firing,فالكونز في العلا بـ1000 ريال وبـ 100 الف ريال لمدة 24 ساعة 🔥⛰️.mp4,"Score: 95, Severity: critical, Rules: 1",760b1bdadc2b3eb0
2026-02-10T21:16:01.691342Z,Rule Firing,_up.mp4,"Score: 95, Severity: critical, Rules: 1",5d1a4b67d6f9e31e
2026-02-10T21:16:01.806564Z,Rule Firing,_1.mp4,"Score: 95, Severity: critical, Rules: 1",dc1981fe5820723a
2026-02-10T21:16:01.806564Z,Rule Firing,acquirelog.txt,"Score: 95, Severity: critical, Rules: 1",cd8e6dbc14f4b8a1
2026-02-10T21:16:01.811563Z,Rule Firing,_mage.png,"Score: 95, Severity: critical, Rules: 1",11367a002ee03986
2026-02-10T21:16:01.811563Z,Rule Firing,monkey-d-luffy-one-piece-minimal-art-5k-8k-7680x4320-8211.png,"Score: 95, Severity: critical, Rules: 1",58768ca9ef7a7319
2026-02-10T21:16:01.811563Z,Rule Firing,hacker-binary-5184x3456-13679.jpg,"Score: 95, Severity: critical, Rules: 1",ed1e1f2ba2ef3426
2026-02-10T21:16:01.811563Z,Rule Firing,mr-robot-hacker-10000x5625-15768.png,"Score: 95, Severity: critical, Rules: 1",47f0d9afa5e118c7
2026-02-10T21:16:01.821368Z,Rule Firing,gamer-gaming-room-5120x2880-17525.jpg,"Score: 95, Severity: critical, Rules: 1",230469b16fab4338
2026-02-10T21:16:01.822969Z,Rule Firing,lost-in-space-404-5120x2880-18155.png,"Score: 95, Severity: critical, Rules: 1",7e9c7058f820aec8
2026-02-10T21:16:01.822969Z,Rule Firing,_1.jpg,"Score: 95, Severity: critical, Rules: 1",67ef05fad4c7632a
2026-02-10T21:16:01.822969Z,Rule Firing,_11.png,"Score: 95, Severity: critical, Rules: 1",0c5d9c31a82950a6
2026-02-10T21:16:01.951668Z,Rule Firing,_.png,"Score: 95, Severity: critical, Rules: 1",cf681b50f90be23a
2026-02-10T21:16:01.951668Z,Rule Firing,_.jpg,"Score: 95, Severity: critical, Rules: 1",4d44903cbd01fc17
2026-02-10T21:16:01.951668Z,Rule Firing,_22.png,"Score: 95, Severity: critical, Rules: 1",7aa5be314db28238
2026-02-10T21:16:01.951668Z,Rule Firing,_2.png,"Score: 95, Severity: critical, Rules: 1",ecd386f39594f404
2026-02-10T21:16:01.951668Z,Rule Firing,_3.jpg,"Score: 95, Severity: critical, Rules: 1",e30f464964f75eb2
2026-02-10T21:16:01.951668Z,Rule Firing,_.png,"Score: 95, Severity: critical, Rules: 1",d59b1bb895043288
2026-02-10T21:16:01.951668Z,Rule Firing,_33.png,"Score: 95, Severity: critical, Rules: 1",b418895122dc841e
2026-02-10T21:16:01.951668Z,Rule Firing,_44.png,"Score: 95, Severity: critical, Rules: 1",079e3fb522c05390
2026-02-10T21:16:01.961543Z,Rule Firing,_4.jpg,"Score: 95, Severity: critical, Rules: 1",42279fe272385538
2026-02-10T21:16:01.961543Z,Rule Firing,_.png,"Score: 95, Severity: critical, Rules: 1",b566f78e5cef4260
2026-02-10T21:16:02.081699Z,Rule Firing,_.png,"Score: 95, Severity: critical, Rules: 1",0f6581ba16dc5e61
2026-02-10T21:16:02.081699Z,Rule Firing,_04.png,"Score: 95, Severity: critical, Rules: 1",04c26f52c752e4c4
2026-02-10T21:16:02.081699Z,Rule Firing,_.png,"Score: 95, Severity: critical, Rules: 1",e4be19030830b064
2026-02-10T21:16:02.081699Z,Rule Firing,acquirelog.txt,"Score: 95, Severity: critical, Rules: 1",44e76d9091cebf85
2026-02-10T21:16:02.081699Z,Rule Firing,شكوى مصرف الراجحي .pdf,"Score: 95, Severity: critical, Rules: 1",0b3db89a125476d6
2026-02-10T21:16:02.091545Z,Rule Firing,Template.pdf,"Score: 95, Severity: critical, Rules: 1",4f0b7d6d05867ee3
2026-02-10T21:16:02.092579Z,Rule Firing,Rick and Morty.jpg,"Score: 95, Severity: critical, Rules: 1",ceff97e51d1f4eec
2026-02-10T21:16:02.092579Z,Rule Firing,_AWAF.jpg,"Score: 95, Severity: critical, Rules: 1",f0ab1c154621ab68
2026-02-10T21:16:02.092579Z,Rule Firing,_HOTO.jpg,"Score: 95, Severity: critical, Rules: 1",d5b534e81d5aa18f
2026-02-10T21:16:02.092579Z,Rule Firing,_e.jpg,"Score: 95, Severity: critical, Rules: 1",f8324bfd2a885542
2026-02-10T21:16:02.211244Z,Rule Firing,_allets.txt,"Score: 95, Severity: critical, Rules: 1",c04d9ee01a76b1fd
2026-02-10T21:16:02.219412Z,Rule Firing,New Text Document.txt,"Score: 30, Severity: low, Rules: 1",797289f57ed89ea1
2026-02-10T21:16:02.219412Z,Rule Firing,New Text Document.txt,"Score: 30, Severity: low, Rules: 1",0881e9bd750aaf1f
2026-02-10T21:16:02.219412Z,Rule Firing,_1.mp4,"Score: 95, Severity: critical, Rules: 1",c15c0071110dfc77
2026-02-10T21:16:02.224052Z,Rule Firing,MediaCreationTool_22H2 (1).exe,"Score: 95, Severity: critical, Rules: 1",8f3b17afd18d9bd2
2026-02-10T21:16:02.224052Z,Rule Firing,Windows11InstallationAssistant.exe,"Score: 95, Severity: critical, Rules: 1",b8f2dbabbf7d7e3c
2026-02-10T21:16:02.224052Z,Rule Firing,lol.avif,"Score: 100, Severity: critical, Rules: 2",aff0efa6435e7777
2026-02-10T21:16:02.231321Z,Rule Firing,$OrphanFiles,"Score: 30, Severity: low, Rules: 1",3889aedac4749310
2026-02-11T15:38:06.165582Z,Rule Firing,SanDiskSecureAccessV2_win.exe,"Score: 95, Severity: critical, Rules: 1",83c6143f6ec19216
2026-02-11T15:38:06.166021Z,Rule Firing,بحث مادة التفسير.docx,"Score: 95, Severity: critical, Rules: 1",7de507c26bd45813
2026-02-11T15:38:06.166217Z,Rule Firing,{4944f5ac-fe92-4c3c-879b-cae84db01eec}.enc,"Score: 30, Severity: low, Rules: 1",6b68b580db2bd936
2026-02-11T15:38:06.166489Z,Rule Firing,المستوى الاحداثي.gif,"Score: 95, Severity: critical, Rules: 1",5e58d78a2fda2c20
2026-02-11T15:38:06.166764Z,Rule Firing,يومية العمال 2.xlsx,"Score: 95, Severity: critical, Rules: 1",2206c1167f066855
2026-02-11T15:38:06.166908Z,Rule Firing,نص 7.txt,"Score: 95, Severity: critical, Rules: 1",eecb3e7a7bfcdf2d
2026-02-11T15:38:06.167050Z,Rule Firing,نص 8.txt,"Score: 95, Severity: critical, Rules: 1",5abde4c7817e70ea
2026-02-11T15:38:06.167175Z,Rule Firing,نص 9.txt,"Score: 95, Severity: critical, Rules: 1",fe95c9088f101179
2026-02-11T15:38:06.167302Z,Rule Firing,نص 10.txt,"Score: 95, Severity: critical, Rules: 1",76997afc817fcd7c
2026-02-11T15:38:06.167426Z,Rule Firing,نص 11.txt,"Score: 95, Severity: critical, Rules: 1",273679b3773a71b8
2026-02-11T15:38:06.187085Z,Rule Firing,نص 12.txt,"Score: 95, Severity: critical, Rules: 1",4be523ec953547a2
2026-02-11T15:38:06.187345Z,Rule Firing,نص 13.txt,"Score: 95, Severity: critical, Rules: 1",bfe7e55fafa2e74e
2026-02-11T15:38:06.187545Z,Rule Firing,نص 14.txt,"Score: 95, Severity: critical, Rules: 1",28c793c4fa7d7edf
2026-02-11T15:38:06.209146Z,Rule Firing,نص 15.txt,"Score: 95, Severity: critical, Rules: 1",1ea1cb447eeeeb9c
2026-02-11T15:38:06.230938Z,Rule Firing,نص 16.txt,"Score: 95, Severity: critical, Rules: 1",36c469f895f2f5de
2026-02-11T15:38:06.231117Z,Rule Firing,نص 17.txt,"Score: 95, Severity: critical, Rules: 1",c484f4379aefb867
2026-02-11T15:38:06.231252Z,Rule Firing,نص 18.txt,"Score: 95, Severity: critical, Rules: 1",ef7a444e96730d8b
2026-02-11T15:38:06.231354Z,Rule Firing,نص 19.txt,"Score: 95, Severity: critical, Rules: 1",26cd21ff0493c630
2026-02-11T15:38:06.231446Z,Rule Firing,نص 20.txt,"Score: 95, Severity: critical, Rules: 1",cc493a005fd8931f
2026-02-11T15:38:06.231537Z,Rule Firing,نص 21.txt,"Score: 95, Severity: critical, Rules: 1",cc13209ed4877b10
2026-02-11T15:38:06.264478Z,Rule Firing,نص 22.txt,"Score: 95, Severity: critical, Rules: 1",e55646857fec6300
2026-02-11T15:38:06.264919Z,Rule Firing,نص 23.txt,"Score: 95, Severity: critical, Rules: 1",0928d0522b73d6d6
2026-02-11T15:38:06.265056Z,Rule Firing,نص 24.txt,"Score: 95, Severity: critical, Rules: 1",ea70dac8e3807513
2026-02-11T15:38:06.265186Z,Rule Firing,نص 25.txt,"Score: 95, Severity: critical, Rules: 1",a94bbae4aff4add7
2026-02-11T15:38:06.265281Z,Rule Firing,نص 26.txt,"Score: 95, Severity: critical, Rules: 1",b61349f7342cc8c2
2026-02-11T15:38:06.265375Z,Rule Firing,نص 27.txt,"Score: 95, Severity: critical, Rules: 1",2734469388e46a56
2026-02-11T15:38:06.265466Z,Rule Firing,نص 28.txt,"Score: 95, Severity: critical, Rules: 1",786971e76f0d889a
2026-02-11T15:38:06.265577Z,Rule Firing,نص 29.txt,"Score: 95, Severity: critical, Rules: 1",6cad7a480754c2ec
2026-02-11T15:38:06.265739Z,Rule Firing,نص 30.txt,"Score: 95, Severity: critical, Rules: 1",f2960de7aa199005
2026-02-11T15:38:06.265844Z,Rule Firing,نص 31.txt,"Score: 95, Severity: critical, Rules: 1",09b9859b5b85a358
2026-02-11T15:38:06.291951Z,Rule Firing,نص 32.txt,"Score: 95, Severity: critical, Rules: 1",51eec8e8f922c77f
2026-02-11T15:38:06.292247Z,Rule Firing,نص 33.txt,"Score: 95, Severity: critical, Rules: 1",42d64a56970c78f6
2026-02-11T15:38:06.292409Z,Rule Firing,نص 34.txt,"Score: 95, Severity: critical, Rules: 1",5e62bcd556be3c9e
2026-02-11T15:38:06.292931Z,Rule Firing,نص 35.txt,"Score: 95, Severity: critical, Rules: 1",5e4992c5a817ddfc
2026-02-11T15:38:06.293175Z,Rule Firing,نص.txt,"Score: 95, Severity: critical, Rules: 1",cea424f896b06320
2026-02-11T15:38:06.293325Z,Rule Firing,نص 2.txt,"Score: 95, Severity: critical, Rules: 1",965205f4c65ad7e6
2026-02-11T15:38:06.301983Z,Rule Firing,نص 3.txt,"Score: 95, Severity: critical, Rules: 1",272dc8104f28d743
2026-02-11T15:38:06.302291Z,Rule Firing,نص 4.txt,"Score: 95, Severity: critical, Rules: 1",d47d9164aac7a811
2026-02-11T15:38:06.302540Z,Rule Firing,نص 5.txt,"Score: 95, Severity: critical, Rules: 1",01485d6d2b3fb9d4
2026-02-11T15:38:06.302707Z,Rule Firing,نص 6.txt,"Score: 95, Severity: critical, Rules: 1",2a01776a3f00224e
2026-02-11T15:38:06.315903Z,Rule Firing,كلمات الميتا ماسك.jpeg,"Score: 95, Severity: critical, Rules: 1",6e42eb82d61ec4f6
2026-02-11T15:38:06.316344Z,Rule Firing,.~.dropbox.external.writable,"Score: 30, Severity: low, Rules: 1",bd8315de49776742
2026-02-11T15:38:06.316698Z,Rule Firing,bybit wallet.txt,"Score: 95, Severity: critical, Rules: 1",30b5defc8e49b49e
2026-02-11T15:38:06.316927Z,Rule Firing,.~.dropbox.external.writable,"Score: 30, Severity: low, Rules: 1",576d1ca148e0f491
2026-02-11T15:38:06.317245Z,Rule Firing,.~.dropbox.external.writable,"Score: 30, Severity: low, Rules: 1",ad78c3a2970d240a
2026-02-11T15:38:06.317392Z,Rule Firing,RamCapturer.zip,"Score: 95, Severity: critical, Rules: 1",85c8eec9ab75b178
2026-02-11T15:38:06.317505Z,Rule Firing,videoplayback.mp4,"Score: 95, Severity: critical, Rules: 1",ccb9d9c7facbe2d2
2026-02-11T15:38:06.317752Z,Rule Firing,videoplayback (1).mp4,"Score: 95, Severity: critical, Rules: 1",f392d86935ad10a2
2026-02-11T15:38:06.324243Z,Rule Firing,فالكونز في العلا بـ1000 ريال وبـ 100 الف ريال لمدة 24 ساعة 🔥⛰️.mp4,"Score: 95, Severity: critical, Rules: 1",124c7238e6e74b67
2026-02-11T15:38:06.324749Z,Rule Firing,_up.mp4,"Score: 95, Severity: critical, Rules: 1",44cbaf1df2a4f924
2026-02-11T15:38:06.339991Z,Rule Firing,_1.mp4,"Score: 95, Severity: critical, Rules: 1",32790e7df938b01c
2026-02-11T15:38:06.340208Z,Rule Firing,acquirelog.txt,"Score: 95, Severity: critical, Rules: 1",e37940b1e0a5795a
2026-02-11T15:38:06.340476Z,Rule Firing,_mage.png,"Score: 95, Severity: critical, Rules: 1",85d7b8a6789eb6d0
2026-02-11T15:38:06.340735Z,Rule Firing,monkey-d-luffy-one-piece-minimal-art-5k-8k-7680x4320-8211.png,"Score: 95, Severity: critical, Rules: 1",c050c21d35a9d793
2026-02-11T15:38:06.340880Z,Rule Firing,hacker-binary-5184x3456-13679.jpg,"Score: 95, Severity: critical, Rules: 1",d14e4e612e646f9b
2026-02-11T15:38:06.341017Z,Rule Firing,mr-robot-hacker-10000x5625-15768.png,"Score: 95, Severity: critical, Rules: 1",ac7266448f04fb8f
2026-02-11T15:38:06.341144Z,Rule Firing,gamer-gaming-room-5120x2880-17525.jpg,"Score: 95, Severity: critical, Rules: 1",fd24e8ef39f464c6
2026-02-11T15:38:06.341270Z,Rule Firing,lost-in-space-404-5120x2880-18155.png,"Score: 95, Severity: critical, Rules: 1",31b9843c04285839
2026-02-11T15:38:06.341694Z,Rule Firing,_1.jpg,"Score: 95, Severity: critical, Rules: 1",4689dee5391db9d2
2026-02-11T15:38:06.351393Z,Rule Firing,_11.png,"Score: 95, Severity: critical, Rules: 1",cafadc1f312a2fef
2026-02-11T15:38:06.366999Z,Rule Firing,_.png,"Score: 95, Severity: critical, Rules: 1",e383da1ee79ea656
2026-02-11T15:38:06.367306Z,Rule Firing,_.jpg,"Score: 95, Severity: critical, Rules: 1",e682daeb1a95ecdf
2026-02-11T15:38:06.367480Z,Rule Firing,_22.png,"Score: 95, Severity: critical, Rules: 1",bf942a8222474a1f
2026-02-11T15:38:06.367704Z,Rule Firing,_2.png,"Score: 95, Severity: critical, Rules: 1",72bee0a5e646c489
2026-02-11T15:38:06.368841Z,Rule Firing,_3.jpg,"Score: 95, Severity: critical, Rules: 1",932aed755c4dca51
2026-02-11T15:38:06.369443Z,Rule Firing,_.png,"Score: 95, Severity: critical, Rules: 1",7a137f365b2fba65
2026-02-11T15:38:06.370025Z,Rule Firing,_33.png,"Score: 95, Severity: critical, Rules: 1",5e83fd5328c4dd69
2026-02-11T15:38:06.370404Z,Rule Firing,_44.png,"Score: 95, Severity: critical, Rules: 1",705c678dee668a7f
2026-02-11T15:38:06.370808Z,Rule Firing,_4.jpg,"Score: 95, Severity: critical, Rules: 1",0fa5fd3aae10f739
2026-02-11T15:38:06.370981Z,Rule Firing,_.png,"Score: 95, Severity: critical, Rules: 1",bd4fea98c06f3e19
2026-02-11T15:38:06.387206Z,Rule Firing,_.png,"Score: 95, Severity: critical, Rules: 1",f51b88d7a8e60da8
2026-02-11T15:38:06.387529Z,Rule Firing,_04.png,"Score: 95, Severity: critical, Rules: 1",e5b186f6ac091a65
2026-02-11T15:38:06.387849Z,Rule Firing,_.png,"Score: 95, Severity: critical, Rules: 1",82c269f070a73799
2026-02-11T15:38:06.400461Z,Rule Firing,acquirelog.txt,"Score: 95, Severity: critical, Rules: 1",b28d737322375059
2026-02-11T15:38:06.400872Z,Rule Firing,شكوى مصرف الراجحي .pdf,"Score: 95, Severity: critical, Rules: 1",65f050dd87f6e348
2026-02-11T15:38:06.401177Z,Rule Firing,Template.pdf,"Score: 95, Severity: critical, Rules: 1",dbd38ad222600daf
2026-02-11T15:38:06.401341Z,Rule Firing,Rick and Morty.jpg,"Score: 95, Severity: critical, Rules: 1",8b11b0668b17196b
2026-02-11T15:38:06.401507Z,Rule Firing,_AWAF.jpg,"Score: 95, Severity: critical, Rules: 1",11d4996e165f3e0d
2026-02-11T15:38:06.401743Z,Rule Firing,_HOTO.jpg,"Score: 95, Severity: critical, Rules: 1",7d9fba7d77757a73
2026-02-11T15:38:06.401976Z,Rule Firing,_e.jpg,"Score: 95, Severity: critical, Rules: 1",b354dc68c3aedb36
2026-02-11T15:38:06.416350Z,Rule Firing,_allets.txt,"Score: 95, Severity: critical, Rules: 1",24a9fc585c36cec2
2026-02-11T15:38:06.416875Z,Rule Firing,New Text Document.txt,"Score: 30, Severity: low, Rules: 1",9c311208addca24f
2026-02-11T15:38:06.417004Z,Rule Firing,New Text Document.txt,"Score: 30, Severity: low, Rules: 1",03fbb7b46882d793
2026-02-11T15:38:06.417119Z,Rule Firing,_1.mp4,"Score: 95, Severity: critical, Rules: 1",1c25956f38de1232
2026-02-11T15:38:06.419056Z,Rule Firing,MediaCreationTool_22H2 (1).exe,"Score: 95, Severity: critical, Rules: 1",e093e688aeddbb7e
2026-02-11T15:38:06.419208Z,Rule Firing,Windows11InstallationAssistant.exe,"Score: 95, Severity: critical, Rules: 1",24960095890a5dd3
2026-02-11T15:38:06.419300Z,Rule Firing,lol.avif,"Score: 95, Severity: critical, Rules: 1",b101274c86bedb28
2026-02-11T15:38:06.419430Z,Rule Firing,$OrphanFiles,"Score: 30, Severity: low, Rules: 1",cbec278e81c27f9c
2025-12-30T15:27:05.557111Z,AI Interaction,نص 8.txt,"Model: mistral, Purpose: explain_risk, Duration: 89909ms",61acaa76f31b47a9
2026-01-04T17:50:36.062811Z,AI Interaction,Brute-Force,"Model: llama-3.3-70b-versatile, Purpose: explain_risk, Duration: 814ms",402ca32d1c49bd31
2026-01-07T05:46:00.069651Z,AI Interaction,SanDiskSecureAccessV2_win.exe,"Model: llama-3.3-70b-versatile, Purpose: explain_risk, Duration: 965ms",5cddcacad96daf50
2026-01-07T05:47:28.866746Z,AI Interaction,This is NOT a virus (README).txt,"Model: llama-3.3-70b-versatile, Purpose: explain_risk, Duration: 1620ms",2d386564cb29557c
2026-01-13T16:15:51.309335Z,AI Interaction,This is NOT a virus (README).txt,"Model: llama-3.3-70b-versatile, Purpose: explain_risk, Duration: 2529ms",b5cceb14f02a9ee6
2026-01-20T11:32:56.280603Z,AI Interaction,This is NOT a virus (README).txt,"Model: llama-3.3-70b-versatile, Purpose: explain_risk, Duration: 2242ms",344533922ffe5a3c
